2026-08-23T04:15:59.810-04:00  INFO 22284 --- [analysis-service] [main] c.t.a.AnalysisServiceApplication         : Starting AnalysisServiceApplication using Java 17.0.12 with PID 22284 (C:\Development\TradingApp\analysis-service\target\classes started by mrcsh in C:\Development\TradingApp\analysis-service)
2026-08-23T04:15:59.814-04:00  INFO 22284 --- [analysis-service] [main] c.t.a.AnalysisServiceApplication         : No active profile set, falling back to 1 default profile: "default"
2026-08-23T04:15:59.841-04:00  WARN 22284 --- [analysis-service] [main] LeaseEventPublisher$LoggingErrorListener : [RequestedSecret [path='secret/analysis-service', mode=ROTATE]] Lease [leaseId='null', leaseDuration=PT0S, renewable=false] Cannot determine MountInfo for path 'secret/analysis-service' using 'sys/internal/ui/mounts'

org.springframework.vault.VaultException: Cannot determine MountInfo for path 'secret/analysis-service' using 'sys/internal/ui/mounts'
	at org.springframework.vault.core.util.KeyValueDelegate.getMountInfo(KeyValueDelegate.java:136) ~[spring-vault-core-4.0.3.jar:4.0.3]
	at org.springframework.vault.core.util.KeyValueDelegate.isVersioned(KeyValueDelegate.java:74) ~[spring-vault-core-4.0.3.jar:4.0.3]
	at org.springframework.vault.core.lease.SecretLeaseContainer.doGetSecrets(SecretLeaseContainer.java:664) ~[spring-vault-core-4.0.3.jar:4.0.3]
	at org.springframework.vault.core.lease.SecretLeaseContainer.doStart(SecretLeaseContainer.java:404) ~[spring-vault-core-4.0.3.jar:4.0.3]
	at org.springframework.vault.core.lease.SecretLeaseContainer.start(SecretLeaseContainer.java:394) ~[spring-vault-core-4.0.3.jar:4.0.3]
	at org.springframework.vault.core.lease.SecretLeaseContainer.addRequestedSecret(SecretLeaseContainer.java:362) ~[spring-vault-core-4.0.3.jar:4.0.3]
	at org.springframework.vault.core.env.LeaseAwareVaultPropertySource.loadProperties(LeaseAwareVaultPropertySource.java:179) ~[spring-vault-core-4.0.3.jar:4.0.3]
	at org.springframework.vault.core.env.LeaseAwareVaultPropertySource.<init>(LeaseAwareVaultPropertySource.java:164) ~[spring-vault-core-4.0.3.jar:4.0.3]
	at org.springframework.vault.core.env.LeaseAwareVaultPropertySource.<init>(LeaseAwareVaultPropertySource.java:120) ~[spring-vault-core-4.0.3.jar:4.0.3]
	at org.springframework.cloud.vault.config.VaultConfigDataLoader.createLeasingPropertySource(VaultConfigDataLoader.java:293) ~[spring-cloud-vault-config-5.0.2.jar:5.0.2]
	at org.springframework.cloud.vault.config.VaultConfigDataLoader.lambda$loadConfigData$1(VaultConfigDataLoader.java:166) ~[spring-cloud-vault-config-5.0.2.jar:5.0.2]
	at org.springframework.cloud.vault.config.VaultConfigDataLoader.createConfigData(VaultConfigDataLoader.java:235) ~[spring-cloud-vault-config-5.0.2.jar:5.0.2]
	at org.springframework.cloud.vault.config.VaultConfigDataLoader.loadConfigData(VaultConfigDataLoader.java:166) ~[spring-cloud-vault-config-5.0.2.jar:5.0.2]
	at org.springframework.cloud.vault.config.VaultConfigDataLoader.load(VaultConfigDataLoader.java:143) ~[spring-cloud-vault-config-5.0.2.jar:5.0.2]
	at org.springframework.cloud.vault.config.VaultConfigDataLoader.load(VaultConfigDataLoader.java:96) ~[spring-cloud-vault-config-5.0.2.jar:5.0.2]
	at org.springframework.boot.context.config.ConfigDataLoaders.load(ConfigDataLoaders.java:100) ~[spring-boot-4.1.1.jar:4.1.1]
	at org.springframework.boot.context.config.ConfigDataImporter.load(ConfigDataImporter.java:133) ~[spring-boot-4.1.1.jar:4.1.1]
	at org.springframework.boot.context.config.ConfigDataImporter.resolveAndLoad(ConfigDataImporter.java:88) ~[spring-boot-4.1.1.jar:4.1.1]
	at org.springframework.boot.context.config.ConfigDataEnvironmentContributors.withProcessedImports(ConfigDataEnvironmentContributors.java:130) ~[spring-boot-4.1.1.jar:4.1.1]
	at org.springframework.boot.context.config.ConfigDataEnvironment.processWithProfiles(ConfigDataEnvironment.java:326) ~[spring-boot-4.1.1.jar:4.1.1]
	at org.springframework.boot.context.config.ConfigDataEnvironment.processAndApply(ConfigDataEnvironment.java:245) ~[spring-boot-4.1.1.jar:4.1.1]
	at org.springframework.boot.context.config.ConfigDataEnvironmentPostProcessor.postProcessEnvironment(ConfigDataEnvironmentPostProcessor.java:97) ~[spring-boot-4.1.1.jar:4.1.1]
	at org.springframework.boot.context.config.ConfigDataEnvironmentPostProcessor.postProcessEnvironment(ConfigDataEnvironmentPostProcessor.java:90) ~[spring-boot-4.1.1.jar:4.1.1]
	at org.springframework.boot.support.EnvironmentPostProcessorApplicationListener.onApplicationEnvironmentPreparedEvent(EnvironmentPostProcessorApplicationListener.java:137) ~[spring-boot-4.1.1.jar:4.1.1]
	at org.springframework.boot.support.EnvironmentPostProcessorApplicationListener.onApplicationEvent(EnvironmentPostProcessorApplicationListener.java:120) ~[spring-boot-4.1.1.jar:4.1.1]
	at org.springframework.context.event.SimpleApplicationEventMulticaster.doInvokeListener(SimpleApplicationEventMulticaster.java:180) ~[spring-context-7.0.9.jar:7.0.9]
	at org.springframework.context.event.SimpleApplicationEventMulticaster.invokeListener(SimpleApplicationEventMulticaster.java:173) ~[spring-context-7.0.9.jar:7.0.9]
	at org.springframework.context.event.SimpleApplicationEventMulticaster.multicastEvent(SimpleApplicationEventMulticaster.java:151) ~[spring-context-7.0.9.jar:7.0.9]
	at org.springframework.context.event.SimpleApplicationEventMulticaster.multicastEvent(SimpleApplicationEventMulticaster.java:133) ~[spring-context-7.0.9.jar:7.0.9]
	at org.springframework.boot.context.event.EventPublishingRunListener.multicastInitialEvent(EventPublishingRunListener.java:137) ~[spring-boot-4.1.1.jar:4.1.1]
	at org.springframework.boot.context.event.EventPublishingRunListener.environmentPrepared(EventPublishingRunListener.java:82) ~[spring-boot-4.1.1.jar:4.1.1]
	at org.springframework.boot.SpringApplicationRunListeners.lambda$environmentPrepared$0(SpringApplicationRunListeners.java:66) ~[spring-boot-4.1.1.jar:4.1.1]
	at java.base/java.lang.Iterable.forEach(Iterable.java:75) ~[na:na]
	at org.springframework.boot.SpringApplicationRunListeners.doWithListeners(SpringApplicationRunListeners.java:123) ~[spring-boot-4.1.1.jar:4.1.1]
	at org.springframework.boot.SpringApplicationRunListeners.doWithListeners(SpringApplicationRunListeners.java:117) ~[spring-boot-4.1.1.jar:4.1.1]
	at org.springframework.boot.SpringApplicationRunListeners.environmentPrepared(SpringApplicationRunListeners.java:65) ~[spring-boot-4.1.1.jar:4.1.1]
	at org.springframework.boot.SpringApplication.prepareEnvironment(SpringApplication.java:356) ~[spring-boot-4.1.1.jar:4.1.1]
	at org.springframework.boot.SpringApplication.run(SpringApplication.java:316) ~[spring-boot-4.1.1.jar:4.1.1]
	at org.springframework.boot.SpringApplication.run(SpringApplication.java:1365) ~[spring-boot-4.1.1.jar:4.1.1]
	at org.springframework.boot.SpringApplication.run(SpringApplication.java:1354) ~[spring-boot-4.1.1.jar:4.1.1]
	at com.trading.analysis_service.AnalysisServiceApplication.main(AnalysisServiceApplication.java:10) ~[classes/:na]
Caused by: org.springframework.web.client.ResourceAccessException: I/O error on GET request for "http://127.0.0.1:8200/v1/sys/internal/ui/mounts/secret/analysis-service": Connect to http://127.0.0.1:8200 failed: Connection refused: getsockopt
	at org.springframework.web.client.DefaultRestClient$DefaultRequestBodyUriSpec.createResourceAccessException(DefaultRestClient.java:779) ~[spring-web-7.0.9.jar:7.0.9]
	at org.springframework.web.client.DefaultRestClient$DefaultRequestBodyUriSpec.exchangeInternal(DefaultRestClient.java:624) ~[spring-web-7.0.9.jar:7.0.9]
	at org.springframework.web.client.DefaultRestClient$DefaultRequestBodyUriSpec.exchange(DefaultRestClient.java:572) ~[spring-web-7.0.9.jar:7.0.9]
	at org.springframework.web.client.RestClient$RequestHeadersSpec.exchange(RestClient.java:747) ~[spring-web-7.0.9.jar:7.0.9]
	at org.springframework.web.client.DefaultRestClient$DefaultResponseSpec.executeAndExtract(DefaultRestClient.java:924) ~[spring-web-7.0.9.jar:7.0.9]
	at org.springframework.web.client.DefaultRestClient$DefaultResponseSpec.toEntityInternal(DefaultRestClient.java:870) ~[spring-web-7.0.9.jar:7.0.9]
	at org.springframework.web.client.DefaultRestClient$DefaultResponseSpec.toEntity(DefaultRestClient.java:859) ~[spring-web-7.0.9.jar:7.0.9]
	at org.springframework.vault.core.VaultTemplate.lambda$doRead$0(VaultTemplate.java:577) ~[spring-vault-core-4.0.3.jar:4.0.3]
	at org.springframework.vault.core.VaultTemplate.doWithSessionClient(VaultTemplate.java:567) ~[spring-vault-core-4.0.3.jar:4.0.3]
	at org.springframework.vault.core.VaultTemplate.doRead(VaultTemplate.java:575) ~[spring-vault-core-4.0.3.jar:4.0.3]
	at org.springframework.vault.core.VaultTemplate.read(VaultTemplate.java:471) ~[spring-vault-core-4.0.3.jar:4.0.3]
	at org.springframework.vault.core.util.KeyValueDelegate.doGetMountInfo(KeyValueDelegate.java:112) ~[spring-vault-core-4.0.3.jar:4.0.3]
	at org.springframework.vault.core.util.KeyValueDelegate.getMountInfo(KeyValueDelegate.java:124) ~[spring-vault-core-4.0.3.jar:4.0.3]
	... 40 common frames omitted
Caused by: org.apache.hc.client5.http.HttpHostConnectException: Connect to http://127.0.0.1:8200 failed: Connection refused: getsockopt
	at java.base/sun.nio.ch.Net.pollConnect(Native Method) ~[na:na]
	at java.base/sun.nio.ch.Net.pollConnectNow(Net.java:672) ~[na:na]
	at java.base/sun.nio.ch.NioSocketImpl.timedFinishConnect(NioSocketImpl.java:547) ~[na:na]
	at java.base/sun.nio.ch.NioSocketImpl.connect(NioSocketImpl.java:602) ~[na:na]
	at java.base/java.net.SocksSocketImpl.connect(SocksSocketImpl.java:327) ~[na:na]
	at java.base/java.net.Socket.connect(Socket.java:633) ~[na:na]
	at org.apache.hc.client5.http.impl.io.DefaultHttpClientConnectionOperator.connect(DefaultHttpClientConnectionOperator.java:219) ~[httpclient5-5.6.4.jar:5.6.4]
	at org.apache.hc.client5.http.impl.io.PoolingHttpClientConnectionManager.connect(PoolingHttpClientConnectionManager.java:547) ~[httpclient5-5.6.4.jar:5.6.4]
	at org.apache.hc.client5.http.impl.classic.InternalExecRuntime.connectEndpoint(InternalExecRuntime.java:164) ~[httpclient5-5.6.4.jar:5.6.4]
	at org.apache.hc.client5.http.impl.classic.InternalExecRuntime.connectEndpoint(InternalExecRuntime.java:174) ~[httpclient5-5.6.4.jar:5.6.4]
	at org.apache.hc.client5.http.impl.classic.ConnectExec.execute(ConnectExec.java:144) ~[httpclient5-5.6.4.jar:5.6.4]
	at org.apache.hc.client5.http.impl.classic.ExecChainElement.execute(ExecChainElement.java:51) ~[httpclient5-5.6.4.jar:5.6.4]
	at org.apache.hc.client5.http.impl.classic.ProtocolExec.execute(ProtocolExec.java:192) ~[httpclient5-5.6.4.jar:5.6.4]
	at org.apache.hc.client5.http.impl.classic.ExecChainElement.execute(ExecChainElement.java:51) ~[httpclient5-5.6.4.jar:5.6.4]
	at org.apache.hc.client5.http.impl.classic.ContentCompressionExec.execute(ContentCompressionExec.java:138) ~[httpclient5-5.6.4.jar:5.6.4]
	at org.apache.hc.client5.http.impl.classic.ExecChainElement.execute(ExecChainElement.java:51) ~[httpclient5-5.6.4.jar:5.6.4]
	at org.apache.hc.client5.http.impl.classic.HttpRequestRetryExec.execute(HttpRequestRetryExec.java:112) ~[httpclient5-5.6.4.jar:5.6.4]
	at org.apache.hc.client5.http.impl.classic.ExecChainElement.execute(ExecChainElement.java:51) ~[httpclient5-5.6.4.jar:5.6.4]
	at org.apache.hc.client5.http.impl.classic.RedirectExec.execute(RedirectExec.java:110) ~[httpclient5-5.6.4.jar:5.6.4]
	at org.apache.hc.client5.http.impl.classic.ExecChainElement.execute(ExecChainElement.java:51) ~[httpclient5-5.6.4.jar:5.6.4]
	at org.apache.hc.client5.http.impl.classic.InternalHttpClient.doExecute(InternalHttpClient.java:186) ~[httpclient5-5.6.4.jar:5.6.4]
	at org.apache.hc.client5.http.impl.classic.CloseableHttpClient.execute(CloseableHttpClient.java:87) ~[httpclient5-5.6.4.jar:5.6.4]
	at org.apache.hc.client5.http.impl.classic.CloseableHttpClient.execute(CloseableHttpClient.java:55) ~[httpclient5-5.6.4.jar:5.6.4]
	at org.apache.hc.client5.http.classic.HttpClient.executeOpen(HttpClient.java:183) ~[httpclient5-5.6.4.jar:5.6.4]
	at org.springframework.http.client.HttpComponentsClientHttpRequest.executeInternal(HttpComponentsClientHttpRequest.java:99) ~[spring-web-7.0.9.jar:7.0.9]
	at org.springframework.http.client.AbstractStreamingClientHttpRequest.executeInternal(AbstractStreamingClientHttpRequest.java:87) ~[spring-web-7.0.9.jar:7.0.9]
	at org.springframework.http.client.AbstractClientHttpRequest.execute(AbstractClientHttpRequest.java:80) ~[spring-web-7.0.9.jar:7.0.9]
	at org.springframework.http.client.AbstractBufferingClientHttpRequest.executeWithRequestAndBody(AbstractBufferingClientHttpRequest.java:89) ~[spring-web-7.0.9.jar:7.0.9]
	at org.springframework.http.client.InterceptingClientHttpRequest$EndOfChainRequestExecution.execute(InterceptingClientHttpRequest.java:102) ~[spring-web-7.0.9.jar:7.0.9]
	at org.springframework.vault.core.VaultTemplate.lambda$getSessionInterceptor$0(VaultTemplate.java:381) ~[spring-vault-core-4.0.3.jar:4.0.3]
	at org.springframework.http.client.ClientHttpRequestInterceptor.lambda$andThen$1(ClientHttpRequestInterceptor.java:75) ~[spring-web-7.0.9.jar:7.0.9]
	at org.springframework.vault.client.RestTemplateBuilder.lambda$createTemplate$0(RestTemplateBuilder.java:241) ~[spring-vault-core-4.0.3.jar:4.0.3]
	at org.springframework.http.client.ClientHttpRequestInterceptor.lambda$andThen$1(ClientHttpRequestInterceptor.java:75) ~[spring-web-7.0.9.jar:7.0.9]
	at org.springframework.vault.client.VaultClients.lambda$createRestTemplate$0(VaultClients.java:145) ~[spring-vault-core-4.0.3.jar:4.0.3]
	at org.springframework.http.client.ClientHttpRequestInterceptor.lambda$andThen$0(ClientHttpRequestInterceptor.java:76) ~[spring-web-7.0.9.jar:7.0.9]
	at org.springframework.http.client.ClientHttpRequestInterceptor.lambda$andThen$0(ClientHttpRequestInterceptor.java:76) ~[spring-web-7.0.9.jar:7.0.9]
	at org.springframework.http.client.ClientHttpRequestInterceptor.lambda$apply$0(ClientHttpRequestInterceptor.java:89) ~[spring-web-7.0.9.jar:7.0.9]
	at org.springframework.http.client.InterceptingClientHttpRequest.executeInternal(InterceptingClientHttpRequest.java:73) ~[spring-web-7.0.9.jar:7.0.9]
	at org.springframework.http.client.AbstractBufferingClientHttpRequest.executeInternal(AbstractBufferingClientHttpRequest.java:50) ~[spring-web-7.0.9.jar:7.0.9]
	at org.springframework.http.client.AbstractClientHttpRequest.execute(AbstractClientHttpRequest.java:80) ~[spring-web-7.0.9.jar:7.0.9]
	at org.springframework.web.client.DefaultRestClient$DefaultRequestBodyUriSpec.exchangeInternal(DefaultRestClient.java:614) ~[spring-web-7.0.9.jar:7.0.9]
	... 51 common frames omitted

2026-08-23T04:15:59.845-04:00  INFO 22284 --- [analysis-service] [main] o.s.v.c.e.LeaseAwareVaultPropertySource  : Vault location [secret/analysis-service] not resolvable: Cannot determine MountInfo for path 'secret/analysis-service' using 'sys/internal/ui/mounts'
2026-08-23T04:15:59.845-04:00  WARN 22284 --- [analysis-service] [main] LeaseEventPublisher$LoggingErrorListener : [RequestedSecret [path='secret/application', mode=ROTATE]] Lease [leaseId='null', leaseDuration=PT0S, renewable=false] Cannot determine MountInfo for path 'secret/application' using 'sys/internal/ui/mounts'

org.springframework.vault.VaultException: Cannot determine MountInfo for path 'secret/application' using 'sys/internal/ui/mounts'
	at org.springframework.vault.core.util.KeyValueDelegate.getMountInfo(KeyValueDelegate.java:136) ~[spring-vault-core-4.0.3.jar:4.0.3]
	at org.springframework.vault.core.util.KeyValueDelegate.isVersioned(KeyValueDelegate.java:74) ~[spring-vault-core-4.0.3.jar:4.0.3]
	at org.springframework.vault.core.lease.SecretLeaseContainer.doGetSecrets(SecretLeaseContainer.java:664) ~[spring-vault-core-4.0.3.jar:4.0.3]
	at org.springframework.vault.core.lease.SecretLeaseContainer.doStart(SecretLeaseContainer.java:404) ~[spring-vault-core-4.0.3.jar:4.0.3]
	at org.springframework.vault.core.lease.SecretLeaseContainer.start(SecretLeaseContainer.java:394) ~[spring-vault-core-4.0.3.jar:4.0.3]
	at org.springframework.vault.core.lease.SecretLeaseContainer.addRequestedSecret(SecretLeaseContainer.java:362) ~[spring-vault-core-4.0.3.jar:4.0.3]
	at org.springframework.vault.core.env.LeaseAwareVaultPropertySource.loadProperties(LeaseAwareVaultPropertySource.java:179) ~[spring-vault-core-4.0.3.jar:4.0.3]
	at org.springframework.vault.core.env.LeaseAwareVaultPropertySource.<init>(LeaseAwareVaultPropertySource.java:164) ~[spring-vault-core-4.0.3.jar:4.0.3]
	at org.springframework.vault.core.env.LeaseAwareVaultPropertySource.<init>(LeaseAwareVaultPropertySource.java:120) ~[spring-vault-core-4.0.3.jar:4.0.3]
	at org.springframework.cloud.vault.config.VaultConfigDataLoader.createLeasingPropertySource(VaultConfigDataLoader.java:293) ~[spring-cloud-vault-config-5.0.2.jar:5.0.2]
	at org.springframework.cloud.vault.config.VaultConfigDataLoader.lambda$loadConfigData$1(VaultConfigDataLoader.java:166) ~[spring-cloud-vault-config-5.0.2.jar:5.0.2]
	at org.springframework.cloud.vault.config.VaultConfigDataLoader.createConfigData(VaultConfigDataLoader.java:235) ~[spring-cloud-vault-config-5.0.2.jar:5.0.2]
	at org.springframework.cloud.vault.config.VaultConfigDataLoader.loadConfigData(VaultConfigDataLoader.java:166) ~[spring-cloud-vault-config-5.0.2.jar:5.0.2]
	at org.springframework.cloud.vault.config.VaultConfigDataLoader.load(VaultConfigDataLoader.java:143) ~[spring-cloud-vault-config-5.0.2.jar:5.0.2]
	at org.springframework.cloud.vault.config.VaultConfigDataLoader.load(VaultConfigDataLoader.java:96) ~[spring-cloud-vault-config-5.0.2.jar:5.0.2]
	at org.springframework.boot.context.config.ConfigDataLoaders.load(ConfigDataLoaders.java:100) ~[spring-boot-4.1.1.jar:4.1.1]
	at org.springframework.boot.context.config.ConfigDataImporter.load(ConfigDataImporter.java:133) ~[spring-boot-4.1.1.jar:4.1.1]
	at org.springframework.boot.context.config.ConfigDataImporter.resolveAndLoad(ConfigDataImporter.java:88) ~[spring-boot-4.1.1.jar:4.1.1]
	at org.springframework.boot.context.config.ConfigDataEnvironmentContributors.withProcessedImports(ConfigDataEnvironmentContributors.java:130) ~[spring-boot-4.1.1.jar:4.1.1]
	at org.springframework.boot.context.config.ConfigDataEnvironment.processWithProfiles(ConfigDataEnvironment.java:326) ~[spring-boot-4.1.1.jar:4.1.1]
	at org.springframework.boot.context.config.ConfigDataEnvironment.processAndApply(ConfigDataEnvironment.java:245) ~[spring-boot-4.1.1.jar:4.1.1]
	at org.springframework.boot.context.config.ConfigDataEnvironmentPostProcessor.postProcessEnvironment(ConfigDataEnvironmentPostProcessor.java:97) ~[spring-boot-4.1.1.jar:4.1.1]
	at org.springframework.boot.context.config.ConfigDataEnvironmentPostProcessor.postProcessEnvironment(ConfigDataEnvironmentPostProcessor.java:90) ~[spring-boot-4.1.1.jar:4.1.1]
	at org.springframework.boot.support.EnvironmentPostProcessorApplicationListener.onApplicationEnvironmentPreparedEvent(EnvironmentPostProcessorApplicationListener.java:137) ~[spring-boot-4.1.1.jar:4.1.1]
	at org.springframework.boot.support.EnvironmentPostProcessorApplicationListener.onApplicationEvent(EnvironmentPostProcessorApplicationListener.java:120) ~[spring-boot-4.1.1.jar:4.1.1]
	at org.springframework.context.event.SimpleApplicationEventMulticaster.doInvokeListener(SimpleApplicationEventMulticaster.java:180) ~[spring-context-7.0.9.jar:7.0.9]
	at org.springframework.context.event.SimpleApplicationEventMulticaster.invokeListener(SimpleApplicationEventMulticaster.java:173) ~[spring-context-7.0.9.jar:7.0.9]
	at org.springframework.context.event.SimpleApplicationEventMulticaster.multicastEvent(SimpleApplicationEventMulticaster.java:151) ~[spring-context-7.0.9.jar:7.0.9]
	at org.springframework.context.event.SimpleApplicationEventMulticaster.multicastEvent(SimpleApplicationEventMulticaster.java:133) ~[spring-context-7.0.9.jar:7.0.9]
	at org.springframework.boot.context.event.EventPublishingRunListener.multicastInitialEvent(EventPublishingRunListener.java:137) ~[spring-boot-4.1.1.jar:4.1.1]
	at org.springframework.boot.context.event.EventPublishingRunListener.environmentPrepared(EventPublishingRunListener.java:82) ~[spring-boot-4.1.1.jar:4.1.1]
	at org.springframework.boot.SpringApplicationRunListeners.lambda$environmentPrepared$0(SpringApplicationRunListeners.java:66) ~[spring-boot-4.1.1.jar:4.1.1]
	at java.base/java.lang.Iterable.forEach(Iterable.java:75) ~[na:na]
	at org.springframework.boot.SpringApplicationRunListeners.doWithListeners(SpringApplicationRunListeners.java:123) ~[spring-boot-4.1.1.jar:4.1.1]
	at org.springframework.boot.SpringApplicationRunListeners.doWithListeners(SpringApplicationRunListeners.java:117) ~[spring-boot-4.1.1.jar:4.1.1]
	at org.springframework.boot.SpringApplicationRunListeners.environmentPrepared(SpringApplicationRunListeners.java:65) ~[spring-boot-4.1.1.jar:4.1.1]
	at org.springframework.boot.SpringApplication.prepareEnvironment(SpringApplication.java:356) ~[spring-boot-4.1.1.jar:4.1.1]
	at org.springframework.boot.SpringApplication.run(SpringApplication.java:316) ~[spring-boot-4.1.1.jar:4.1.1]
	at org.springframework.boot.SpringApplication.run(SpringApplication.java:1365) ~[spring-boot-4.1.1.jar:4.1.1]
	at org.springframework.boot.SpringApplication.run(SpringApplication.java:1354) ~[spring-boot-4.1.1.jar:4.1.1]
	at com.trading.analysis_service.AnalysisServiceApplication.main(AnalysisServiceApplication.java:10) ~[classes/:na]
Caused by: org.springframework.web.client.ResourceAccessException: I/O error on GET request for "http://127.0.0.1:8200/v1/sys/internal/ui/mounts/secret/application": Connect to http://127.0.0.1:8200 failed: Connection refused: getsockopt
	at org.springframework.web.client.DefaultRestClient$DefaultRequestBodyUriSpec.createResourceAccessException(DefaultRestClient.java:779) ~[spring-web-7.0.9.jar:7.0.9]
	at org.springframework.web.client.DefaultRestClient$DefaultRequestBodyUriSpec.exchangeInternal(DefaultRestClient.java:624) ~[spring-web-7.0.9.jar:7.0.9]
	at org.springframework.web.client.DefaultRestClient$DefaultRequestBodyUriSpec.exchange(DefaultRestClient.java:572) ~[spring-web-7.0.9.jar:7.0.9]
	at org.springframework.web.client.RestClient$RequestHeadersSpec.exchange(RestClient.java:747) ~[spring-web-7.0.9.jar:7.0.9]
	at org.springframework.web.client.DefaultRestClient$DefaultResponseSpec.executeAndExtract(DefaultRestClient.java:924) ~[spring-web-7.0.9.jar:7.0.9]
	at org.springframework.web.client.DefaultRestClient$DefaultResponseSpec.toEntityInternal(DefaultRestClient.java:870) ~[spring-web-7.0.9.jar:7.0.9]
	at org.springframework.web.client.DefaultRestClient$DefaultResponseSpec.toEntity(DefaultRestClient.java:859) ~[spring-web-7.0.9.jar:7.0.9]
	at org.springframework.vault.core.VaultTemplate.lambda$doRead$0(VaultTemplate.java:577) ~[spring-vault-core-4.0.3.jar:4.0.3]
	at org.springframework.vault.core.VaultTemplate.doWithSessionClient(VaultTemplate.java:567) ~[spring-vault-core-4.0.3.jar:4.0.3]
	at org.springframework.vault.core.VaultTemplate.doRead(VaultTemplate.java:575) ~[spring-vault-core-4.0.3.jar:4.0.3]
	at org.springframework.vault.core.VaultTemplate.read(VaultTemplate.java:471) ~[spring-vault-core-4.0.3.jar:4.0.3]
	at org.springframework.vault.core.util.KeyValueDelegate.doGetMountInfo(KeyValueDelegate.java:112) ~[spring-vault-core-4.0.3.jar:4.0.3]
	at org.springframework.vault.core.util.KeyValueDelegate.getMountInfo(KeyValueDelegate.java:124) ~[spring-vault-core-4.0.3.jar:4.0.3]
	... 40 common frames omitted
Caused by: org.apache.hc.client5.http.HttpHostConnectException: Connect to http://127.0.0.1:8200 failed: Connection refused: getsockopt
	at java.base/sun.nio.ch.Net.pollConnect(Native Method) ~[na:na]
	at java.base/sun.nio.ch.Net.pollConnectNow(Net.java:672) ~[na:na]
	at java.base/sun.nio.ch.NioSocketImpl.timedFinishConnect(NioSocketImpl.java:547) ~[na:na]
	at java.base/sun.nio.ch.NioSocketImpl.connect(NioSocketImpl.java:602) ~[na:na]
	at java.base/java.net.SocksSocketImpl.connect(SocksSocketImpl.java:327) ~[na:na]
	at java.base/java.net.Socket.connect(Socket.java:633) ~[na:na]
	at org.apache.hc.client5.http.impl.io.DefaultHttpClientConnectionOperator.connect(DefaultHttpClientConnectionOperator.java:219) ~[httpclient5-5.6.4.jar:5.6.4]
	at org.apache.hc.client5.http.impl.io.PoolingHttpClientConnectionManager.connect(PoolingHttpClientConnectionManager.java:547) ~[httpclient5-5.6.4.jar:5.6.4]
	at org.apache.hc.client5.http.impl.classic.InternalExecRuntime.connectEndpoint(InternalExecRuntime.java:164) ~[httpclient5-5.6.4.jar:5.6.4]
	at org.apache.hc.client5.http.impl.classic.InternalExecRuntime.connectEndpoint(InternalExecRuntime.java:174) ~[httpclient5-5.6.4.jar:5.6.4]
	at org.apache.hc.client5.http.impl.classic.ConnectExec.execute(ConnectExec.java:144) ~[httpclient5-5.6.4.jar:5.6.4]
	at org.apache.hc.client5.http.impl.classic.ExecChainElement.execute(ExecChainElement.java:51) ~[httpclient5-5.6.4.jar:5.6.4]
	at org.apache.hc.client5.http.impl.classic.ProtocolExec.execute(ProtocolExec.java:192) ~[httpclient5-5.6.4.jar:5.6.4]
	at org.apache.hc.client5.http.impl.classic.ExecChainElement.execute(ExecChainElement.java:51) ~[httpclient5-5.6.4.jar:5.6.4]
	at org.apache.hc.client5.http.impl.classic.ContentCompressionExec.execute(ContentCompressionExec.java:138) ~[httpclient5-5.6.4.jar:5.6.4]
	at org.apache.hc.client5.http.impl.classic.ExecChainElement.execute(ExecChainElement.java:51) ~[httpclient5-5.6.4.jar:5.6.4]
	at org.apache.hc.client5.http.impl.classic.HttpRequestRetryExec.execute(HttpRequestRetryExec.java:112) ~[httpclient5-5.6.4.jar:5.6.4]
	at org.apache.hc.client5.http.impl.classic.ExecChainElement.execute(ExecChainElement.java:51) ~[httpclient5-5.6.4.jar:5.6.4]
	at org.apache.hc.client5.http.impl.classic.RedirectExec.execute(RedirectExec.java:110) ~[httpclient5-5.6.4.jar:5.6.4]
	at org.apache.hc.client5.http.impl.classic.ExecChainElement.execute(ExecChainElement.java:51) ~[httpclient5-5.6.4.jar:5.6.4]
	at org.apache.hc.client5.http.impl.classic.InternalHttpClient.doExecute(InternalHttpClient.java:186) ~[httpclient5-5.6.4.jar:5.6.4]
	at org.apache.hc.client5.http.impl.classic.CloseableHttpClient.execute(CloseableHttpClient.java:87) ~[httpclient5-5.6.4.jar:5.6.4]
	at org.apache.hc.client5.http.impl.classic.CloseableHttpClient.execute(CloseableHttpClient.java:55) ~[httpclient5-5.6.4.jar:5.6.4]
	at org.apache.hc.client5.http.classic.HttpClient.executeOpen(HttpClient.java:183) ~[httpclient5-5.6.4.jar:5.6.4]
	at org.springframework.http.client.HttpComponentsClientHttpRequest.executeInternal(HttpComponentsClientHttpRequest.java:99) ~[spring-web-7.0.9.jar:7.0.9]
	at org.springframework.http.client.AbstractStreamingClientHttpRequest.executeInternal(AbstractStreamingClientHttpRequest.java:87) ~[spring-web-7.0.9.jar:7.0.9]
	at org.springframework.http.client.AbstractClientHttpRequest.execute(AbstractClientHttpRequest.java:80) ~[spring-web-7.0.9.jar:7.0.9]
	at org.springframework.http.client.AbstractBufferingClientHttpRequest.executeWithRequestAndBody(AbstractBufferingClientHttpRequest.java:89) ~[spring-web-7.0.9.jar:7.0.9]
	at org.springframework.http.client.InterceptingClientHttpRequest$EndOfChainRequestExecution.execute(InterceptingClientHttpRequest.java:102) ~[spring-web-7.0.9.jar:7.0.9]
	at org.springframework.vault.core.VaultTemplate.lambda$getSessionInterceptor$0(VaultTemplate.java:381) ~[spring-vault-core-4.0.3.jar:4.0.3]
	at org.springframework.http.client.ClientHttpRequestInterceptor.lambda$andThen$1(ClientHttpRequestInterceptor.java:75) ~[spring-web-7.0.9.jar:7.0.9]
	at org.springframework.vault.client.RestTemplateBuilder.lambda$createTemplate$0(RestTemplateBuilder.java:241) ~[spring-vault-core-4.0.3.jar:4.0.3]
	at org.springframework.http.client.ClientHttpRequestInterceptor.lambda$andThen$1(ClientHttpRequestInterceptor.java:75) ~[spring-web-7.0.9.jar:7.0.9]
	at org.springframework.vault.client.VaultClients.lambda$createRestTemplate$0(VaultClients.java:145) ~[spring-vault-core-4.0.3.jar:4.0.3]
	at org.springframework.http.client.ClientHttpRequestInterceptor.lambda$andThen$0(ClientHttpRequestInterceptor.java:76) ~[spring-web-7.0.9.jar:7.0.9]
	at org.springframework.http.client.ClientHttpRequestInterceptor.lambda$andThen$0(ClientHttpRequestInterceptor.java:76) ~[spring-web-7.0.9.jar:7.0.9]
	at org.springframework.http.client.ClientHttpRequestInterceptor.lambda$apply$0(ClientHttpRequestInterceptor.java:89) ~[spring-web-7.0.9.jar:7.0.9]
	at org.springframework.http.client.InterceptingClientHttpRequest.executeInternal(InterceptingClientHttpRequest.java:73) ~[spring-web-7.0.9.jar:7.0.9]
	at org.springframework.http.client.AbstractBufferingClientHttpRequest.executeInternal(AbstractBufferingClientHttpRequest.java:50) ~[spring-web-7.0.9.jar:7.0.9]
	at org.springframework.http.client.AbstractClientHttpRequest.execute(AbstractClientHttpRequest.java:80) ~[spring-web-7.0.9.jar:7.0.9]
	at org.springframework.web.client.DefaultRestClient$DefaultRequestBodyUriSpec.exchangeInternal(DefaultRestClient.java:614) ~[spring-web-7.0.9.jar:7.0.9]
	... 51 common frames omitted

2026-08-23T04:15:59.847-04:00  INFO 22284 --- [analysis-service] [main] o.s.v.c.e.LeaseAwareVaultPropertySource  : Vault location [secret/application] not resolvable: Cannot determine MountInfo for path 'secret/application' using 'sys/internal/ui/mounts'
2026-08-23T04:16:00.227-04:00  INFO 22284 --- [analysis-service] [main] o.s.cloud.context.scope.GenericScope     : BeanFactory id=960d5fa7-2a40-3bdb-b0b3-03ebfb9f6d95
2026-08-23T04:16:00.387-04:00  INFO 22284 --- [analysis-service] [main] o.s.boot.tomcat.TomcatWebServer          : Tomcat initialized with port 8082 (http)
2026-08-23T04:16:00.395-04:00  INFO 22284 --- [analysis-service] [main] o.apache.catalina.core.StandardService   : Starting service [Tomcat]
2026-08-23T04:16:00.396-04:00  INFO 22284 --- [analysis-service] [main] o.apache.catalina.core.StandardEngine    : Starting Servlet engine: [Apache Tomcat/11.0.24]
2026-08-23T04:16:00.437-04:00  INFO 22284 --- [analysis-service] [main] b.w.c.s.WebApplicationContextInitializer : Root WebApplicationContext: initialization completed in 589 ms
2026-08-23T04:16:00.477-04:00  WARN 22284 --- [analysis-service] [main] o.s.core.annotation.MergedAnnotation     : Failed to introspect meta-annotation @AutoConfiguration on class org.springframework.ai.autoconfigure.ollama.OllamaAutoConfiguration: java.lang.TypeNotPresentException: Type org.springframework.boot.autoconfigure.web.client.RestClientAutoConfiguration not present
2026-08-23T04:16:00.951-04:00  INFO 22284 --- [analysis-service] [main] o.s.boot.tomcat.TomcatWebServer          : Tomcat started on port 8082 (http) with context path '/'
2026-08-23T04:16:01.205-04:00  INFO 22284 --- [analysis-service] [main] c.t.a.AnalysisServiceApplication         : Started AnalysisServiceApplication in 2.495 seconds (process running for 2.838)
2026-08-23T15:20:59.079-04:00  INFO 22284 --- [analysis-service] [http-nio-8082-exec-1] o.a.c.c.C.[Tomcat].[localhost].[/]       : Initializing Spring DispatcherServlet 'dispatcherServlet'
2026-08-23T15:20:59.079-04:00  INFO 22284 --- [analysis-service] [http-nio-8082-exec-1] o.s.web.servlet.DispatcherServlet        : Initializing Servlet 'dispatcherServlet'
2026-08-23T15:20:59.080-04:00  INFO 22284 --- [analysis-service] [http-nio-8082-exec-1] o.s.web.servlet.DispatcherServlet        : Completed initialization in 1 ms
2026-08-23T15:21:54.969-04:00  INFO 23604 --- [analysis-service] [main] c.t.a.AnalysisServiceApplication         : Starting AnalysisServiceApplication using Java 17.0.12 with PID 23604 (C:\Development\TradingApp\analysis-service\target\classes started by mrcsh in C:\Development\TradingApp\analysis-service)
2026-08-23T15:21:54.972-04:00  INFO 23604 --- [analysis-service] [main] c.t.a.AnalysisServiceApplication         : No active profile set, falling back to 1 default profile: "default"
2026-08-23T15:21:54.996-04:00  WARN 23604 --- [analysis-service] [main] LeaseEventPublisher$LoggingErrorListener : [RequestedSecret [path='secret/analysis-service', mode=ROTATE]] Lease [leaseId='null', leaseDuration=PT0S, renewable=false] Cannot determine MountInfo for path 'secret/analysis-service' using 'sys/internal/ui/mounts'

org.springframework.vault.VaultException: Cannot determine MountInfo for path 'secret/analysis-service' using 'sys/internal/ui/mounts'
	at org.springframework.vault.core.util.KeyValueDelegate.getMountInfo(KeyValueDelegate.java:136) ~[spring-vault-core-4.0.3.jar:4.0.3]
	at org.springframework.vault.core.util.KeyValueDelegate.isVersioned(KeyValueDelegate.java:74) ~[spring-vault-core-4.0.3.jar:4.0.3]
	at org.springframework.vault.core.lease.SecretLeaseContainer.doGetSecrets(SecretLeaseContainer.java:664) ~[spring-vault-core-4.0.3.jar:4.0.3]
	at org.springframework.vault.core.lease.SecretLeaseContainer.doStart(SecretLeaseContainer.java:404) ~[spring-vault-core-4.0.3.jar:4.0.3]
	at org.springframework.vault.core.lease.SecretLeaseContainer.start(SecretLeaseContainer.java:394) ~[spring-vault-core-4.0.3.jar:4.0.3]
	at org.springframework.vault.core.lease.SecretLeaseContainer.addRequestedSecret(SecretLeaseContainer.java:362) ~[spring-vault-core-4.0.3.jar:4.0.3]
	at org.springframework.vault.core.env.LeaseAwareVaultPropertySource.loadProperties(LeaseAwareVaultPropertySource.java:179) ~[spring-vault-core-4.0.3.jar:4.0.3]
	at org.springframework.vault.core.env.LeaseAwareVaultPropertySource.<init>(LeaseAwareVaultPropertySource.java:164) ~[spring-vault-core-4.0.3.jar:4.0.3]
	at org.springframework.vault.core.env.LeaseAwareVaultPropertySource.<init>(LeaseAwareVaultPropertySource.java:120) ~[spring-vault-core-4.0.3.jar:4.0.3]
	at org.springframework.cloud.vault.config.VaultConfigDataLoader.createLeasingPropertySource(VaultConfigDataLoader.java:293) ~[spring-cloud-vault-config-5.0.2.jar:5.0.2]
	at org.springframework.cloud.vault.config.VaultConfigDataLoader.lambda$loadConfigData$1(VaultConfigDataLoader.java:166) ~[spring-cloud-vault-config-5.0.2.jar:5.0.2]
	at org.springframework.cloud.vault.config.VaultConfigDataLoader.createConfigData(VaultConfigDataLoader.java:235) ~[spring-cloud-vault-config-5.0.2.jar:5.0.2]
	at org.springframework.cloud.vault.config.VaultConfigDataLoader.loadConfigData(VaultConfigDataLoader.java:166) ~[spring-cloud-vault-config-5.0.2.jar:5.0.2]
	at org.springframework.cloud.vault.config.VaultConfigDataLoader.load(VaultConfigDataLoader.java:143) ~[spring-cloud-vault-config-5.0.2.jar:5.0.2]
	at org.springframework.cloud.vault.config.VaultConfigDataLoader.load(VaultConfigDataLoader.java:96) ~[spring-cloud-vault-config-5.0.2.jar:5.0.2]
	at org.springframework.boot.context.config.ConfigDataLoaders.load(ConfigDataLoaders.java:100) ~[spring-boot-4.1.1.jar:4.1.1]
	at org.springframework.boot.context.config.ConfigDataImporter.load(ConfigDataImporter.java:133) ~[spring-boot-4.1.1.jar:4.1.1]
	at org.springframework.boot.context.config.ConfigDataImporter.resolveAndLoad(ConfigDataImporter.java:88) ~[spring-boot-4.1.1.jar:4.1.1]
	at org.springframework.boot.context.config.ConfigDataEnvironmentContributors.withProcessedImports(ConfigDataEnvironmentContributors.java:130) ~[spring-boot-4.1.1.jar:4.1.1]
	at org.springframework.boot.context.config.ConfigDataEnvironment.processWithProfiles(ConfigDataEnvironment.java:326) ~[spring-boot-4.1.1.jar:4.1.1]
	at org.springframework.boot.context.config.ConfigDataEnvironment.processAndApply(ConfigDataEnvironment.java:245) ~[spring-boot-4.1.1.jar:4.1.1]
	at org.springframework.boot.context.config.ConfigDataEnvironmentPostProcessor.postProcessEnvironment(ConfigDataEnvironmentPostProcessor.java:97) ~[spring-boot-4.1.1.jar:4.1.1]
	at org.springframework.boot.context.config.ConfigDataEnvironmentPostProcessor.postProcessEnvironment(ConfigDataEnvironmentPostProcessor.java:90) ~[spring-boot-4.1.1.jar:4.1.1]
	at org.springframework.boot.support.EnvironmentPostProcessorApplicationListener.onApplicationEnvironmentPreparedEvent(EnvironmentPostProcessorApplicationListener.java:137) ~[spring-boot-4.1.1.jar:4.1.1]
	at org.springframework.boot.support.EnvironmentPostProcessorApplicationListener.onApplicationEvent(EnvironmentPostProcessorApplicationListener.java:120) ~[spring-boot-4.1.1.jar:4.1.1]
	at org.springframework.context.event.SimpleApplicationEventMulticaster.doInvokeListener(SimpleApplicationEventMulticaster.java:180) ~[spring-context-7.0.9.jar:7.0.9]
	at org.springframework.context.event.SimpleApplicationEventMulticaster.invokeListener(SimpleApplicationEventMulticaster.java:173) ~[spring-context-7.0.9.jar:7.0.9]
	at org.springframework.context.event.SimpleApplicationEventMulticaster.multicastEvent(SimpleApplicationEventMulticaster.java:151) ~[spring-context-7.0.9.jar:7.0.9]
	at org.springframework.context.event.SimpleApplicationEventMulticaster.multicastEvent(SimpleApplicationEventMulticaster.java:133) ~[spring-context-7.0.9.jar:7.0.9]
	at org.springframework.boot.context.event.EventPublishingRunListener.multicastInitialEvent(EventPublishingRunListener.java:137) ~[spring-boot-4.1.1.jar:4.1.1]
	at org.springframework.boot.context.event.EventPublishingRunListener.environmentPrepared(EventPublishingRunListener.java:82) ~[spring-boot-4.1.1.jar:4.1.1]
	at org.springframework.boot.SpringApplicationRunListeners.lambda$environmentPrepared$0(SpringApplicationRunListeners.java:66) ~[spring-boot-4.1.1.jar:4.1.1]
	at java.base/java.lang.Iterable.forEach(Iterable.java:75) ~[na:na]
	at org.springframework.boot.SpringApplicationRunListeners.doWithListeners(SpringApplicationRunListeners.java:123) ~[spring-boot-4.1.1.jar:4.1.1]
	at org.springframework.boot.SpringApplicationRunListeners.doWithListeners(SpringApplicationRunListeners.java:117) ~[spring-boot-4.1.1.jar:4.1.1]
	at org.springframework.boot.SpringApplicationRunListeners.environmentPrepared(SpringApplicationRunListeners.java:65) ~[spring-boot-4.1.1.jar:4.1.1]
	at org.springframework.boot.SpringApplication.prepareEnvironment(SpringApplication.java:356) ~[spring-boot-4.1.1.jar:4.1.1]
	at org.springframework.boot.SpringApplication.run(SpringApplication.java:316) ~[spring-boot-4.1.1.jar:4.1.1]
	at org.springframework.boot.SpringApplication.run(SpringApplication.java:1365) ~[spring-boot-4.1.1.jar:4.1.1]
	at org.springframework.boot.SpringApplication.run(SpringApplication.java:1354) ~[spring-boot-4.1.1.jar:4.1.1]
	at com.trading.analysis_service.AnalysisServiceApplication.main(AnalysisServiceApplication.java:10) ~[classes/:na]
Caused by: org.springframework.web.client.ResourceAccessException: I/O error on GET request for "http://127.0.0.1:8200/v1/sys/internal/ui/mounts/secret/analysis-service": Connect to http://127.0.0.1:8200 failed: Connection refused: getsockopt
	at org.springframework.web.client.DefaultRestClient$DefaultRequestBodyUriSpec.createResourceAccessException(DefaultRestClient.java:779) ~[spring-web-7.0.9.jar:7.0.9]
	at org.springframework.web.client.DefaultRestClient$DefaultRequestBodyUriSpec.exchangeInternal(DefaultRestClient.java:624) ~[spring-web-7.0.9.jar:7.0.9]
	at org.springframework.web.client.DefaultRestClient$DefaultRequestBodyUriSpec.exchange(DefaultRestClient.java:572) ~[spring-web-7.0.9.jar:7.0.9]
	at org.springframework.web.client.RestClient$RequestHeadersSpec.exchange(RestClient.java:747) ~[spring-web-7.0.9.jar:7.0.9]
	at org.springframework.web.client.DefaultRestClient$DefaultResponseSpec.executeAndExtract(DefaultRestClient.java:924) ~[spring-web-7.0.9.jar:7.0.9]
	at org.springframework.web.client.DefaultRestClient$DefaultResponseSpec.toEntityInternal(DefaultRestClient.java:870) ~[spring-web-7.0.9.jar:7.0.9]
	at org.springframework.web.client.DefaultRestClient$DefaultResponseSpec.toEntity(DefaultRestClient.java:859) ~[spring-web-7.0.9.jar:7.0.9]
	at org.springframework.vault.core.VaultTemplate.lambda$doRead$0(VaultTemplate.java:577) ~[spring-vault-core-4.0.3.jar:4.0.3]
	at org.springframework.vault.core.VaultTemplate.doWithSessionClient(VaultTemplate.java:567) ~[spring-vault-core-4.0.3.jar:4.0.3]
	at org.springframework.vault.core.VaultTemplate.doRead(VaultTemplate.java:575) ~[spring-vault-core-4.0.3.jar:4.0.3]
	at org.springframework.vault.core.VaultTemplate.read(VaultTemplate.java:471) ~[spring-vault-core-4.0.3.jar:4.0.3]
	at org.springframework.vault.core.util.KeyValueDelegate.doGetMountInfo(KeyValueDelegate.java:112) ~[spring-vault-core-4.0.3.jar:4.0.3]
	at org.springframework.vault.core.util.KeyValueDelegate.getMountInfo(KeyValueDelegate.java:124) ~[spring-vault-core-4.0.3.jar:4.0.3]
	... 40 common frames omitted
Caused by: org.apache.hc.client5.http.HttpHostConnectException: Connect to http://127.0.0.1:8200 failed: Connection refused: getsockopt
	at java.base/sun.nio.ch.Net.pollConnect(Native Method) ~[na:na]
	at java.base/sun.nio.ch.Net.pollConnectNow(Net.java:672) ~[na:na]
	at java.base/sun.nio.ch.NioSocketImpl.timedFinishConnect(NioSocketImpl.java:547) ~[na:na]
	at java.base/sun.nio.ch.NioSocketImpl.connect(NioSocketImpl.java:602) ~[na:na]
	at java.base/java.net.SocksSocketImpl.connect(SocksSocketImpl.java:327) ~[na:na]
	at java.base/java.net.Socket.connect(Socket.java:633) ~[na:na]
	at org.apache.hc.client5.http.impl.io.DefaultHttpClientConnectionOperator.connect(DefaultHttpClientConnectionOperator.java:219) ~[httpclient5-5.6.4.jar:5.6.4]
	at org.apache.hc.client5.http.impl.io.PoolingHttpClientConnectionManager.connect(PoolingHttpClientConnectionManager.java:547) ~[httpclient5-5.6.4.jar:5.6.4]
	at org.apache.hc.client5.http.impl.classic.InternalExecRuntime.connectEndpoint(InternalExecRuntime.java:164) ~[httpclient5-5.6.4.jar:5.6.4]
	at org.apache.hc.client5.http.impl.classic.InternalExecRuntime.connectEndpoint(InternalExecRuntime.java:174) ~[httpclient5-5.6.4.jar:5.6.4]
	at org.apache.hc.client5.http.impl.classic.ConnectExec.execute(ConnectExec.java:144) ~[httpclient5-5.6.4.jar:5.6.4]
	at org.apache.hc.client5.http.impl.classic.ExecChainElement.execute(ExecChainElement.java:51) ~[httpclient5-5.6.4.jar:5.6.4]
	at org.apache.hc.client5.http.impl.classic.ProtocolExec.execute(ProtocolExec.java:192) ~[httpclient5-5.6.4.jar:5.6.4]
	at org.apache.hc.client5.http.impl.classic.ExecChainElement.execute(ExecChainElement.java:51) ~[httpclient5-5.6.4.jar:5.6.4]
	at org.apache.hc.client5.http.impl.classic.ContentCompressionExec.execute(ContentCompressionExec.java:138) ~[httpclient5-5.6.4.jar:5.6.4]
	at org.apache.hc.client5.http.impl.classic.ExecChainElement.execute(ExecChainElement.java:51) ~[httpclient5-5.6.4.jar:5.6.4]
	at org.apache.hc.client5.http.impl.classic.HttpRequestRetryExec.execute(HttpRequestRetryExec.java:112) ~[httpclient5-5.6.4.jar:5.6.4]
	at org.apache.hc.client5.http.impl.classic.ExecChainElement.execute(ExecChainElement.java:51) ~[httpclient5-5.6.4.jar:5.6.4]
	at org.apache.hc.client5.http.impl.classic.RedirectExec.execute(RedirectExec.java:110) ~[httpclient5-5.6.4.jar:5.6.4]
	at org.apache.hc.client5.http.impl.classic.ExecChainElement.execute(ExecChainElement.java:51) ~[httpclient5-5.6.4.jar:5.6.4]
	at org.apache.hc.client5.http.impl.classic.InternalHttpClient.doExecute(InternalHttpClient.java:186) ~[httpclient5-5.6.4.jar:5.6.4]
	at org.apache.hc.client5.http.impl.classic.CloseableHttpClient.execute(CloseableHttpClient.java:87) ~[httpclient5-5.6.4.jar:5.6.4]
	at org.apache.hc.client5.http.impl.classic.CloseableHttpClient.execute(CloseableHttpClient.java:55) ~[httpclient5-5.6.4.jar:5.6.4]
	at org.apache.hc.client5.http.classic.HttpClient.executeOpen(HttpClient.java:183) ~[httpclient5-5.6.4.jar:5.6.4]
	at org.springframework.http.client.HttpComponentsClientHttpRequest.executeInternal(HttpComponentsClientHttpRequest.java:99) ~[spring-web-7.0.9.jar:7.0.9]
	at org.springframework.http.client.AbstractStreamingClientHttpRequest.executeInternal(AbstractStreamingClientHttpRequest.java:87) ~[spring-web-7.0.9.jar:7.0.9]
	at org.springframework.http.client.AbstractClientHttpRequest.execute(AbstractClientHttpRequest.java:80) ~[spring-web-7.0.9.jar:7.0.9]
	at org.springframework.http.client.AbstractBufferingClientHttpRequest.executeWithRequestAndBody(AbstractBufferingClientHttpRequest.java:89) ~[spring-web-7.0.9.jar:7.0.9]
	at org.springframework.http.client.InterceptingClientHttpRequest$EndOfChainRequestExecution.execute(InterceptingClientHttpRequest.java:102) ~[spring-web-7.0.9.jar:7.0.9]
	at org.springframework.vault.core.VaultTemplate.lambda$getSessionInterceptor$0(VaultTemplate.java:381) ~[spring-vault-core-4.0.3.jar:4.0.3]
	at org.springframework.http.client.ClientHttpRequestInterceptor.lambda$andThen$1(ClientHttpRequestInterceptor.java:75) ~[spring-web-7.0.9.jar:7.0.9]
	at org.springframework.vault.client.RestTemplateBuilder.lambda$createTemplate$0(RestTemplateBuilder.java:241) ~[spring-vault-core-4.0.3.jar:4.0.3]
	at org.springframework.http.client.ClientHttpRequestInterceptor.lambda$andThen$1(ClientHttpRequestInterceptor.java:75) ~[spring-web-7.0.9.jar:7.0.9]
	at org.springframework.vault.client.VaultClients.lambda$createRestTemplate$0(VaultClients.java:145) ~[spring-vault-core-4.0.3.jar:4.0.3]
	at org.springframework.http.client.ClientHttpRequestInterceptor.lambda$andThen$0(ClientHttpRequestInterceptor.java:76) ~[spring-web-7.0.9.jar:7.0.9]
	at org.springframework.http.client.ClientHttpRequestInterceptor.lambda$andThen$0(ClientHttpRequestInterceptor.java:76) ~[spring-web-7.0.9.jar:7.0.9]
	at org.springframework.http.client.ClientHttpRequestInterceptor.lambda$apply$0(ClientHttpRequestInterceptor.java:89) ~[spring-web-7.0.9.jar:7.0.9]
	at org.springframework.http.client.InterceptingClientHttpRequest.executeInternal(InterceptingClientHttpRequest.java:73) ~[spring-web-7.0.9.jar:7.0.9]
	at org.springframework.http.client.AbstractBufferingClientHttpRequest.executeInternal(AbstractBufferingClientHttpRequest.java:50) ~[spring-web-7.0.9.jar:7.0.9]
	at org.springframework.http.client.AbstractClientHttpRequest.execute(AbstractClientHttpRequest.java:80) ~[spring-web-7.0.9.jar:7.0.9]
	at org.springframework.web.client.DefaultRestClient$DefaultRequestBodyUriSpec.exchangeInternal(DefaultRestClient.java:614) ~[spring-web-7.0.9.jar:7.0.9]
	... 51 common frames omitted

2026-08-23T15:21:54.999-04:00  INFO 23604 --- [analysis-service] [main] o.s.v.c.e.LeaseAwareVaultPropertySource  : Vault location [secret/analysis-service] not resolvable: Cannot determine MountInfo for path 'secret/analysis-service' using 'sys/internal/ui/mounts'
2026-08-23T15:21:54.999-04:00  WARN 23604 --- [analysis-service] [main] LeaseEventPublisher$LoggingErrorListener : [RequestedSecret [path='secret/application', mode=ROTATE]] Lease [leaseId='null', leaseDuration=PT0S, renewable=false] Cannot determine MountInfo for path 'secret/application' using 'sys/internal/ui/mounts'

org.springframework.vault.VaultException: Cannot determine MountInfo for path 'secret/application' using 'sys/internal/ui/mounts'
	at org.springframework.vault.core.util.KeyValueDelegate.getMountInfo(KeyValueDelegate.java:136) ~[spring-vault-core-4.0.3.jar:4.0.3]
	at org.springframework.vault.core.util.KeyValueDelegate.isVersioned(KeyValueDelegate.java:74) ~[spring-vault-core-4.0.3.jar:4.0.3]
	at org.springframework.vault.core.lease.SecretLeaseContainer.doGetSecrets(SecretLeaseContainer.java:664) ~[spring-vault-core-4.0.3.jar:4.0.3]
	at org.springframework.vault.core.lease.SecretLeaseContainer.doStart(SecretLeaseContainer.java:404) ~[spring-vault-core-4.0.3.jar:4.0.3]
	at org.springframework.vault.core.lease.SecretLeaseContainer.start(SecretLeaseContainer.java:394) ~[spring-vault-core-4.0.3.jar:4.0.3]
	at org.springframework.vault.core.lease.SecretLeaseContainer.addRequestedSecret(SecretLeaseContainer.java:362) ~[spring-vault-core-4.0.3.jar:4.0.3]
	at org.springframework.vault.core.env.LeaseAwareVaultPropertySource.loadProperties(LeaseAwareVaultPropertySource.java:179) ~[spring-vault-core-4.0.3.jar:4.0.3]
	at org.springframework.vault.core.env.LeaseAwareVaultPropertySource.<init>(LeaseAwareVaultPropertySource.java:164) ~[spring-vault-core-4.0.3.jar:4.0.3]
	at org.springframework.vault.core.env.LeaseAwareVaultPropertySource.<init>(LeaseAwareVaultPropertySource.java:120) ~[spring-vault-core-4.0.3.jar:4.0.3]
	at org.springframework.cloud.vault.config.VaultConfigDataLoader.createLeasingPropertySource(VaultConfigDataLoader.java:293) ~[spring-cloud-vault-config-5.0.2.jar:5.0.2]
	at org.springframework.cloud.vault.config.VaultConfigDataLoader.lambda$loadConfigData$1(VaultConfigDataLoader.java:166) ~[spring-cloud-vault-config-5.0.2.jar:5.0.2]
	at org.springframework.cloud.vault.config.VaultConfigDataLoader.createConfigData(VaultConfigDataLoader.java:235) ~[spring-cloud-vault-config-5.0.2.jar:5.0.2]
	at org.springframework.cloud.vault.config.VaultConfigDataLoader.loadConfigData(VaultConfigDataLoader.java:166) ~[spring-cloud-vault-config-5.0.2.jar:5.0.2]
	at org.springframework.cloud.vault.config.VaultConfigDataLoader.load(VaultConfigDataLoader.java:143) ~[spring-cloud-vault-config-5.0.2.jar:5.0.2]
	at org.springframework.cloud.vault.config.VaultConfigDataLoader.load(VaultConfigDataLoader.java:96) ~[spring-cloud-vault-config-5.0.2.jar:5.0.2]
	at org.springframework.boot.context.config.ConfigDataLoaders.load(ConfigDataLoaders.java:100) ~[spring-boot-4.1.1.jar:4.1.1]
	at org.springframework.boot.context.config.ConfigDataImporter.load(ConfigDataImporter.java:133) ~[spring-boot-4.1.1.jar:4.1.1]
	at org.springframework.boot.context.config.ConfigDataImporter.resolveAndLoad(ConfigDataImporter.java:88) ~[spring-boot-4.1.1.jar:4.1.1]
	at org.springframework.boot.context.config.ConfigDataEnvironmentContributors.withProcessedImports(ConfigDataEnvironmentContributors.java:130) ~[spring-boot-4.1.1.jar:4.1.1]
	at org.springframework.boot.context.config.ConfigDataEnvironment.processWithProfiles(ConfigDataEnvironment.java:326) ~[spring-boot-4.1.1.jar:4.1.1]
	at org.springframework.boot.context.config.ConfigDataEnvironment.processAndApply(ConfigDataEnvironment.java:245) ~[spring-boot-4.1.1.jar:4.1.1]
	at org.springframework.boot.context.config.ConfigDataEnvironmentPostProcessor.postProcessEnvironment(ConfigDataEnvironmentPostProcessor.java:97) ~[spring-boot-4.1.1.jar:4.1.1]
	at org.springframework.boot.context.config.ConfigDataEnvironmentPostProcessor.postProcessEnvironment(ConfigDataEnvironmentPostProcessor.java:90) ~[spring-boot-4.1.1.jar:4.1.1]
	at org.springframework.boot.support.EnvironmentPostProcessorApplicationListener.onApplicationEnvironmentPreparedEvent(EnvironmentPostProcessorApplicationListener.java:137) ~[spring-boot-4.1.1.jar:4.1.1]
	at org.springframework.boot.support.EnvironmentPostProcessorApplicationListener.onApplicationEvent(EnvironmentPostProcessorApplicationListener.java:120) ~[spring-boot-4.1.1.jar:4.1.1]
	at org.springframework.context.event.SimpleApplicationEventMulticaster.doInvokeListener(SimpleApplicationEventMulticaster.java:180) ~[spring-context-7.0.9.jar:7.0.9]
	at org.springframework.context.event.SimpleApplicationEventMulticaster.invokeListener(SimpleApplicationEventMulticaster.java:173) ~[spring-context-7.0.9.jar:7.0.9]
	at org.springframework.context.event.SimpleApplicationEventMulticaster.multicastEvent(SimpleApplicationEventMulticaster.java:151) ~[spring-context-7.0.9.jar:7.0.9]
	at org.springframework.context.event.SimpleApplicationEventMulticaster.multicastEvent(SimpleApplicationEventMulticaster.java:133) ~[spring-context-7.0.9.jar:7.0.9]
	at org.springframework.boot.context.event.EventPublishingRunListener.multicastInitialEvent(EventPublishingRunListener.java:137) ~[spring-boot-4.1.1.jar:4.1.1]
	at org.springframework.boot.context.event.EventPublishingRunListener.environmentPrepared(EventPublishingRunListener.java:82) ~[spring-boot-4.1.1.jar:4.1.1]
	at org.springframework.boot.SpringApplicationRunListeners.lambda$environmentPrepared$0(SpringApplicationRunListeners.java:66) ~[spring-boot-4.1.1.jar:4.1.1]
	at java.base/java.lang.Iterable.forEach(Iterable.java:75) ~[na:na]
	at org.springframework.boot.SpringApplicationRunListeners.doWithListeners(SpringApplicationRunListeners.java:123) ~[spring-boot-4.1.1.jar:4.1.1]
	at org.springframework.boot.SpringApplicationRunListeners.doWithListeners(SpringApplicationRunListeners.java:117) ~[spring-boot-4.1.1.jar:4.1.1]
	at org.springframework.boot.SpringApplicationRunListeners.environmentPrepared(SpringApplicationRunListeners.java:65) ~[spring-boot-4.1.1.jar:4.1.1]
	at org.springframework.boot.SpringApplication.prepareEnvironment(SpringApplication.java:356) ~[spring-boot-4.1.1.jar:4.1.1]
	at org.springframework.boot.SpringApplication.run(SpringApplication.java:316) ~[spring-boot-4.1.1.jar:4.1.1]
	at org.springframework.boot.SpringApplication.run(SpringApplication.java:1365) ~[spring-boot-4.1.1.jar:4.1.1]
	at org.springframework.boot.SpringApplication.run(SpringApplication.java:1354) ~[spring-boot-4.1.1.jar:4.1.1]
	at com.trading.analysis_service.AnalysisServiceApplication.main(AnalysisServiceApplication.java:10) ~[classes/:na]
Caused by: org.springframework.web.client.ResourceAccessException: I/O error on GET request for "http://127.0.0.1:8200/v1/sys/internal/ui/mounts/secret/application": Connect to http://127.0.0.1:8200 failed: Connection refused: getsockopt
	at org.springframework.web.client.DefaultRestClient$DefaultRequestBodyUriSpec.createResourceAccessException(DefaultRestClient.java:779) ~[spring-web-7.0.9.jar:7.0.9]
	at org.springframework.web.client.DefaultRestClient$DefaultRequestBodyUriSpec.exchangeInternal(DefaultRestClient.java:624) ~[spring-web-7.0.9.jar:7.0.9]
	at org.springframework.web.client.DefaultRestClient$DefaultRequestBodyUriSpec.exchange(DefaultRestClient.java:572) ~[spring-web-7.0.9.jar:7.0.9]
	at org.springframework.web.client.RestClient$RequestHeadersSpec.exchange(RestClient.java:747) ~[spring-web-7.0.9.jar:7.0.9]
	at org.springframework.web.client.DefaultRestClient$DefaultResponseSpec.executeAndExtract(DefaultRestClient.java:924) ~[spring-web-7.0.9.jar:7.0.9]
	at org.springframework.web.client.DefaultRestClient$DefaultResponseSpec.toEntityInternal(DefaultRestClient.java:870) ~[spring-web-7.0.9.jar:7.0.9]
	at org.springframework.web.client.DefaultRestClient$DefaultResponseSpec.toEntity(DefaultRestClient.java:859) ~[spring-web-7.0.9.jar:7.0.9]
	at org.springframework.vault.core.VaultTemplate.lambda$doRead$0(VaultTemplate.java:577) ~[spring-vault-core-4.0.3.jar:4.0.3]
	at org.springframework.vault.core.VaultTemplate.doWithSessionClient(VaultTemplate.java:567) ~[spring-vault-core-4.0.3.jar:4.0.3]
	at org.springframework.vault.core.VaultTemplate.doRead(VaultTemplate.java:575) ~[spring-vault-core-4.0.3.jar:4.0.3]
	at org.springframework.vault.core.VaultTemplate.read(VaultTemplate.java:471) ~[spring-vault-core-4.0.3.jar:4.0.3]
	at org.springframework.vault.core.util.KeyValueDelegate.doGetMountInfo(KeyValueDelegate.java:112) ~[spring-vault-core-4.0.3.jar:4.0.3]
	at org.springframework.vault.core.util.KeyValueDelegate.getMountInfo(KeyValueDelegate.java:124) ~[spring-vault-core-4.0.3.jar:4.0.3]
	... 40 common frames omitted
Caused by: org.apache.hc.client5.http.HttpHostConnectException: Connect to http://127.0.0.1:8200 failed: Connection refused: getsockopt
	at java.base/sun.nio.ch.Net.pollConnect(Native Method) ~[na:na]
	at java.base/sun.nio.ch.Net.pollConnectNow(Net.java:672) ~[na:na]
	at java.base/sun.nio.ch.NioSocketImpl.timedFinishConnect(NioSocketImpl.java:547) ~[na:na]
	at java.base/sun.nio.ch.NioSocketImpl.connect(NioSocketImpl.java:602) ~[na:na]
	at java.base/java.net.SocksSocketImpl.connect(SocksSocketImpl.java:327) ~[na:na]
	at java.base/java.net.Socket.connect(Socket.java:633) ~[na:na]
	at org.apache.hc.client5.http.impl.io.DefaultHttpClientConnectionOperator.connect(DefaultHttpClientConnectionOperator.java:219) ~[httpclient5-5.6.4.jar:5.6.4]
	at org.apache.hc.client5.http.impl.io.PoolingHttpClientConnectionManager.connect(PoolingHttpClientConnectionManager.java:547) ~[httpclient5-5.6.4.jar:5.6.4]
	at org.apache.hc.client5.http.impl.classic.InternalExecRuntime.connectEndpoint(InternalExecRuntime.java:164) ~[httpclient5-5.6.4.jar:5.6.4]
	at org.apache.hc.client5.http.impl.classic.InternalExecRuntime.connectEndpoint(InternalExecRuntime.java:174) ~[httpclient5-5.6.4.jar:5.6.4]
	at org.apache.hc.client5.http.impl.classic.ConnectExec.execute(ConnectExec.java:144) ~[httpclient5-5.6.4.jar:5.6.4]
	at org.apache.hc.client5.http.impl.classic.ExecChainElement.execute(ExecChainElement.java:51) ~[httpclient5-5.6.4.jar:5.6.4]
	at org.apache.hc.client5.http.impl.classic.ProtocolExec.execute(ProtocolExec.java:192) ~[httpclient5-5.6.4.jar:5.6.4]
	at org.apache.hc.client5.http.impl.classic.ExecChainElement.execute(ExecChainElement.java:51) ~[httpclient5-5.6.4.jar:5.6.4]
	at org.apache.hc.client5.http.impl.classic.ContentCompressionExec.execute(ContentCompressionExec.java:138) ~[httpclient5-5.6.4.jar:5.6.4]
	at org.apache.hc.client5.http.impl.classic.ExecChainElement.execute(ExecChainElement.java:51) ~[httpclient5-5.6.4.jar:5.6.4]
	at org.apache.hc.client5.http.impl.classic.HttpRequestRetryExec.execute(HttpRequestRetryExec.java:112) ~[httpclient5-5.6.4.jar:5.6.4]
	at org.apache.hc.client5.http.impl.classic.ExecChainElement.execute(ExecChainElement.java:51) ~[httpclient5-5.6.4.jar:5.6.4]
	at org.apache.hc.client5.http.impl.classic.RedirectExec.execute(RedirectExec.java:110) ~[httpclient5-5.6.4.jar:5.6.4]
	at org.apache.hc.client5.http.impl.classic.ExecChainElement.execute(ExecChainElement.java:51) ~[httpclient5-5.6.4.jar:5.6.4]
	at org.apache.hc.client5.http.impl.classic.InternalHttpClient.doExecute(InternalHttpClient.java:186) ~[httpclient5-5.6.4.jar:5.6.4]
	at org.apache.hc.client5.http.impl.classic.CloseableHttpClient.execute(CloseableHttpClient.java:87) ~[httpclient5-5.6.4.jar:5.6.4]
	at org.apache.hc.client5.http.impl.classic.CloseableHttpClient.execute(CloseableHttpClient.java:55) ~[httpclient5-5.6.4.jar:5.6.4]
	at org.apache.hc.client5.http.classic.HttpClient.executeOpen(HttpClient.java:183) ~[httpclient5-5.6.4.jar:5.6.4]
	at org.springframework.http.client.HttpComponentsClientHttpRequest.executeInternal(HttpComponentsClientHttpRequest.java:99) ~[spring-web-7.0.9.jar:7.0.9]
	at org.springframework.http.client.AbstractStreamingClientHttpRequest.executeInternal(AbstractStreamingClientHttpRequest.java:87) ~[spring-web-7.0.9.jar:7.0.9]
	at org.springframework.http.client.AbstractClientHttpRequest.execute(AbstractClientHttpRequest.java:80) ~[spring-web-7.0.9.jar:7.0.9]
	at org.springframework.http.client.AbstractBufferingClientHttpRequest.executeWithRequestAndBody(AbstractBufferingClientHttpRequest.java:89) ~[spring-web-7.0.9.jar:7.0.9]
	at org.springframework.http.client.InterceptingClientHttpRequest$EndOfChainRequestExecution.execute(InterceptingClientHttpRequest.java:102) ~[spring-web-7.0.9.jar:7.0.9]
	at org.springframework.vault.core.VaultTemplate.lambda$getSessionInterceptor$0(VaultTemplate.java:381) ~[spring-vault-core-4.0.3.jar:4.0.3]
	at org.springframework.http.client.ClientHttpRequestInterceptor.lambda$andThen$1(ClientHttpRequestInterceptor.java:75) ~[spring-web-7.0.9.jar:7.0.9]
	at org.springframework.vault.client.RestTemplateBuilder.lambda$createTemplate$0(RestTemplateBuilder.java:241) ~[spring-vault-core-4.0.3.jar:4.0.3]
	at org.springframework.http.client.ClientHttpRequestInterceptor.lambda$andThen$1(ClientHttpRequestInterceptor.java:75) ~[spring-web-7.0.9.jar:7.0.9]
	at org.springframework.vault.client.VaultClients.lambda$createRestTemplate$0(VaultClients.java:145) ~[spring-vault-core-4.0.3.jar:4.0.3]
	at org.springframework.http.client.ClientHttpRequestInterceptor.lambda$andThen$0(ClientHttpRequestInterceptor.java:76) ~[spring-web-7.0.9.jar:7.0.9]
	at org.springframework.http.client.ClientHttpRequestInterceptor.lambda$andThen$0(ClientHttpRequestInterceptor.java:76) ~[spring-web-7.0.9.jar:7.0.9]
	at org.springframework.http.client.ClientHttpRequestInterceptor.lambda$apply$0(ClientHttpRequestInterceptor.java:89) ~[spring-web-7.0.9.jar:7.0.9]
	at org.springframework.http.client.InterceptingClientHttpRequest.executeInternal(InterceptingClientHttpRequest.java:73) ~[spring-web-7.0.9.jar:7.0.9]
	at org.springframework.http.client.AbstractBufferingClientHttpRequest.executeInternal(AbstractBufferingClientHttpRequest.java:50) ~[spring-web-7.0.9.jar:7.0.9]
	at org.springframework.http.client.AbstractClientHttpRequest.execute(AbstractClientHttpRequest.java:80) ~[spring-web-7.0.9.jar:7.0.9]
	at org.springframework.web.client.DefaultRestClient$DefaultRequestBodyUriSpec.exchangeInternal(DefaultRestClient.java:614) ~[spring-web-7.0.9.jar:7.0.9]
	... 51 common frames omitted

2026-08-23T15:21:55.000-04:00  INFO 23604 --- [analysis-service] [main] o.s.v.c.e.LeaseAwareVaultPropertySource  : Vault location [secret/application] not resolvable: Cannot determine MountInfo for path 'secret/application' using 'sys/internal/ui/mounts'
2026-08-23T15:21:55.360-04:00  INFO 23604 --- [analysis-service] [main] o.s.cloud.context.scope.GenericScope     : BeanFactory id=960d5fa7-2a40-3bdb-b0b3-03ebfb9f6d95
2026-08-23T15:21:55.508-04:00  INFO 23604 --- [analysis-service] [main] o.s.boot.tomcat.TomcatWebServer          : Tomcat initialized with port 8082 (http)
2026-08-23T15:21:55.516-04:00  INFO 23604 --- [analysis-service] [main] o.apache.catalina.core.StandardService   : Starting service [Tomcat]
2026-08-23T15:21:55.517-04:00  INFO 23604 --- [analysis-service] [main] o.apache.catalina.core.StandardEngine    : Starting Servlet engine: [Apache Tomcat/11.0.24]
2026-08-23T15:21:55.554-04:00  INFO 23604 --- [analysis-service] [main] b.w.c.s.WebApplicationContextInitializer : Root WebApplicationContext: initialization completed in 553 ms
2026-08-23T15:21:55.590-04:00  WARN 23604 --- [analysis-service] [main] o.s.core.annotation.MergedAnnotation     : Failed to introspect meta-annotation @AutoConfiguration on class org.springframework.ai.autoconfigure.ollama.OllamaAutoConfiguration: java.lang.TypeNotPresentException: Type org.springframework.boot.autoconfigure.web.client.RestClientAutoConfiguration not present
2026-08-23T15:21:56.038-04:00  INFO 23604 --- [analysis-service] [main] o.s.boot.tomcat.TomcatWebServer          : Tomcat started on port 8082 (http) with context path '/'
2026-08-23T15:21:56.274-04:00  INFO 23604 --- [analysis-service] [main] c.t.a.AnalysisServiceApplication         : Started AnalysisServiceApplication in 2.316 seconds (process running for 2.64)
2026-08-23T15:22:27.887-04:00  INFO 23604 --- [analysis-service] [http-nio-8082-exec-1] o.a.c.c.C.[Tomcat].[localhost].[/]       : Initializing Spring DispatcherServlet 'dispatcherServlet'
2026-08-23T15:22:27.887-04:00  INFO 23604 --- [analysis-service] [http-nio-8082-exec-1] o.s.web.servlet.DispatcherServlet        : Initializing Servlet 'dispatcherServlet'
2026-08-23T15:22:27.888-04:00  INFO 23604 --- [analysis-service] [http-nio-8082-exec-1] o.s.web.servlet.DispatcherServlet        : Completed initialization in 1 ms
2026-08-23T16:01:38.425-04:00  INFO 5912 --- [analysis-service] [main] c.t.a.AnalysisServiceApplication         : Starting AnalysisServiceApplication using Java 17.0.12 with PID 5912 (C:\Development\TradingApp\analysis-service\target\classes started by mrcsh in C:\Development\TradingApp\analysis-service)
2026-08-23T16:01:38.428-04:00  INFO 5912 --- [analysis-service] [main] c.t.a.AnalysisServiceApplication         : No active profile set, falling back to 1 default profile: "default"
2026-08-23T16:01:38.453-04:00  WARN 5912 --- [analysis-service] [main] LeaseEventPublisher$LoggingErrorListener : [RequestedSecret [path='secret/analysis-service', mode=ROTATE]] Lease [leaseId='null', leaseDuration=PT0S, renewable=false] Cannot determine MountInfo for path 'secret/analysis-service' using 'sys/internal/ui/mounts'

org.springframework.vault.VaultException: Cannot determine MountInfo for path 'secret/analysis-service' using 'sys/internal/ui/mounts'
	at org.springframework.vault.core.util.KeyValueDelegate.getMountInfo(KeyValueDelegate.java:136) ~[spring-vault-core-4.0.3.jar:4.0.3]
	at org.springframework.vault.core.util.KeyValueDelegate.isVersioned(KeyValueDelegate.java:74) ~[spring-vault-core-4.0.3.jar:4.0.3]
	at org.springframework.vault.core.lease.SecretLeaseContainer.doGetSecrets(SecretLeaseContainer.java:664) ~[spring-vault-core-4.0.3.jar:4.0.3]
	at org.springframework.vault.core.lease.SecretLeaseContainer.doStart(SecretLeaseContainer.java:404) ~[spring-vault-core-4.0.3.jar:4.0.3]
	at org.springframework.vault.core.lease.SecretLeaseContainer.start(SecretLeaseContainer.java:394) ~[spring-vault-core-4.0.3.jar:4.0.3]
	at org.springframework.vault.core.lease.SecretLeaseContainer.addRequestedSecret(SecretLeaseContainer.java:362) ~[spring-vault-core-4.0.3.jar:4.0.3]
	at org.springframework.vault.core.env.LeaseAwareVaultPropertySource.loadProperties(LeaseAwareVaultPropertySource.java:179) ~[spring-vault-core-4.0.3.jar:4.0.3]
	at org.springframework.vault.core.env.LeaseAwareVaultPropertySource.<init>(LeaseAwareVaultPropertySource.java:164) ~[spring-vault-core-4.0.3.jar:4.0.3]
	at org.springframework.vault.core.env.LeaseAwareVaultPropertySource.<init>(LeaseAwareVaultPropertySource.java:120) ~[spring-vault-core-4.0.3.jar:4.0.3]
	at org.springframework.cloud.vault.config.VaultConfigDataLoader.createLeasingPropertySource(VaultConfigDataLoader.java:293) ~[spring-cloud-vault-config-5.0.2.jar:5.0.2]
	at org.springframework.cloud.vault.config.VaultConfigDataLoader.lambda$loadConfigData$1(VaultConfigDataLoader.java:166) ~[spring-cloud-vault-config-5.0.2.jar:5.0.2]
	at org.springframework.cloud.vault.config.VaultConfigDataLoader.createConfigData(VaultConfigDataLoader.java:235) ~[spring-cloud-vault-config-5.0.2.jar:5.0.2]
	at org.springframework.cloud.vault.config.VaultConfigDataLoader.loadConfigData(VaultConfigDataLoader.java:166) ~[spring-cloud-vault-config-5.0.2.jar:5.0.2]
	at org.springframework.cloud.vault.config.VaultConfigDataLoader.load(VaultConfigDataLoader.java:143) ~[spring-cloud-vault-config-5.0.2.jar:5.0.2]
	at org.springframework.cloud.vault.config.VaultConfigDataLoader.load(VaultConfigDataLoader.java:96) ~[spring-cloud-vault-config-5.0.2.jar:5.0.2]
	at org.springframework.boot.context.config.ConfigDataLoaders.load(ConfigDataLoaders.java:100) ~[spring-boot-4.1.1.jar:4.1.1]
	at org.springframework.boot.context.config.ConfigDataImporter.load(ConfigDataImporter.java:133) ~[spring-boot-4.1.1.jar:4.1.1]
	at org.springframework.boot.context.config.ConfigDataImporter.resolveAndLoad(ConfigDataImporter.java:88) ~[spring-boot-4.1.1.jar:4.1.1]
	at org.springframework.boot.context.config.ConfigDataEnvironmentContributors.withProcessedImports(ConfigDataEnvironmentContributors.java:130) ~[spring-boot-4.1.1.jar:4.1.1]
	at org.springframework.boot.context.config.ConfigDataEnvironment.processWithProfiles(ConfigDataEnvironment.java:326) ~[spring-boot-4.1.1.jar:4.1.1]
	at org.springframework.boot.context.config.ConfigDataEnvironment.processAndApply(ConfigDataEnvironment.java:245) ~[spring-boot-4.1.1.jar:4.1.1]
	at org.springframework.boot.context.config.ConfigDataEnvironmentPostProcessor.postProcessEnvironment(ConfigDataEnvironmentPostProcessor.java:97) ~[spring-boot-4.1.1.jar:4.1.1]
	at org.springframework.boot.context.config.ConfigDataEnvironmentPostProcessor.postProcessEnvironment(ConfigDataEnvironmentPostProcessor.java:90) ~[spring-boot-4.1.1.jar:4.1.1]
	at org.springframework.boot.support.EnvironmentPostProcessorApplicationListener.onApplicationEnvironmentPreparedEvent(EnvironmentPostProcessorApplicationListener.java:137) ~[spring-boot-4.1.1.jar:4.1.1]
	at org.springframework.boot.support.EnvironmentPostProcessorApplicationListener.onApplicationEvent(EnvironmentPostProcessorApplicationListener.java:120) ~[spring-boot-4.1.1.jar:4.1.1]
	at org.springframework.context.event.SimpleApplicationEventMulticaster.doInvokeListener(SimpleApplicationEventMulticaster.java:180) ~[spring-context-7.0.9.jar:7.0.9]
	at org.springframework.context.event.SimpleApplicationEventMulticaster.invokeListener(SimpleApplicationEventMulticaster.java:173) ~[spring-context-7.0.9.jar:7.0.9]
	at org.springframework.context.event.SimpleApplicationEventMulticaster.multicastEvent(SimpleApplicationEventMulticaster.java:151) ~[spring-context-7.0.9.jar:7.0.9]
	at org.springframework.context.event.SimpleApplicationEventMulticaster.multicastEvent(SimpleApplicationEventMulticaster.java:133) ~[spring-context-7.0.9.jar:7.0.9]
	at org.springframework.boot.context.event.EventPublishingRunListener.multicastInitialEvent(EventPublishingRunListener.java:137) ~[spring-boot-4.1.1.jar:4.1.1]
	at org.springframework.boot.context.event.EventPublishingRunListener.environmentPrepared(EventPublishingRunListener.java:82) ~[spring-boot-4.1.1.jar:4.1.1]
	at org.springframework.boot.SpringApplicationRunListeners.lambda$environmentPrepared$0(SpringApplicationRunListeners.java:66) ~[spring-boot-4.1.1.jar:4.1.1]
	at java.base/java.lang.Iterable.forEach(Iterable.java:75) ~[na:na]
	at org.springframework.boot.SpringApplicationRunListeners.doWithListeners(SpringApplicationRunListeners.java:123) ~[spring-boot-4.1.1.jar:4.1.1]
	at org.springframework.boot.SpringApplicationRunListeners.doWithListeners(SpringApplicationRunListeners.java:117) ~[spring-boot-4.1.1.jar:4.1.1]
	at org.springframework.boot.SpringApplicationRunListeners.environmentPrepared(SpringApplicationRunListeners.java:65) ~[spring-boot-4.1.1.jar:4.1.1]
	at org.springframework.boot.SpringApplication.prepareEnvironment(SpringApplication.java:356) ~[spring-boot-4.1.1.jar:4.1.1]
	at org.springframework.boot.SpringApplication.run(SpringApplication.java:316) ~[spring-boot-4.1.1.jar:4.1.1]
	at org.springframework.boot.SpringApplication.run(SpringApplication.java:1365) ~[spring-boot-4.1.1.jar:4.1.1]
	at org.springframework.boot.SpringApplication.run(SpringApplication.java:1354) ~[spring-boot-4.1.1.jar:4.1.1]
	at com.trading.analysis_service.AnalysisServiceApplication.main(AnalysisServiceApplication.java:10) ~[classes/:na]
Caused by: org.springframework.web.client.ResourceAccessException: I/O error on GET request for "http://127.0.0.1:8200/v1/sys/internal/ui/mounts/secret/analysis-service": Connect to http://127.0.0.1:8200 failed: Connection refused: getsockopt
	at org.springframework.web.client.DefaultRestClient$DefaultRequestBodyUriSpec.createResourceAccessException(DefaultRestClient.java:779) ~[spring-web-7.0.9.jar:7.0.9]
	at org.springframework.web.client.DefaultRestClient$DefaultRequestBodyUriSpec.exchangeInternal(DefaultRestClient.java:624) ~[spring-web-7.0.9.jar:7.0.9]
	at org.springframework.web.client.DefaultRestClient$DefaultRequestBodyUriSpec.exchange(DefaultRestClient.java:572) ~[spring-web-7.0.9.jar:7.0.9]
	at org.springframework.web.client.RestClient$RequestHeadersSpec.exchange(RestClient.java:747) ~[spring-web-7.0.9.jar:7.0.9]
	at org.springframework.web.client.DefaultRestClient$DefaultResponseSpec.executeAndExtract(DefaultRestClient.java:924) ~[spring-web-7.0.9.jar:7.0.9]
	at org.springframework.web.client.DefaultRestClient$DefaultResponseSpec.toEntityInternal(DefaultRestClient.java:870) ~[spring-web-7.0.9.jar:7.0.9]
	at org.springframework.web.client.DefaultRestClient$DefaultResponseSpec.toEntity(DefaultRestClient.java:859) ~[spring-web-7.0.9.jar:7.0.9]
	at org.springframework.vault.core.VaultTemplate.lambda$doRead$0(VaultTemplate.java:577) ~[spring-vault-core-4.0.3.jar:4.0.3]
	at org.springframework.vault.core.VaultTemplate.doWithSessionClient(VaultTemplate.java:567) ~[spring-vault-core-4.0.3.jar:4.0.3]
	at org.springframework.vault.core.VaultTemplate.doRead(VaultTemplate.java:575) ~[spring-vault-core-4.0.3.jar:4.0.3]
	at org.springframework.vault.core.VaultTemplate.read(VaultTemplate.java:471) ~[spring-vault-core-4.0.3.jar:4.0.3]
	at org.springframework.vault.core.util.KeyValueDelegate.doGetMountInfo(KeyValueDelegate.java:112) ~[spring-vault-core-4.0.3.jar:4.0.3]
	at org.springframework.vault.core.util.KeyValueDelegate.getMountInfo(KeyValueDelegate.java:124) ~[spring-vault-core-4.0.3.jar:4.0.3]
	... 40 common frames omitted
Caused by: org.apache.hc.client5.http.HttpHostConnectException: Connect to http://127.0.0.1:8200 failed: Connection refused: getsockopt
	at java.base/sun.nio.ch.Net.pollConnect(Native Method) ~[na:na]
	at java.base/sun.nio.ch.Net.pollConnectNow(Net.java:672) ~[na:na]
	at java.base/sun.nio.ch.NioSocketImpl.timedFinishConnect(NioSocketImpl.java:547) ~[na:na]
	at java.base/sun.nio.ch.NioSocketImpl.connect(NioSocketImpl.java:602) ~[na:na]
	at java.base/java.net.SocksSocketImpl.connect(SocksSocketImpl.java:327) ~[na:na]
	at java.base/java.net.Socket.connect(Socket.java:633) ~[na:na]
	at org.apache.hc.client5.http.impl.io.DefaultHttpClientConnectionOperator.connect(DefaultHttpClientConnectionOperator.java:219) ~[httpclient5-5.6.4.jar:5.6.4]
	at org.apache.hc.client5.http.impl.io.PoolingHttpClientConnectionManager.connect(PoolingHttpClientConnectionManager.java:547) ~[httpclient5-5.6.4.jar:5.6.4]
	at org.apache.hc.client5.http.impl.classic.InternalExecRuntime.connectEndpoint(InternalExecRuntime.java:164) ~[httpclient5-5.6.4.jar:5.6.4]
	at org.apache.hc.client5.http.impl.classic.InternalExecRuntime.connectEndpoint(InternalExecRuntime.java:174) ~[httpclient5-5.6.4.jar:5.6.4]
	at org.apache.hc.client5.http.impl.classic.ConnectExec.execute(ConnectExec.java:144) ~[httpclient5-5.6.4.jar:5.6.4]
	at org.apache.hc.client5.http.impl.classic.ExecChainElement.execute(ExecChainElement.java:51) ~[httpclient5-5.6.4.jar:5.6.4]
	at org.apache.hc.client5.http.impl.classic.ProtocolExec.execute(ProtocolExec.java:192) ~[httpclient5-5.6.4.jar:5.6.4]
	at org.apache.hc.client5.http.impl.classic.ExecChainElement.execute(ExecChainElement.java:51) ~[httpclient5-5.6.4.jar:5.6.4]
	at org.apache.hc.client5.http.impl.classic.ContentCompressionExec.execute(ContentCompressionExec.java:138) ~[httpclient5-5.6.4.jar:5.6.4]
	at org.apache.hc.client5.http.impl.classic.ExecChainElement.execute(ExecChainElement.java:51) ~[httpclient5-5.6.4.jar:5.6.4]
	at org.apache.hc.client5.http.impl.classic.HttpRequestRetryExec.execute(HttpRequestRetryExec.java:112) ~[httpclient5-5.6.4.jar:5.6.4]
	at org.apache.hc.client5.http.impl.classic.ExecChainElement.execute(ExecChainElement.java:51) ~[httpclient5-5.6.4.jar:5.6.4]
	at org.apache.hc.client5.http.impl.classic.RedirectExec.execute(RedirectExec.java:110) ~[httpclient5-5.6.4.jar:5.6.4]
	at org.apache.hc.client5.http.impl.classic.ExecChainElement.execute(ExecChainElement.java:51) ~[httpclient5-5.6.4.jar:5.6.4]
	at org.apache.hc.client5.http.impl.classic.InternalHttpClient.doExecute(InternalHttpClient.java:186) ~[httpclient5-5.6.4.jar:5.6.4]
	at org.apache.hc.client5.http.impl.classic.CloseableHttpClient.execute(CloseableHttpClient.java:87) ~[httpclient5-5.6.4.jar:5.6.4]
	at org.apache.hc.client5.http.impl.classic.CloseableHttpClient.execute(CloseableHttpClient.java:55) ~[httpclient5-5.6.4.jar:5.6.4]
	at org.apache.hc.client5.http.classic.HttpClient.executeOpen(HttpClient.java:183) ~[httpclient5-5.6.4.jar:5.6.4]
	at org.springframework.http.client.HttpComponentsClientHttpRequest.executeInternal(HttpComponentsClientHttpRequest.java:99) ~[spring-web-7.0.9.jar:7.0.9]
	at org.springframework.http.client.AbstractStreamingClientHttpRequest.executeInternal(AbstractStreamingClientHttpRequest.java:87) ~[spring-web-7.0.9.jar:7.0.9]
	at org.springframework.http.client.AbstractClientHttpRequest.execute(AbstractClientHttpRequest.java:80) ~[spring-web-7.0.9.jar:7.0.9]
	at org.springframework.http.client.AbstractBufferingClientHttpRequest.executeWithRequestAndBody(AbstractBufferingClientHttpRequest.java:89) ~[spring-web-7.0.9.jar:7.0.9]
	at org.springframework.http.client.InterceptingClientHttpRequest$EndOfChainRequestExecution.execute(InterceptingClientHttpRequest.java:102) ~[spring-web-7.0.9.jar:7.0.9]
	at org.springframework.vault.core.VaultTemplate.lambda$getSessionInterceptor$0(VaultTemplate.java:381) ~[spring-vault-core-4.0.3.jar:4.0.3]
	at org.springframework.http.client.ClientHttpRequestInterceptor.lambda$andThen$1(ClientHttpRequestInterceptor.java:75) ~[spring-web-7.0.9.jar:7.0.9]
	at org.springframework.vault.client.RestTemplateBuilder.lambda$createTemplate$0(RestTemplateBuilder.java:241) ~[spring-vault-core-4.0.3.jar:4.0.3]
	at org.springframework.http.client.ClientHttpRequestInterceptor.lambda$andThen$1(ClientHttpRequestInterceptor.java:75) ~[spring-web-7.0.9.jar:7.0.9]
	at org.springframework.vault.client.VaultClients.lambda$createRestTemplate$0(VaultClients.java:145) ~[spring-vault-core-4.0.3.jar:4.0.3]
	at org.springframework.http.client.ClientHttpRequestInterceptor.lambda$andThen$0(ClientHttpRequestInterceptor.java:76) ~[spring-web-7.0.9.jar:7.0.9]
	at org.springframework.http.client.ClientHttpRequestInterceptor.lambda$andThen$0(ClientHttpRequestInterceptor.java:76) ~[spring-web-7.0.9.jar:7.0.9]
	at org.springframework.http.client.ClientHttpRequestInterceptor.lambda$apply$0(ClientHttpRequestInterceptor.java:89) ~[spring-web-7.0.9.jar:7.0.9]
	at org.springframework.http.client.InterceptingClientHttpRequest.executeInternal(InterceptingClientHttpRequest.java:73) ~[spring-web-7.0.9.jar:7.0.9]
	at org.springframework.http.client.AbstractBufferingClientHttpRequest.executeInternal(AbstractBufferingClientHttpRequest.java:50) ~[spring-web-7.0.9.jar:7.0.9]
	at org.springframework.http.client.AbstractClientHttpRequest.execute(AbstractClientHttpRequest.java:80) ~[spring-web-7.0.9.jar:7.0.9]
	at org.springframework.web.client.DefaultRestClient$DefaultRequestBodyUriSpec.exchangeInternal(DefaultRestClient.java:614) ~[spring-web-7.0.9.jar:7.0.9]
	... 51 common frames omitted

2026-08-23T16:01:38.456-04:00  INFO 5912 --- [analysis-service] [main] o.s.v.c.e.LeaseAwareVaultPropertySource  : Vault location [secret/analysis-service] not resolvable: Cannot determine MountInfo for path 'secret/analysis-service' using 'sys/internal/ui/mounts'
2026-08-23T16:01:38.456-04:00  WARN 5912 --- [analysis-service] [main] LeaseEventPublisher$LoggingErrorListener : [RequestedSecret [path='secret/application', mode=ROTATE]] Lease [leaseId='null', leaseDuration=PT0S, renewable=false] Cannot determine MountInfo for path 'secret/application' using 'sys/internal/ui/mounts'

org.springframework.vault.VaultException: Cannot determine MountInfo for path 'secret/application' using 'sys/internal/ui/mounts'
	at org.springframework.vault.core.util.KeyValueDelegate.getMountInfo(KeyValueDelegate.java:136) ~[spring-vault-core-4.0.3.jar:4.0.3]
	at org.springframework.vault.core.util.KeyValueDelegate.isVersioned(KeyValueDelegate.java:74) ~[spring-vault-core-4.0.3.jar:4.0.3]
	at org.springframework.vault.core.lease.SecretLeaseContainer.doGetSecrets(SecretLeaseContainer.java:664) ~[spring-vault-core-4.0.3.jar:4.0.3]
	at org.springframework.vault.core.lease.SecretLeaseContainer.doStart(SecretLeaseContainer.java:404) ~[spring-vault-core-4.0.3.jar:4.0.3]
	at org.springframework.vault.core.lease.SecretLeaseContainer.start(SecretLeaseContainer.java:394) ~[spring-vault-core-4.0.3.jar:4.0.3]
	at org.springframework.vault.core.lease.SecretLeaseContainer.addRequestedSecret(SecretLeaseContainer.java:362) ~[spring-vault-core-4.0.3.jar:4.0.3]
	at org.springframework.vault.core.env.LeaseAwareVaultPropertySource.loadProperties(LeaseAwareVaultPropertySource.java:179) ~[spring-vault-core-4.0.3.jar:4.0.3]
	at org.springframework.vault.core.env.LeaseAwareVaultPropertySource.<init>(LeaseAwareVaultPropertySource.java:164) ~[spring-vault-core-4.0.3.jar:4.0.3]
	at org.springframework.vault.core.env.LeaseAwareVaultPropertySource.<init>(LeaseAwareVaultPropertySource.java:120) ~[spring-vault-core-4.0.3.jar:4.0.3]
	at org.springframework.cloud.vault.config.VaultConfigDataLoader.createLeasingPropertySource(VaultConfigDataLoader.java:293) ~[spring-cloud-vault-config-5.0.2.jar:5.0.2]
	at org.springframework.cloud.vault.config.VaultConfigDataLoader.lambda$loadConfigData$1(VaultConfigDataLoader.java:166) ~[spring-cloud-vault-config-5.0.2.jar:5.0.2]
	at org.springframework.cloud.vault.config.VaultConfigDataLoader.createConfigData(VaultConfigDataLoader.java:235) ~[spring-cloud-vault-config-5.0.2.jar:5.0.2]
	at org.springframework.cloud.vault.config.VaultConfigDataLoader.loadConfigData(VaultConfigDataLoader.java:166) ~[spring-cloud-vault-config-5.0.2.jar:5.0.2]
	at org.springframework.cloud.vault.config.VaultConfigDataLoader.load(VaultConfigDataLoader.java:143) ~[spring-cloud-vault-config-5.0.2.jar:5.0.2]
	at org.springframework.cloud.vault.config.VaultConfigDataLoader.load(VaultConfigDataLoader.java:96) ~[spring-cloud-vault-config-5.0.2.jar:5.0.2]
	at org.springframework.boot.context.config.ConfigDataLoaders.load(ConfigDataLoaders.java:100) ~[spring-boot-4.1.1.jar:4.1.1]
	at org.springframework.boot.context.config.ConfigDataImporter.load(ConfigDataImporter.java:133) ~[spring-boot-4.1.1.jar:4.1.1]
	at org.springframework.boot.context.config.ConfigDataImporter.resolveAndLoad(ConfigDataImporter.java:88) ~[spring-boot-4.1.1.jar:4.1.1]
	at org.springframework.boot.context.config.ConfigDataEnvironmentContributors.withProcessedImports(ConfigDataEnvironmentContributors.java:130) ~[spring-boot-4.1.1.jar:4.1.1]
	at org.springframework.boot.context.config.ConfigDataEnvironment.processWithProfiles(ConfigDataEnvironment.java:326) ~[spring-boot-4.1.1.jar:4.1.1]
	at org.springframework.boot.context.config.ConfigDataEnvironment.processAndApply(ConfigDataEnvironment.java:245) ~[spring-boot-4.1.1.jar:4.1.1]
	at org.springframework.boot.context.config.ConfigDataEnvironmentPostProcessor.postProcessEnvironment(ConfigDataEnvironmentPostProcessor.java:97) ~[spring-boot-4.1.1.jar:4.1.1]
	at org.springframework.boot.context.config.ConfigDataEnvironmentPostProcessor.postProcessEnvironment(ConfigDataEnvironmentPostProcessor.java:90) ~[spring-boot-4.1.1.jar:4.1.1]
	at org.springframework.boot.support.EnvironmentPostProcessorApplicationListener.onApplicationEnvironmentPreparedEvent(EnvironmentPostProcessorApplicationListener.java:137) ~[spring-boot-4.1.1.jar:4.1.1]
	at org.springframework.boot.support.EnvironmentPostProcessorApplicationListener.onApplicationEvent(EnvironmentPostProcessorApplicationListener.java:120) ~[spring-boot-4.1.1.jar:4.1.1]
	at org.springframework.context.event.SimpleApplicationEventMulticaster.doInvokeListener(SimpleApplicationEventMulticaster.java:180) ~[spring-context-7.0.9.jar:7.0.9]
	at org.springframework.context.event.SimpleApplicationEventMulticaster.invokeListener(SimpleApplicationEventMulticaster.java:173) ~[spring-context-7.0.9.jar:7.0.9]
	at org.springframework.context.event.SimpleApplicationEventMulticaster.multicastEvent(SimpleApplicationEventMulticaster.java:151) ~[spring-context-7.0.9.jar:7.0.9]
	at org.springframework.context.event.SimpleApplicationEventMulticaster.multicastEvent(SimpleApplicationEventMulticaster.java:133) ~[spring-context-7.0.9.jar:7.0.9]
	at org.springframework.boot.context.event.EventPublishingRunListener.multicastInitialEvent(EventPublishingRunListener.java:137) ~[spring-boot-4.1.1.jar:4.1.1]
	at org.springframework.boot.context.event.EventPublishingRunListener.environmentPrepared(EventPublishingRunListener.java:82) ~[spring-boot-4.1.1.jar:4.1.1]
	at org.springframework.boot.SpringApplicationRunListeners.lambda$environmentPrepared$0(SpringApplicationRunListeners.java:66) ~[spring-boot-4.1.1.jar:4.1.1]
	at java.base/java.lang.Iterable.forEach(Iterable.java:75) ~[na:na]
	at org.springframework.boot.SpringApplicationRunListeners.doWithListeners(SpringApplicationRunListeners.java:123) ~[spring-boot-4.1.1.jar:4.1.1]
	at org.springframework.boot.SpringApplicationRunListeners.doWithListeners(SpringApplicationRunListeners.java:117) ~[spring-boot-4.1.1.jar:4.1.1]
	at org.springframework.boot.SpringApplicationRunListeners.environmentPrepared(SpringApplicationRunListeners.java:65) ~[spring-boot-4.1.1.jar:4.1.1]
	at org.springframework.boot.SpringApplication.prepareEnvironment(SpringApplication.java:356) ~[spring-boot-4.1.1.jar:4.1.1]
	at org.springframework.boot.SpringApplication.run(SpringApplication.java:316) ~[spring-boot-4.1.1.jar:4.1.1]
	at org.springframework.boot.SpringApplication.run(SpringApplication.java:1365) ~[spring-boot-4.1.1.jar:4.1.1]
	at org.springframework.boot.SpringApplication.run(SpringApplication.java:1354) ~[spring-boot-4.1.1.jar:4.1.1]
	at com.trading.analysis_service.AnalysisServiceApplication.main(AnalysisServiceApplication.java:10) ~[classes/:na]
Caused by: org.springframework.web.client.ResourceAccessException: I/O error on GET request for "http://127.0.0.1:8200/v1/sys/internal/ui/mounts/secret/application": Connect to http://127.0.0.1:8200 failed: Connection refused: getsockopt
	at org.springframework.web.client.DefaultRestClient$DefaultRequestBodyUriSpec.createResourceAccessException(DefaultRestClient.java:779) ~[spring-web-7.0.9.jar:7.0.9]
	at org.springframework.web.client.DefaultRestClient$DefaultRequestBodyUriSpec.exchangeInternal(DefaultRestClient.java:624) ~[spring-web-7.0.9.jar:7.0.9]
	at org.springframework.web.client.DefaultRestClient$DefaultRequestBodyUriSpec.exchange(DefaultRestClient.java:572) ~[spring-web-7.0.9.jar:7.0.9]
	at org.springframework.web.client.RestClient$RequestHeadersSpec.exchange(RestClient.java:747) ~[spring-web-7.0.9.jar:7.0.9]
	at org.springframework.web.client.DefaultRestClient$DefaultResponseSpec.executeAndExtract(DefaultRestClient.java:924) ~[spring-web-7.0.9.jar:7.0.9]
	at org.springframework.web.client.DefaultRestClient$DefaultResponseSpec.toEntityInternal(DefaultRestClient.java:870) ~[spring-web-7.0.9.jar:7.0.9]
	at org.springframework.web.client.DefaultRestClient$DefaultResponseSpec.toEntity(DefaultRestClient.java:859) ~[spring-web-7.0.9.jar:7.0.9]
	at org.springframework.vault.core.VaultTemplate.lambda$doRead$0(VaultTemplate.java:577) ~[spring-vault-core-4.0.3.jar:4.0.3]
	at org.springframework.vault.core.VaultTemplate.doWithSessionClient(VaultTemplate.java:567) ~[spring-vault-core-4.0.3.jar:4.0.3]
	at org.springframework.vault.core.VaultTemplate.doRead(VaultTemplate.java:575) ~[spring-vault-core-4.0.3.jar:4.0.3]
	at org.springframework.vault.core.VaultTemplate.read(VaultTemplate.java:471) ~[spring-vault-core-4.0.3.jar:4.0.3]
	at org.springframework.vault.core.util.KeyValueDelegate.doGetMountInfo(KeyValueDelegate.java:112) ~[spring-vault-core-4.0.3.jar:4.0.3]
	at org.springframework.vault.core.util.KeyValueDelegate.getMountInfo(KeyValueDelegate.java:124) ~[spring-vault-core-4.0.3.jar:4.0.3]
	... 40 common frames omitted
Caused by: org.apache.hc.client5.http.HttpHostConnectException: Connect to http://127.0.0.1:8200 failed: Connection refused: getsockopt
	at java.base/sun.nio.ch.Net.pollConnect(Native Method) ~[na:na]
	at java.base/sun.nio.ch.Net.pollConnectNow(Net.java:672) ~[na:na]
	at java.base/sun.nio.ch.NioSocketImpl.timedFinishConnect(NioSocketImpl.java:547) ~[na:na]
	at java.base/sun.nio.ch.NioSocketImpl.connect(NioSocketImpl.java:602) ~[na:na]
	at java.base/java.net.SocksSocketImpl.connect(SocksSocketImpl.java:327) ~[na:na]
	at java.base/java.net.Socket.connect(Socket.java:633) ~[na:na]
	at org.apache.hc.client5.http.impl.io.DefaultHttpClientConnectionOperator.connect(DefaultHttpClientConnectionOperator.java:219) ~[httpclient5-5.6.4.jar:5.6.4]
	at org.apache.hc.client5.http.impl.io.PoolingHttpClientConnectionManager.connect(PoolingHttpClientConnectionManager.java:547) ~[httpclient5-5.6.4.jar:5.6.4]
	at org.apache.hc.client5.http.impl.classic.InternalExecRuntime.connectEndpoint(InternalExecRuntime.java:164) ~[httpclient5-5.6.4.jar:5.6.4]
	at org.apache.hc.client5.http.impl.classic.InternalExecRuntime.connectEndpoint(InternalExecRuntime.java:174) ~[httpclient5-5.6.4.jar:5.6.4]
	at org.apache.hc.client5.http.impl.classic.ConnectExec.execute(ConnectExec.java:144) ~[httpclient5-5.6.4.jar:5.6.4]
	at org.apache.hc.client5.http.impl.classic.ExecChainElement.execute(ExecChainElement.java:51) ~[httpclient5-5.6.4.jar:5.6.4]
	at org.apache.hc.client5.http.impl.classic.ProtocolExec.execute(ProtocolExec.java:192) ~[httpclient5-5.6.4.jar:5.6.4]
	at org.apache.hc.client5.http.impl.classic.ExecChainElement.execute(ExecChainElement.java:51) ~[httpclient5-5.6.4.jar:5.6.4]
	at org.apache.hc.client5.http.impl.classic.ContentCompressionExec.execute(ContentCompressionExec.java:138) ~[httpclient5-5.6.4.jar:5.6.4]
	at org.apache.hc.client5.http.impl.classic.ExecChainElement.execute(ExecChainElement.java:51) ~[httpclient5-5.6.4.jar:5.6.4]
	at org.apache.hc.client5.http.impl.classic.HttpRequestRetryExec.execute(HttpRequestRetryExec.java:112) ~[httpclient5-5.6.4.jar:5.6.4]
	at org.apache.hc.client5.http.impl.classic.ExecChainElement.execute(ExecChainElement.java:51) ~[httpclient5-5.6.4.jar:5.6.4]
	at org.apache.hc.client5.http.impl.classic.RedirectExec.execute(RedirectExec.java:110) ~[httpclient5-5.6.4.jar:5.6.4]
	at org.apache.hc.client5.http.impl.classic.ExecChainElement.execute(ExecChainElement.java:51) ~[httpclient5-5.6.4.jar:5.6.4]
	at org.apache.hc.client5.http.impl.classic.InternalHttpClient.doExecute(InternalHttpClient.java:186) ~[httpclient5-5.6.4.jar:5.6.4]
	at org.apache.hc.client5.http.impl.classic.CloseableHttpClient.execute(CloseableHttpClient.java:87) ~[httpclient5-5.6.4.jar:5.6.4]
	at org.apache.hc.client5.http.impl.classic.CloseableHttpClient.execute(CloseableHttpClient.java:55) ~[httpclient5-5.6.4.jar:5.6.4]
	at org.apache.hc.client5.http.classic.HttpClient.executeOpen(HttpClient.java:183) ~[httpclient5-5.6.4.jar:5.6.4]
	at org.springframework.http.client.HttpComponentsClientHttpRequest.executeInternal(HttpComponentsClientHttpRequest.java:99) ~[spring-web-7.0.9.jar:7.0.9]
	at org.springframework.http.client.AbstractStreamingClientHttpRequest.executeInternal(AbstractStreamingClientHttpRequest.java:87) ~[spring-web-7.0.9.jar:7.0.9]
	at org.springframework.http.client.AbstractClientHttpRequest.execute(AbstractClientHttpRequest.java:80) ~[spring-web-7.0.9.jar:7.0.9]
	at org.springframework.http.client.AbstractBufferingClientHttpRequest.executeWithRequestAndBody(AbstractBufferingClientHttpRequest.java:89) ~[spring-web-7.0.9.jar:7.0.9]
	at org.springframework.http.client.InterceptingClientHttpRequest$EndOfChainRequestExecution.execute(InterceptingClientHttpRequest.java:102) ~[spring-web-7.0.9.jar:7.0.9]
	at org.springframework.vault.core.VaultTemplate.lambda$getSessionInterceptor$0(VaultTemplate.java:381) ~[spring-vault-core-4.0.3.jar:4.0.3]
	at org.springframework.http.client.ClientHttpRequestInterceptor.lambda$andThen$1(ClientHttpRequestInterceptor.java:75) ~[spring-web-7.0.9.jar:7.0.9]
	at org.springframework.vault.client.RestTemplateBuilder.lambda$createTemplate$0(RestTemplateBuilder.java:241) ~[spring-vault-core-4.0.3.jar:4.0.3]
	at org.springframework.http.client.ClientHttpRequestInterceptor.lambda$andThen$1(ClientHttpRequestInterceptor.java:75) ~[spring-web-7.0.9.jar:7.0.9]
	at org.springframework.vault.client.VaultClients.lambda$createRestTemplate$0(VaultClients.java:145) ~[spring-vault-core-4.0.3.jar:4.0.3]
	at org.springframework.http.client.ClientHttpRequestInterceptor.lambda$andThen$0(ClientHttpRequestInterceptor.java:76) ~[spring-web-7.0.9.jar:7.0.9]
	at org.springframework.http.client.ClientHttpRequestInterceptor.lambda$andThen$0(ClientHttpRequestInterceptor.java:76) ~[spring-web-7.0.9.jar:7.0.9]
	at org.springframework.http.client.ClientHttpRequestInterceptor.lambda$apply$0(ClientHttpRequestInterceptor.java:89) ~[spring-web-7.0.9.jar:7.0.9]
	at org.springframework.http.client.InterceptingClientHttpRequest.executeInternal(InterceptingClientHttpRequest.java:73) ~[spring-web-7.0.9.jar:7.0.9]
	at org.springframework.http.client.AbstractBufferingClientHttpRequest.executeInternal(AbstractBufferingClientHttpRequest.java:50) ~[spring-web-7.0.9.jar:7.0.9]
	at org.springframework.http.client.AbstractClientHttpRequest.execute(AbstractClientHttpRequest.java:80) ~[spring-web-7.0.9.jar:7.0.9]
	at org.springframework.web.client.DefaultRestClient$DefaultRequestBodyUriSpec.exchangeInternal(DefaultRestClient.java:614) ~[spring-web-7.0.9.jar:7.0.9]
	... 51 common frames omitted

2026-08-23T16:01:38.457-04:00  INFO 5912 --- [analysis-service] [main] o.s.v.c.e.LeaseAwareVaultPropertySource  : Vault location [secret/application] not resolvable: Cannot determine MountInfo for path 'secret/application' using 'sys/internal/ui/mounts'
2026-08-23T16:01:38.833-04:00  INFO 5912 --- [analysis-service] [main] o.s.cloud.context.scope.GenericScope     : BeanFactory id=960d5fa7-2a40-3bdb-b0b3-03ebfb9f6d95
2026-08-23T16:01:38.988-04:00  INFO 5912 --- [analysis-service] [main] o.s.boot.tomcat.TomcatWebServer          : Tomcat initialized with port 8082 (http)
2026-08-23T16:01:38.997-04:00  INFO 5912 --- [analysis-service] [main] o.apache.catalina.core.StandardService   : Starting service [Tomcat]
2026-08-23T16:01:38.998-04:00  INFO 5912 --- [analysis-service] [main] o.apache.catalina.core.StandardEngine    : Starting Servlet engine: [Apache Tomcat/11.0.24]
2026-08-23T16:01:39.038-04:00  INFO 5912 --- [analysis-service] [main] b.w.c.s.WebApplicationContextInitializer : Root WebApplicationContext: initialization completed in 579 ms
2026-08-23T16:01:39.075-04:00  WARN 5912 --- [analysis-service] [main] o.s.core.annotation.MergedAnnotation     : Failed to introspect meta-annotation @AutoConfiguration on class org.springframework.ai.autoconfigure.ollama.OllamaAutoConfiguration: java.lang.TypeNotPresentException: Type org.springframework.boot.autoconfigure.web.client.RestClientAutoConfiguration not present
2026-08-23T16:01:39.532-04:00  INFO 5912 --- [analysis-service] [main] o.s.boot.tomcat.TomcatWebServer          : Tomcat started on port 8082 (http) with context path '/'
2026-08-23T16:01:39.772-04:00  INFO 5912 --- [analysis-service] [main] c.t.a.AnalysisServiceApplication         : Started AnalysisServiceApplication in 2.416 seconds (process running for 2.763)
2026-08-23T16:02:10.491-04:00  INFO 5912 --- [analysis-service] [http-nio-8082-exec-1] o.a.c.c.C.[Tomcat].[localhost].[/]       : Initializing Spring DispatcherServlet 'dispatcherServlet'
2026-08-23T16:02:10.492-04:00  INFO 5912 --- [analysis-service] [http-nio-8082-exec-1] o.s.web.servlet.DispatcherServlet        : Initializing Servlet 'dispatcherServlet'
2026-08-23T16:02:10.492-04:00  INFO 5912 --- [analysis-service] [http-nio-8082-exec-1] o.s.web.servlet.DispatcherServlet        : Completed initialization in 0 ms
2026-08-23T16:03:05.133-04:00  INFO 10316 --- [analysis-service] [main] c.t.a.AnalysisServiceApplication         : Starting AnalysisServiceApplication using Java 17.0.12 with PID 10316 (C:\Development\TradingApp\analysis-service\target\classes started by mrcsh in C:\Development\TradingApp\analysis-service)
2026-08-23T16:03:05.135-04:00  INFO 10316 --- [analysis-service] [main] c.t.a.AnalysisServiceApplication         : No active profile set, falling back to 1 default profile: "default"
2026-08-23T16:03:05.159-04:00  WARN 10316 --- [analysis-service] [main] LeaseEventPublisher$LoggingErrorListener : [RequestedSecret [path='secret/analysis-service', mode=ROTATE]] Lease [leaseId='null', leaseDuration=PT0S, renewable=false] Cannot determine MountInfo for path 'secret/analysis-service' using 'sys/internal/ui/mounts'

org.springframework.vault.VaultException: Cannot determine MountInfo for path 'secret/analysis-service' using 'sys/internal/ui/mounts'
	at org.springframework.vault.core.util.KeyValueDelegate.getMountInfo(KeyValueDelegate.java:136) ~[spring-vault-core-4.0.3.jar:4.0.3]
	at org.springframework.vault.core.util.KeyValueDelegate.isVersioned(KeyValueDelegate.java:74) ~[spring-vault-core-4.0.3.jar:4.0.3]
	at org.springframework.vault.core.lease.SecretLeaseContainer.doGetSecrets(SecretLeaseContainer.java:664) ~[spring-vault-core-4.0.3.jar:4.0.3]
	at org.springframework.vault.core.lease.SecretLeaseContainer.doStart(SecretLeaseContainer.java:404) ~[spring-vault-core-4.0.3.jar:4.0.3]
	at org.springframework.vault.core.lease.SecretLeaseContainer.start(SecretLeaseContainer.java:394) ~[spring-vault-core-4.0.3.jar:4.0.3]
	at org.springframework.vault.core.lease.SecretLeaseContainer.addRequestedSecret(SecretLeaseContainer.java:362) ~[spring-vault-core-4.0.3.jar:4.0.3]
	at org.springframework.vault.core.env.LeaseAwareVaultPropertySource.loadProperties(LeaseAwareVaultPropertySource.java:179) ~[spring-vault-core-4.0.3.jar:4.0.3]
	at org.springframework.vault.core.env.LeaseAwareVaultPropertySource.<init>(LeaseAwareVaultPropertySource.java:164) ~[spring-vault-core-4.0.3.jar:4.0.3]
	at org.springframework.vault.core.env.LeaseAwareVaultPropertySource.<init>(LeaseAwareVaultPropertySource.java:120) ~[spring-vault-core-4.0.3.jar:4.0.3]
	at org.springframework.cloud.vault.config.VaultConfigDataLoader.createLeasingPropertySource(VaultConfigDataLoader.java:293) ~[spring-cloud-vault-config-5.0.2.jar:5.0.2]
	at org.springframework.cloud.vault.config.VaultConfigDataLoader.lambda$loadConfigData$1(VaultConfigDataLoader.java:166) ~[spring-cloud-vault-config-5.0.2.jar:5.0.2]
	at org.springframework.cloud.vault.config.VaultConfigDataLoader.createConfigData(VaultConfigDataLoader.java:235) ~[spring-cloud-vault-config-5.0.2.jar:5.0.2]
	at org.springframework.cloud.vault.config.VaultConfigDataLoader.loadConfigData(VaultConfigDataLoader.java:166) ~[spring-cloud-vault-config-5.0.2.jar:5.0.2]
	at org.springframework.cloud.vault.config.VaultConfigDataLoader.load(VaultConfigDataLoader.java:143) ~[spring-cloud-vault-config-5.0.2.jar:5.0.2]
	at org.springframework.cloud.vault.config.VaultConfigDataLoader.load(VaultConfigDataLoader.java:96) ~[spring-cloud-vault-config-5.0.2.jar:5.0.2]
	at org.springframework.boot.context.config.ConfigDataLoaders.load(ConfigDataLoaders.java:100) ~[spring-boot-4.1.1.jar:4.1.1]
	at org.springframework.boot.context.config.ConfigDataImporter.load(ConfigDataImporter.java:133) ~[spring-boot-4.1.1.jar:4.1.1]
	at org.springframework.boot.context.config.ConfigDataImporter.resolveAndLoad(ConfigDataImporter.java:88) ~[spring-boot-4.1.1.jar:4.1.1]
	at org.springframework.boot.context.config.ConfigDataEnvironmentContributors.withProcessedImports(ConfigDataEnvironmentContributors.java:130) ~[spring-boot-4.1.1.jar:4.1.1]
	at org.springframework.boot.context.config.ConfigDataEnvironment.processWithProfiles(ConfigDataEnvironment.java:326) ~[spring-boot-4.1.1.jar:4.1.1]
	at org.springframework.boot.context.config.ConfigDataEnvironment.processAndApply(ConfigDataEnvironment.java:245) ~[spring-boot-4.1.1.jar:4.1.1]
	at org.springframework.boot.context.config.ConfigDataEnvironmentPostProcessor.postProcessEnvironment(ConfigDataEnvironmentPostProcessor.java:97) ~[spring-boot-4.1.1.jar:4.1.1]
	at org.springframework.boot.context.config.ConfigDataEnvironmentPostProcessor.postProcessEnvironment(ConfigDataEnvironmentPostProcessor.java:90) ~[spring-boot-4.1.1.jar:4.1.1]
	at org.springframework.boot.support.EnvironmentPostProcessorApplicationListener.onApplicationEnvironmentPreparedEvent(EnvironmentPostProcessorApplicationListener.java:137) ~[spring-boot-4.1.1.jar:4.1.1]
	at org.springframework.boot.support.EnvironmentPostProcessorApplicationListener.onApplicationEvent(EnvironmentPostProcessorApplicationListener.java:120) ~[spring-boot-4.1.1.jar:4.1.1]
	at org.springframework.context.event.SimpleApplicationEventMulticaster.doInvokeListener(SimpleApplicationEventMulticaster.java:180) ~[spring-context-7.0.9.jar:7.0.9]
	at org.springframework.context.event.SimpleApplicationEventMulticaster.invokeListener(SimpleApplicationEventMulticaster.java:173) ~[spring-context-7.0.9.jar:7.0.9]
	at org.springframework.context.event.SimpleApplicationEventMulticaster.multicastEvent(SimpleApplicationEventMulticaster.java:151) ~[spring-context-7.0.9.jar:7.0.9]
	at org.springframework.context.event.SimpleApplicationEventMulticaster.multicastEvent(SimpleApplicationEventMulticaster.java:133) ~[spring-context-7.0.9.jar:7.0.9]
	at org.springframework.boot.context.event.EventPublishingRunListener.multicastInitialEvent(EventPublishingRunListener.java:137) ~[spring-boot-4.1.1.jar:4.1.1]
	at org.springframework.boot.context.event.EventPublishingRunListener.environmentPrepared(EventPublishingRunListener.java:82) ~[spring-boot-4.1.1.jar:4.1.1]
	at org.springframework.boot.SpringApplicationRunListeners.lambda$environmentPrepared$0(SpringApplicationRunListeners.java:66) ~[spring-boot-4.1.1.jar:4.1.1]
	at java.base/java.lang.Iterable.forEach(Iterable.java:75) ~[na:na]
	at org.springframework.boot.SpringApplicationRunListeners.doWithListeners(SpringApplicationRunListeners.java:123) ~[spring-boot-4.1.1.jar:4.1.1]
	at org.springframework.boot.SpringApplicationRunListeners.doWithListeners(SpringApplicationRunListeners.java:117) ~[spring-boot-4.1.1.jar:4.1.1]
	at org.springframework.boot.SpringApplicationRunListeners.environmentPrepared(SpringApplicationRunListeners.java:65) ~[spring-boot-4.1.1.jar:4.1.1]
	at org.springframework.boot.SpringApplication.prepareEnvironment(SpringApplication.java:356) ~[spring-boot-4.1.1.jar:4.1.1]
	at org.springframework.boot.SpringApplication.run(SpringApplication.java:316) ~[spring-boot-4.1.1.jar:4.1.1]
	at org.springframework.boot.SpringApplication.run(SpringApplication.java:1365) ~[spring-boot-4.1.1.jar:4.1.1]
	at org.springframework.boot.SpringApplication.run(SpringApplication.java:1354) ~[spring-boot-4.1.1.jar:4.1.1]
	at com.trading.analysis_service.AnalysisServiceApplication.main(AnalysisServiceApplication.java:10) ~[classes/:na]
Caused by: org.springframework.web.client.ResourceAccessException: I/O error on GET request for "http://127.0.0.1:8200/v1/sys/internal/ui/mounts/secret/analysis-service": Connect to http://127.0.0.1:8200 failed: Connection refused: getsockopt
	at org.springframework.web.client.DefaultRestClient$DefaultRequestBodyUriSpec.createResourceAccessException(DefaultRestClient.java:779) ~[spring-web-7.0.9.jar:7.0.9]
	at org.springframework.web.client.DefaultRestClient$DefaultRequestBodyUriSpec.exchangeInternal(DefaultRestClient.java:624) ~[spring-web-7.0.9.jar:7.0.9]
	at org.springframework.web.client.DefaultRestClient$DefaultRequestBodyUriSpec.exchange(DefaultRestClient.java:572) ~[spring-web-7.0.9.jar:7.0.9]
	at org.springframework.web.client.RestClient$RequestHeadersSpec.exchange(RestClient.java:747) ~[spring-web-7.0.9.jar:7.0.9]
	at org.springframework.web.client.DefaultRestClient$DefaultResponseSpec.executeAndExtract(DefaultRestClient.java:924) ~[spring-web-7.0.9.jar:7.0.9]
	at org.springframework.web.client.DefaultRestClient$DefaultResponseSpec.toEntityInternal(DefaultRestClient.java:870) ~[spring-web-7.0.9.jar:7.0.9]
	at org.springframework.web.client.DefaultRestClient$DefaultResponseSpec.toEntity(DefaultRestClient.java:859) ~[spring-web-7.0.9.jar:7.0.9]
	at org.springframework.vault.core.VaultTemplate.lambda$doRead$0(VaultTemplate.java:577) ~[spring-vault-core-4.0.3.jar:4.0.3]
	at org.springframework.vault.core.VaultTemplate.doWithSessionClient(VaultTemplate.java:567) ~[spring-vault-core-4.0.3.jar:4.0.3]
	at org.springframework.vault.core.VaultTemplate.doRead(VaultTemplate.java:575) ~[spring-vault-core-4.0.3.jar:4.0.3]
	at org.springframework.vault.core.VaultTemplate.read(VaultTemplate.java:471) ~[spring-vault-core-4.0.3.jar:4.0.3]
	at org.springframework.vault.core.util.KeyValueDelegate.doGetMountInfo(KeyValueDelegate.java:112) ~[spring-vault-core-4.0.3.jar:4.0.3]
	at org.springframework.vault.core.util.KeyValueDelegate.getMountInfo(KeyValueDelegate.java:124) ~[spring-vault-core-4.0.3.jar:4.0.3]
	... 40 common frames omitted
Caused by: org.apache.hc.client5.http.HttpHostConnectException: Connect to http://127.0.0.1:8200 failed: Connection refused: getsockopt
	at java.base/sun.nio.ch.Net.pollConnect(Native Method) ~[na:na]
	at java.base/sun.nio.ch.Net.pollConnectNow(Net.java:672) ~[na:na]
	at java.base/sun.nio.ch.NioSocketImpl.timedFinishConnect(NioSocketImpl.java:547) ~[na:na]
	at java.base/sun.nio.ch.NioSocketImpl.connect(NioSocketImpl.java:602) ~[na:na]
	at java.base/java.net.SocksSocketImpl.connect(SocksSocketImpl.java:327) ~[na:na]
	at java.base/java.net.Socket.connect(Socket.java:633) ~[na:na]
	at org.apache.hc.client5.http.impl.io.DefaultHttpClientConnectionOperator.connect(DefaultHttpClientConnectionOperator.java:219) ~[httpclient5-5.6.4.jar:5.6.4]
	at org.apache.hc.client5.http.impl.io.PoolingHttpClientConnectionManager.connect(PoolingHttpClientConnectionManager.java:547) ~[httpclient5-5.6.4.jar:5.6.4]
	at org.apache.hc.client5.http.impl.classic.InternalExecRuntime.connectEndpoint(InternalExecRuntime.java:164) ~[httpclient5-5.6.4.jar:5.6.4]
	at org.apache.hc.client5.http.impl.classic.InternalExecRuntime.connectEndpoint(InternalExecRuntime.java:174) ~[httpclient5-5.6.4.jar:5.6.4]
	at org.apache.hc.client5.http.impl.classic.ConnectExec.execute(ConnectExec.java:144) ~[httpclient5-5.6.4.jar:5.6.4]
	at org.apache.hc.client5.http.impl.classic.ExecChainElement.execute(ExecChainElement.java:51) ~[httpclient5-5.6.4.jar:5.6.4]
	at org.apache.hc.client5.http.impl.classic.ProtocolExec.execute(ProtocolExec.java:192) ~[httpclient5-5.6.4.jar:5.6.4]
	at org.apache.hc.client5.http.impl.classic.ExecChainElement.execute(ExecChainElement.java:51) ~[httpclient5-5.6.4.jar:5.6.4]
	at org.apache.hc.client5.http.impl.classic.ContentCompressionExec.execute(ContentCompressionExec.java:138) ~[httpclient5-5.6.4.jar:5.6.4]
	at org.apache.hc.client5.http.impl.classic.ExecChainElement.execute(ExecChainElement.java:51) ~[httpclient5-5.6.4.jar:5.6.4]
	at org.apache.hc.client5.http.impl.classic.HttpRequestRetryExec.execute(HttpRequestRetryExec.java:112) ~[httpclient5-5.6.4.jar:5.6.4]
	at org.apache.hc.client5.http.impl.classic.ExecChainElement.execute(ExecChainElement.java:51) ~[httpclient5-5.6.4.jar:5.6.4]
	at org.apache.hc.client5.http.impl.classic.RedirectExec.execute(RedirectExec.java:110) ~[httpclient5-5.6.4.jar:5.6.4]
	at org.apache.hc.client5.http.impl.classic.ExecChainElement.execute(ExecChainElement.java:51) ~[httpclient5-5.6.4.jar:5.6.4]
	at org.apache.hc.client5.http.impl.classic.InternalHttpClient.doExecute(InternalHttpClient.java:186) ~[httpclient5-5.6.4.jar:5.6.4]
	at org.apache.hc.client5.http.impl.classic.CloseableHttpClient.execute(CloseableHttpClient.java:87) ~[httpclient5-5.6.4.jar:5.6.4]
	at org.apache.hc.client5.http.impl.classic.CloseableHttpClient.execute(CloseableHttpClient.java:55) ~[httpclient5-5.6.4.jar:5.6.4]
	at org.apache.hc.client5.http.classic.HttpClient.executeOpen(HttpClient.java:183) ~[httpclient5-5.6.4.jar:5.6.4]
	at org.springframework.http.client.HttpComponentsClientHttpRequest.executeInternal(HttpComponentsClientHttpRequest.java:99) ~[spring-web-7.0.9.jar:7.0.9]
	at org.springframework.http.client.AbstractStreamingClientHttpRequest.executeInternal(AbstractStreamingClientHttpRequest.java:87) ~[spring-web-7.0.9.jar:7.0.9]
	at org.springframework.http.client.AbstractClientHttpRequest.execute(AbstractClientHttpRequest.java:80) ~[spring-web-7.0.9.jar:7.0.9]
	at org.springframework.http.client.AbstractBufferingClientHttpRequest.executeWithRequestAndBody(AbstractBufferingClientHttpRequest.java:89) ~[spring-web-7.0.9.jar:7.0.9]
	at org.springframework.http.client.InterceptingClientHttpRequest$EndOfChainRequestExecution.execute(InterceptingClientHttpRequest.java:102) ~[spring-web-7.0.9.jar:7.0.9]
	at org.springframework.vault.core.VaultTemplate.lambda$getSessionInterceptor$0(VaultTemplate.java:381) ~[spring-vault-core-4.0.3.jar:4.0.3]
	at org.springframework.http.client.ClientHttpRequestInterceptor.lambda$andThen$1(ClientHttpRequestInterceptor.java:75) ~[spring-web-7.0.9.jar:7.0.9]
	at org.springframework.vault.client.RestTemplateBuilder.lambda$createTemplate$0(RestTemplateBuilder.java:241) ~[spring-vault-core-4.0.3.jar:4.0.3]
	at org.springframework.http.client.ClientHttpRequestInterceptor.lambda$andThen$1(ClientHttpRequestInterceptor.java:75) ~[spring-web-7.0.9.jar:7.0.9]
	at org.springframework.vault.client.VaultClients.lambda$createRestTemplate$0(VaultClients.java:145) ~[spring-vault-core-4.0.3.jar:4.0.3]
	at org.springframework.http.client.ClientHttpRequestInterceptor.lambda$andThen$0(ClientHttpRequestInterceptor.java:76) ~[spring-web-7.0.9.jar:7.0.9]
	at org.springframework.http.client.ClientHttpRequestInterceptor.lambda$andThen$0(ClientHttpRequestInterceptor.java:76) ~[spring-web-7.0.9.jar:7.0.9]
	at org.springframework.http.client.ClientHttpRequestInterceptor.lambda$apply$0(ClientHttpRequestInterceptor.java:89) ~[spring-web-7.0.9.jar:7.0.9]
	at org.springframework.http.client.InterceptingClientHttpRequest.executeInternal(InterceptingClientHttpRequest.java:73) ~[spring-web-7.0.9.jar:7.0.9]
	at org.springframework.http.client.AbstractBufferingClientHttpRequest.executeInternal(AbstractBufferingClientHttpRequest.java:50) ~[spring-web-7.0.9.jar:7.0.9]
	at org.springframework.http.client.AbstractClientHttpRequest.execute(AbstractClientHttpRequest.java:80) ~[spring-web-7.0.9.jar:7.0.9]
	at org.springframework.web.client.DefaultRestClient$DefaultRequestBodyUriSpec.exchangeInternal(DefaultRestClient.java:614) ~[spring-web-7.0.9.jar:7.0.9]
	... 51 common frames omitted

2026-08-23T16:03:05.163-04:00  INFO 10316 --- [analysis-service] [main] o.s.v.c.e.LeaseAwareVaultPropertySource  : Vault location [secret/analysis-service] not resolvable: Cannot determine MountInfo for path 'secret/analysis-service' using 'sys/internal/ui/mounts'
2026-08-23T16:03:05.163-04:00  WARN 10316 --- [analysis-service] [main] LeaseEventPublisher$LoggingErrorListener : [RequestedSecret [path='secret/application', mode=ROTATE]] Lease [leaseId='null', leaseDuration=PT0S, renewable=false] Cannot determine MountInfo for path 'secret/application' using 'sys/internal/ui/mounts'

org.springframework.vault.VaultException: Cannot determine MountInfo for path 'secret/application' using 'sys/internal/ui/mounts'
	at org.springframework.vault.core.util.KeyValueDelegate.getMountInfo(KeyValueDelegate.java:136) ~[spring-vault-core-4.0.3.jar:4.0.3]
	at org.springframework.vault.core.util.KeyValueDelegate.isVersioned(KeyValueDelegate.java:74) ~[spring-vault-core-4.0.3.jar:4.0.3]
	at org.springframework.vault.core.lease.SecretLeaseContainer.doGetSecrets(SecretLeaseContainer.java:664) ~[spring-vault-core-4.0.3.jar:4.0.3]
	at org.springframework.vault.core.lease.SecretLeaseContainer.doStart(SecretLeaseContainer.java:404) ~[spring-vault-core-4.0.3.jar:4.0.3]
	at org.springframework.vault.core.lease.SecretLeaseContainer.start(SecretLeaseContainer.java:394) ~[spring-vault-core-4.0.3.jar:4.0.3]
	at org.springframework.vault.core.lease.SecretLeaseContainer.addRequestedSecret(SecretLeaseContainer.java:362) ~[spring-vault-core-4.0.3.jar:4.0.3]
	at org.springframework.vault.core.env.LeaseAwareVaultPropertySource.loadProperties(LeaseAwareVaultPropertySource.java:179) ~[spring-vault-core-4.0.3.jar:4.0.3]
	at org.springframework.vault.core.env.LeaseAwareVaultPropertySource.<init>(LeaseAwareVaultPropertySource.java:164) ~[spring-vault-core-4.0.3.jar:4.0.3]
	at org.springframework.vault.core.env.LeaseAwareVaultPropertySource.<init>(LeaseAwareVaultPropertySource.java:120) ~[spring-vault-core-4.0.3.jar:4.0.3]
	at org.springframework.cloud.vault.config.VaultConfigDataLoader.createLeasingPropertySource(VaultConfigDataLoader.java:293) ~[spring-cloud-vault-config-5.0.2.jar:5.0.2]
	at org.springframework.cloud.vault.config.VaultConfigDataLoader.lambda$loadConfigData$1(VaultConfigDataLoader.java:166) ~[spring-cloud-vault-config-5.0.2.jar:5.0.2]
	at org.springframework.cloud.vault.config.VaultConfigDataLoader.createConfigData(VaultConfigDataLoader.java:235) ~[spring-cloud-vault-config-5.0.2.jar:5.0.2]
	at org.springframework.cloud.vault.config.VaultConfigDataLoader.loadConfigData(VaultConfigDataLoader.java:166) ~[spring-cloud-vault-config-5.0.2.jar:5.0.2]
	at org.springframework.cloud.vault.config.VaultConfigDataLoader.load(VaultConfigDataLoader.java:143) ~[spring-cloud-vault-config-5.0.2.jar:5.0.2]
	at org.springframework.cloud.vault.config.VaultConfigDataLoader.load(VaultConfigDataLoader.java:96) ~[spring-cloud-vault-config-5.0.2.jar:5.0.2]
	at org.springframework.boot.context.config.ConfigDataLoaders.load(ConfigDataLoaders.java:100) ~[spring-boot-4.1.1.jar:4.1.1]
	at org.springframework.boot.context.config.ConfigDataImporter.load(ConfigDataImporter.java:133) ~[spring-boot-4.1.1.jar:4.1.1]
	at org.springframework.boot.context.config.ConfigDataImporter.resolveAndLoad(ConfigDataImporter.java:88) ~[spring-boot-4.1.1.jar:4.1.1]
	at org.springframework.boot.context.config.ConfigDataEnvironmentContributors.withProcessedImports(ConfigDataEnvironmentContributors.java:130) ~[spring-boot-4.1.1.jar:4.1.1]
	at org.springframework.boot.context.config.ConfigDataEnvironment.processWithProfiles(ConfigDataEnvironment.java:326) ~[spring-boot-4.1.1.jar:4.1.1]
	at org.springframework.boot.context.config.ConfigDataEnvironment.processAndApply(ConfigDataEnvironment.java:245) ~[spring-boot-4.1.1.jar:4.1.1]
	at org.springframework.boot.context.config.ConfigDataEnvironmentPostProcessor.postProcessEnvironment(ConfigDataEnvironmentPostProcessor.java:97) ~[spring-boot-4.1.1.jar:4.1.1]
	at org.springframework.boot.context.config.ConfigDataEnvironmentPostProcessor.postProcessEnvironment(ConfigDataEnvironmentPostProcessor.java:90) ~[spring-boot-4.1.1.jar:4.1.1]
	at org.springframework.boot.support.EnvironmentPostProcessorApplicationListener.onApplicationEnvironmentPreparedEvent(EnvironmentPostProcessorApplicationListener.java:137) ~[spring-boot-4.1.1.jar:4.1.1]
	at org.springframework.boot.support.EnvironmentPostProcessorApplicationListener.onApplicationEvent(EnvironmentPostProcessorApplicationListener.java:120) ~[spring-boot-4.1.1.jar:4.1.1]
	at org.springframework.context.event.SimpleApplicationEventMulticaster.doInvokeListener(SimpleApplicationEventMulticaster.java:180) ~[spring-context-7.0.9.jar:7.0.9]
	at org.springframework.context.event.SimpleApplicationEventMulticaster.invokeListener(SimpleApplicationEventMulticaster.java:173) ~[spring-context-7.0.9.jar:7.0.9]
	at org.springframework.context.event.SimpleApplicationEventMulticaster.multicastEvent(SimpleApplicationEventMulticaster.java:151) ~[spring-context-7.0.9.jar:7.0.9]
	at org.springframework.context.event.SimpleApplicationEventMulticaster.multicastEvent(SimpleApplicationEventMulticaster.java:133) ~[spring-context-7.0.9.jar:7.0.9]
	at org.springframework.boot.context.event.EventPublishingRunListener.multicastInitialEvent(EventPublishingRunListener.java:137) ~[spring-boot-4.1.1.jar:4.1.1]
	at org.springframework.boot.context.event.EventPublishingRunListener.environmentPrepared(EventPublishingRunListener.java:82) ~[spring-boot-4.1.1.jar:4.1.1]
	at org.springframework.boot.SpringApplicationRunListeners.lambda$environmentPrepared$0(SpringApplicationRunListeners.java:66) ~[spring-boot-4.1.1.jar:4.1.1]
	at java.base/java.lang.Iterable.forEach(Iterable.java:75) ~[na:na]
	at org.springframework.boot.SpringApplicationRunListeners.doWithListeners(SpringApplicationRunListeners.java:123) ~[spring-boot-4.1.1.jar:4.1.1]
	at org.springframework.boot.SpringApplicationRunListeners.doWithListeners(SpringApplicationRunListeners.java:117) ~[spring-boot-4.1.1.jar:4.1.1]
	at org.springframework.boot.SpringApplicationRunListeners.environmentPrepared(SpringApplicationRunListeners.java:65) ~[spring-boot-4.1.1.jar:4.1.1]
	at org.springframework.boot.SpringApplication.prepareEnvironment(SpringApplication.java:356) ~[spring-boot-4.1.1.jar:4.1.1]
	at org.springframework.boot.SpringApplication.run(SpringApplication.java:316) ~[spring-boot-4.1.1.jar:4.1.1]
	at org.springframework.boot.SpringApplication.run(SpringApplication.java:1365) ~[spring-boot-4.1.1.jar:4.1.1]
	at org.springframework.boot.SpringApplication.run(SpringApplication.java:1354) ~[spring-boot-4.1.1.jar:4.1.1]
	at com.trading.analysis_service.AnalysisServiceApplication.main(AnalysisServiceApplication.java:10) ~[classes/:na]
Caused by: org.springframework.web.client.ResourceAccessException: I/O error on GET request for "http://127.0.0.1:8200/v1/sys/internal/ui/mounts/secret/application": Connect to http://127.0.0.1:8200 failed: Connection refused: getsockopt
	at org.springframework.web.client.DefaultRestClient$DefaultRequestBodyUriSpec.createResourceAccessException(DefaultRestClient.java:779) ~[spring-web-7.0.9.jar:7.0.9]
	at org.springframework.web.client.DefaultRestClient$DefaultRequestBodyUriSpec.exchangeInternal(DefaultRestClient.java:624) ~[spring-web-7.0.9.jar:7.0.9]
	at org.springframework.web.client.DefaultRestClient$DefaultRequestBodyUriSpec.exchange(DefaultRestClient.java:572) ~[spring-web-7.0.9.jar:7.0.9]
	at org.springframework.web.client.RestClient$RequestHeadersSpec.exchange(RestClient.java:747) ~[spring-web-7.0.9.jar:7.0.9]
	at org.springframework.web.client.DefaultRestClient$DefaultResponseSpec.executeAndExtract(DefaultRestClient.java:924) ~[spring-web-7.0.9.jar:7.0.9]
	at org.springframework.web.client.DefaultRestClient$DefaultResponseSpec.toEntityInternal(DefaultRestClient.java:870) ~[spring-web-7.0.9.jar:7.0.9]
	at org.springframework.web.client.DefaultRestClient$DefaultResponseSpec.toEntity(DefaultRestClient.java:859) ~[spring-web-7.0.9.jar:7.0.9]
	at org.springframework.vault.core.VaultTemplate.lambda$doRead$0(VaultTemplate.java:577) ~[spring-vault-core-4.0.3.jar:4.0.3]
	at org.springframework.vault.core.VaultTemplate.doWithSessionClient(VaultTemplate.java:567) ~[spring-vault-core-4.0.3.jar:4.0.3]
	at org.springframework.vault.core.VaultTemplate.doRead(VaultTemplate.java:575) ~[spring-vault-core-4.0.3.jar:4.0.3]
	at org.springframework.vault.core.VaultTemplate.read(VaultTemplate.java:471) ~[spring-vault-core-4.0.3.jar:4.0.3]
	at org.springframework.vault.core.util.KeyValueDelegate.doGetMountInfo(KeyValueDelegate.java:112) ~[spring-vault-core-4.0.3.jar:4.0.3]
	at org.springframework.vault.core.util.KeyValueDelegate.getMountInfo(KeyValueDelegate.java:124) ~[spring-vault-core-4.0.3.jar:4.0.3]
	... 40 common frames omitted
Caused by: org.apache.hc.client5.http.HttpHostConnectException: Connect to http://127.0.0.1:8200 failed: Connection refused: getsockopt
	at java.base/sun.nio.ch.Net.pollConnect(Native Method) ~[na:na]
	at java.base/sun.nio.ch.Net.pollConnectNow(Net.java:672) ~[na:na]
	at java.base/sun.nio.ch.NioSocketImpl.timedFinishConnect(NioSocketImpl.java:547) ~[na:na]
	at java.base/sun.nio.ch.NioSocketImpl.connect(NioSocketImpl.java:602) ~[na:na]
	at java.base/java.net.SocksSocketImpl.connect(SocksSocketImpl.java:327) ~[na:na]
	at java.base/java.net.Socket.connect(Socket.java:633) ~[na:na]
	at org.apache.hc.client5.http.impl.io.DefaultHttpClientConnectionOperator.connect(DefaultHttpClientConnectionOperator.java:219) ~[httpclient5-5.6.4.jar:5.6.4]
	at org.apache.hc.client5.http.impl.io.PoolingHttpClientConnectionManager.connect(PoolingHttpClientConnectionManager.java:547) ~[httpclient5-5.6.4.jar:5.6.4]
	at org.apache.hc.client5.http.impl.classic.InternalExecRuntime.connectEndpoint(InternalExecRuntime.java:164) ~[httpclient5-5.6.4.jar:5.6.4]
	at org.apache.hc.client5.http.impl.classic.InternalExecRuntime.connectEndpoint(InternalExecRuntime.java:174) ~[httpclient5-5.6.4.jar:5.6.4]
	at org.apache.hc.client5.http.impl.classic.ConnectExec.execute(ConnectExec.java:144) ~[httpclient5-5.6.4.jar:5.6.4]
	at org.apache.hc.client5.http.impl.classic.ExecChainElement.execute(ExecChainElement.java:51) ~[httpclient5-5.6.4.jar:5.6.4]
	at org.apache.hc.client5.http.impl.classic.ProtocolExec.execute(ProtocolExec.java:192) ~[httpclient5-5.6.4.jar:5.6.4]
	at org.apache.hc.client5.http.impl.classic.ExecChainElement.execute(ExecChainElement.java:51) ~[httpclient5-5.6.4.jar:5.6.4]
	at org.apache.hc.client5.http.impl.classic.ContentCompressionExec.execute(ContentCompressionExec.java:138) ~[httpclient5-5.6.4.jar:5.6.4]
	at org.apache.hc.client5.http.impl.classic.ExecChainElement.execute(ExecChainElement.java:51) ~[httpclient5-5.6.4.jar:5.6.4]
	at org.apache.hc.client5.http.impl.classic.HttpRequestRetryExec.execute(HttpRequestRetryExec.java:112) ~[httpclient5-5.6.4.jar:5.6.4]
	at org.apache.hc.client5.http.impl.classic.ExecChainElement.execute(ExecChainElement.java:51) ~[httpclient5-5.6.4.jar:5.6.4]
	at org.apache.hc.client5.http.impl.classic.RedirectExec.execute(RedirectExec.java:110) ~[httpclient5-5.6.4.jar:5.6.4]
	at org.apache.hc.client5.http.impl.classic.ExecChainElement.execute(ExecChainElement.java:51) ~[httpclient5-5.6.4.jar:5.6.4]
	at org.apache.hc.client5.http.impl.classic.InternalHttpClient.doExecute(InternalHttpClient.java:186) ~[httpclient5-5.6.4.jar:5.6.4]
	at org.apache.hc.client5.http.impl.classic.CloseableHttpClient.execute(CloseableHttpClient.java:87) ~[httpclient5-5.6.4.jar:5.6.4]
	at org.apache.hc.client5.http.impl.classic.CloseableHttpClient.execute(CloseableHttpClient.java:55) ~[httpclient5-5.6.4.jar:5.6.4]
	at org.apache.hc.client5.http.classic.HttpClient.executeOpen(HttpClient.java:183) ~[httpclient5-5.6.4.jar:5.6.4]
	at org.springframework.http.client.HttpComponentsClientHttpRequest.executeInternal(HttpComponentsClientHttpRequest.java:99) ~[spring-web-7.0.9.jar:7.0.9]
	at org.springframework.http.client.AbstractStreamingClientHttpRequest.executeInternal(AbstractStreamingClientHttpRequest.java:87) ~[spring-web-7.0.9.jar:7.0.9]
	at org.springframework.http.client.AbstractClientHttpRequest.execute(AbstractClientHttpRequest.java:80) ~[spring-web-7.0.9.jar:7.0.9]
	at org.springframework.http.client.AbstractBufferingClientHttpRequest.executeWithRequestAndBody(AbstractBufferingClientHttpRequest.java:89) ~[spring-web-7.0.9.jar:7.0.9]
	at org.springframework.http.client.InterceptingClientHttpRequest$EndOfChainRequestExecution.execute(InterceptingClientHttpRequest.java:102) ~[spring-web-7.0.9.jar:7.0.9]
	at org.springframework.vault.core.VaultTemplate.lambda$getSessionInterceptor$0(VaultTemplate.java:381) ~[spring-vault-core-4.0.3.jar:4.0.3]
	at org.springframework.http.client.ClientHttpRequestInterceptor.lambda$andThen$1(ClientHttpRequestInterceptor.java:75) ~[spring-web-7.0.9.jar:7.0.9]
	at org.springframework.vault.client.RestTemplateBuilder.lambda$createTemplate$0(RestTemplateBuilder.java:241) ~[spring-vault-core-4.0.3.jar:4.0.3]
	at org.springframework.http.client.ClientHttpRequestInterceptor.lambda$andThen$1(ClientHttpRequestInterceptor.java:75) ~[spring-web-7.0.9.jar:7.0.9]
	at org.springframework.vault.client.VaultClients.lambda$createRestTemplate$0(VaultClients.java:145) ~[spring-vault-core-4.0.3.jar:4.0.3]
	at org.springframework.http.client.ClientHttpRequestInterceptor.lambda$andThen$0(ClientHttpRequestInterceptor.java:76) ~[spring-web-7.0.9.jar:7.0.9]
	at org.springframework.http.client.ClientHttpRequestInterceptor.lambda$andThen$0(ClientHttpRequestInterceptor.java:76) ~[spring-web-7.0.9.jar:7.0.9]
	at org.springframework.http.client.ClientHttpRequestInterceptor.lambda$apply$0(ClientHttpRequestInterceptor.java:89) ~[spring-web-7.0.9.jar:7.0.9]
	at org.springframework.http.client.InterceptingClientHttpRequest.executeInternal(InterceptingClientHttpRequest.java:73) ~[spring-web-7.0.9.jar:7.0.9]
	at org.springframework.http.client.AbstractBufferingClientHttpRequest.executeInternal(AbstractBufferingClientHttpRequest.java:50) ~[spring-web-7.0.9.jar:7.0.9]
	at org.springframework.http.client.AbstractClientHttpRequest.execute(AbstractClientHttpRequest.java:80) ~[spring-web-7.0.9.jar:7.0.9]
	at org.springframework.web.client.DefaultRestClient$DefaultRequestBodyUriSpec.exchangeInternal(DefaultRestClient.java:614) ~[spring-web-7.0.9.jar:7.0.9]
	... 51 common frames omitted

2026-08-23T16:03:05.164-04:00  INFO 10316 --- [analysis-service] [main] o.s.v.c.e.LeaseAwareVaultPropertySource  : Vault location [secret/application] not resolvable: Cannot determine MountInfo for path 'secret/application' using 'sys/internal/ui/mounts'
2026-08-23T16:03:05.530-04:00  INFO 10316 --- [analysis-service] [main] o.s.cloud.context.scope.GenericScope     : BeanFactory id=960d5fa7-2a40-3bdb-b0b3-03ebfb9f6d95
2026-08-23T16:03:05.686-04:00  INFO 10316 --- [analysis-service] [main] o.s.boot.tomcat.TomcatWebServer          : Tomcat initialized with port 8082 (http)
2026-08-23T16:03:05.694-04:00  INFO 10316 --- [analysis-service] [main] o.apache.catalina.core.StandardService   : Starting service [Tomcat]
2026-08-23T16:03:05.695-04:00  INFO 10316 --- [analysis-service] [main] o.apache.catalina.core.StandardEngine    : Starting Servlet engine: [Apache Tomcat/11.0.24]
2026-08-23T16:03:05.732-04:00  INFO 10316 --- [analysis-service] [main] b.w.c.s.WebApplicationContextInitializer : Root WebApplicationContext: initialization completed in 567 ms
2026-08-23T16:03:05.768-04:00  WARN 10316 --- [analysis-service] [main] o.s.core.annotation.MergedAnnotation     : Failed to introspect meta-annotation @AutoConfiguration on class org.springframework.ai.autoconfigure.ollama.OllamaAutoConfiguration: java.lang.TypeNotPresentException: Type org.springframework.boot.autoconfigure.web.client.RestClientAutoConfiguration not present
2026-08-23T16:03:06.221-04:00  INFO 10316 --- [analysis-service] [main] o.s.boot.tomcat.TomcatWebServer          : Tomcat started on port 8082 (http) with context path '/'
2026-08-23T16:03:06.460-04:00  INFO 10316 --- [analysis-service] [main] c.t.a.AnalysisServiceApplication         : Started AnalysisServiceApplication in 2.367 seconds (process running for 2.702)
2026-08-23T16:03:37.307-04:00  INFO 10316 --- [analysis-service] [http-nio-8082-exec-1] o.a.c.c.C.[Tomcat].[localhost].[/]       : Initializing Spring DispatcherServlet 'dispatcherServlet'
2026-08-23T16:03:37.307-04:00  INFO 10316 --- [analysis-service] [http-nio-8082-exec-1] o.s.web.servlet.DispatcherServlet        : Initializing Servlet 'dispatcherServlet'
2026-08-23T16:03:37.308-04:00  INFO 10316 --- [analysis-service] [http-nio-8082-exec-1] o.s.web.servlet.DispatcherServlet        : Completed initialization in 0 ms
2026-08-23T16:03:37.406-04:00 ERROR 10316 --- [analysis-service] [http-nio-8082-exec-1] o.a.c.c.C.[.[.[/].[dispatcherServlet]    : Servlet.service() for servlet [dispatcherServlet] in context with path [] threw exception [Request processing failed: java.lang.IllegalArgumentException: The template string is not valid.] with root cause

org.stringtemplate.v4.compiler.STException
	at org.stringtemplate.v4.compiler.Compiler.reportMessageAndThrowSTException(Compiler.java:213) ~[stringtemplate-4.0.2.jar:na]
	at org.stringtemplate.v4.compiler.Compiler.compile(Compiler.java:143) ~[stringtemplate-4.0.2.jar:na]
	at org.stringtemplate.v4.STGroup.compile(STGroup.java:427) ~[stringtemplate-4.0.2.jar:na]
	at org.stringtemplate.v4.ST.<init>(ST.java:142) ~[stringtemplate-4.0.2.jar:na]
	at org.stringtemplate.v4.ST.<init>(ST.java:136) ~[stringtemplate-4.0.2.jar:na]
	at org.springframework.ai.chat.prompt.PromptTemplate.<init>(PromptTemplate.java:79) ~[spring-ai-core-1.0.0-M1.jar:1.0.0-M1]
	at org.springframework.ai.chat.client.ChatClient$ChatClientRequest$CallResponseSpec.doGetChatResponse(ChatClient.java:592) ~[spring-ai-core-1.0.0-M1.jar:1.0.0-M1]
	at org.springframework.ai.chat.client.ChatClient$ChatClientRequest$CallResponseSpec.doGetChatResponse(ChatClient.java:569) ~[spring-ai-core-1.0.0-M1.jar:1.0.0-M1]
	at org.springframework.ai.chat.client.ChatClient$ChatClientRequest$CallResponseSpec.content(ChatClient.java:635) ~[spring-ai-core-1.0.0-M1.jar:1.0.0-M1]
	at com.trading.analysis_service.controller.StrategyController.generateStrategy(StrategyController.java:65) ~[classes/:na]
	at java.base/jdk.internal.reflect.NativeMethodAccessorImpl.invoke0(Native Method) ~[na:na]
	at java.base/jdk.internal.reflect.NativeMethodAccessorImpl.invoke(NativeMethodAccessorImpl.java:77) ~[na:na]
	at java.base/jdk.internal.reflect.DelegatingMethodAccessorImpl.invoke(DelegatingMethodAccessorImpl.java:43) ~[na:na]
	at java.base/java.lang.reflect.Method.invoke(Method.java:569) ~[na:na]
	at org.springframework.web.method.support.InvocableHandlerMethod.doInvoke(InvocableHandlerMethod.java:252) ~[spring-web-7.0.9.jar:7.0.9]
	at org.springframework.web.method.support.InvocableHandlerMethod.invokeForRequest(InvocableHandlerMethod.java:184) ~[spring-web-7.0.9.jar:7.0.9]
	at org.springframework.web.servlet.mvc.method.annotation.ServletInvocableHandlerMethod.invokeAndHandle(ServletInvocableHandlerMethod.java:117) ~[spring-webmvc-7.0.9.jar:7.0.9]
	at org.springframework.web.servlet.mvc.method.annotation.RequestMappingHandlerAdapter.invokeHandlerMethod(RequestMappingHandlerAdapter.java:934) ~[spring-webmvc-7.0.9.jar:7.0.9]
	at org.springframework.web.servlet.mvc.method.annotation.RequestMappingHandlerAdapter.handleInternal(RequestMappingHandlerAdapter.java:853) ~[spring-webmvc-7.0.9.jar:7.0.9]
	at org.springframework.web.servlet.mvc.method.AbstractHandlerMethodAdapter.handle(AbstractHandlerMethodAdapter.java:86) ~[spring-webmvc-7.0.9.jar:7.0.9]
	at org.springframework.web.servlet.DispatcherServlet.doDispatch(DispatcherServlet.java:963) ~[spring-webmvc-7.0.9.jar:7.0.9]
	at org.springframework.web.servlet.DispatcherServlet.doService(DispatcherServlet.java:866) ~[spring-webmvc-7.0.9.jar:7.0.9]
	at org.springframework.web.servlet.FrameworkServlet.processRequest(FrameworkServlet.java:1000) ~[spring-webmvc-7.0.9.jar:7.0.9]
	at org.springframework.web.servlet.FrameworkServlet.doPost(FrameworkServlet.java:903) ~[spring-webmvc-7.0.9.jar:7.0.9]
	at jakarta.servlet.http.HttpServlet.service(HttpServlet.java:649) ~[tomcat-embed-core-11.0.24.jar:6.1]
	at org.springframework.web.servlet.FrameworkServlet.service(FrameworkServlet.java:874) ~[spring-webmvc-7.0.9.jar:7.0.9]
	at jakarta.servlet.http.HttpServlet.service(HttpServlet.java:710) ~[tomcat-embed-core-11.0.24.jar:6.1]
	at org.apache.catalina.core.ApplicationFilterChain.doFilter(ApplicationFilterChain.java:132) ~[tomcat-embed-core-11.0.24.jar:11.0.24]
	at org.apache.tomcat.websocket.server.WsFilter.doFilter(WsFilter.java:59) ~[tomcat-embed-websocket-11.0.24.jar:11.0.24]
	at org.apache.catalina.core.ApplicationFilterChain.doFilter(ApplicationFilterChain.java:111) ~[tomcat-embed-core-11.0.24.jar:11.0.24]
	at org.springframework.web.filter.RequestContextFilter.doFilterInternal(RequestContextFilter.java:100) ~[spring-web-7.0.9.jar:7.0.9]
	at org.springframework.web.filter.OncePerRequestFilter.doFilter(OncePerRequestFilter.java:116) ~[spring-web-7.0.9.jar:7.0.9]
	at org.apache.catalina.core.ApplicationFilterChain.doFilter(ApplicationFilterChain.java:111) ~[tomcat-embed-core-11.0.24.jar:11.0.24]
	at org.springframework.web.filter.FormContentFilter.doFilterInternal(FormContentFilter.java:93) ~[spring-web-7.0.9.jar:7.0.9]
	at org.springframework.web.filter.OncePerRequestFilter.doFilter(OncePerRequestFilter.java:116) ~[spring-web-7.0.9.jar:7.0.9]
	at org.apache.catalina.core.ApplicationFilterChain.doFilter(ApplicationFilterChain.java:111) ~[tomcat-embed-core-11.0.24.jar:11.0.24]
	at org.springframework.web.filter.CharacterEncodingFilter.doFilterInternal(CharacterEncodingFilter.java:199) ~[spring-web-7.0.9.jar:7.0.9]
	at org.springframework.web.filter.OncePerRequestFilter.doFilter(OncePerRequestFilter.java:116) ~[spring-web-7.0.9.jar:7.0.9]
	at org.apache.catalina.core.ApplicationFilterChain.doFilter(ApplicationFilterChain.java:111) ~[tomcat-embed-core-11.0.24.jar:11.0.24]
	at org.apache.catalina.core.StandardWrapperValve.invoke(StandardWrapperValve.java:165) ~[tomcat-embed-core-11.0.24.jar:11.0.24]
	at org.apache.catalina.core.StandardContextValve.invoke(StandardContextValve.java:77) ~[tomcat-embed-core-11.0.24.jar:11.0.24]
	at org.apache.catalina.authenticator.AuthenticatorBase.invoke(AuthenticatorBase.java:535) ~[tomcat-embed-core-11.0.24.jar:11.0.24]
	at org.apache.catalina.core.StandardHostValve.invoke(StandardHostValve.java:115) ~[tomcat-embed-core-11.0.24.jar:11.0.24]
	at org.apache.catalina.valves.ErrorReportValve.invoke(ErrorReportValve.java:86) ~[tomcat-embed-core-11.0.24.jar:11.0.24]
	at org.apache.catalina.core.StandardEngineValve.invoke(StandardEngineValve.java:71) ~[tomcat-embed-core-11.0.24.jar:11.0.24]
	at org.apache.catalina.connector.CoyoteAdapter.service(CoyoteAdapter.java:347) ~[tomcat-embed-core-11.0.24.jar:11.0.24]
	at org.apache.coyote.http11.Http11Processor.service(Http11Processor.java:406) ~[tomcat-embed-core-11.0.24.jar:11.0.24]
	at org.apache.coyote.AbstractProcessorLight.process(AbstractProcessorLight.java:71) ~[tomcat-embed-core-11.0.24.jar:11.0.24]
	at org.apache.coyote.AbstractProtocol$ConnectionHandler.process(AbstractProtocol.java:1307) ~[tomcat-embed-core-11.0.24.jar:11.0.24]
	at org.apache.tomcat.util.net.NioEndpoint$SocketProcessor.doRun(NioEndpoint.java:2036) ~[tomcat-embed-core-11.0.24.jar:11.0.24]
	at org.apache.tomcat.util.net.SocketProcessorBase.run(SocketProcessorBase.java:74) ~[tomcat-embed-core-11.0.24.jar:11.0.24]
	at org.apache.tomcat.util.threads.ThreadPoolExecutor.runWorker(ThreadPoolExecutor.java:949) ~[tomcat-embed-core-11.0.24.jar:11.0.24]
	at org.apache.tomcat.util.threads.ThreadPoolExecutor$Worker.run(ThreadPoolExecutor.java:483) ~[tomcat-embed-core-11.0.24.jar:11.0.24]
	at org.apache.tomcat.util.threads.TaskThread$WrappingRunnable.run(TaskThread.java:74) ~[tomcat-embed-core-11.0.24.jar:11.0.24]
	at java.base/java.lang.Thread.run(Thread.java:840) ~[na:na]

2026-08-23T16:03:50.450-04:00 ERROR 10316 --- [analysis-service] [http-nio-8082-exec-2] o.a.c.c.C.[.[.[/].[dispatcherServlet]    : Servlet.service() for servlet [dispatcherServlet] in context with path [] threw exception [Request processing failed: java.lang.IllegalArgumentException: The template string is not valid.] with root cause

org.stringtemplate.v4.compiler.STException
	at org.stringtemplate.v4.compiler.Compiler.reportMessageAndThrowSTException(Compiler.java:213) ~[stringtemplate-4.0.2.jar:na]
	at org.stringtemplate.v4.compiler.Compiler.compile(Compiler.java:143) ~[stringtemplate-4.0.2.jar:na]
	at org.stringtemplate.v4.STGroup.compile(STGroup.java:427) ~[stringtemplate-4.0.2.jar:na]
	at org.stringtemplate.v4.ST.<init>(ST.java:142) ~[stringtemplate-4.0.2.jar:na]
	at org.stringtemplate.v4.ST.<init>(ST.java:136) ~[stringtemplate-4.0.2.jar:na]
	at org.springframework.ai.chat.prompt.PromptTemplate.<init>(PromptTemplate.java:79) ~[spring-ai-core-1.0.0-M1.jar:1.0.0-M1]
	at org.springframework.ai.chat.client.ChatClient$ChatClientRequest$CallResponseSpec.doGetChatResponse(ChatClient.java:592) ~[spring-ai-core-1.0.0-M1.jar:1.0.0-M1]
	at org.springframework.ai.chat.client.ChatClient$ChatClientRequest$CallResponseSpec.doGetChatResponse(ChatClient.java:569) ~[spring-ai-core-1.0.0-M1.jar:1.0.0-M1]
	at org.springframework.ai.chat.client.ChatClient$ChatClientRequest$CallResponseSpec.content(ChatClient.java:635) ~[spring-ai-core-1.0.0-M1.jar:1.0.0-M1]
	at com.trading.analysis_service.controller.StrategyController.generateStrategy(StrategyController.java:65) ~[classes/:na]
	at java.base/jdk.internal.reflect.NativeMethodAccessorImpl.invoke0(Native Method) ~[na:na]
	at java.base/jdk.internal.reflect.NativeMethodAccessorImpl.invoke(NativeMethodAccessorImpl.java:77) ~[na:na]
	at java.base/jdk.internal.reflect.DelegatingMethodAccessorImpl.invoke(DelegatingMethodAccessorImpl.java:43) ~[na:na]
	at java.base/java.lang.reflect.Method.invoke(Method.java:569) ~[na:na]
	at org.springframework.web.method.support.InvocableHandlerMethod.doInvoke(InvocableHandlerMethod.java:252) ~[spring-web-7.0.9.jar:7.0.9]
	at org.springframework.web.method.support.InvocableHandlerMethod.invokeForRequest(InvocableHandlerMethod.java:184) ~[spring-web-7.0.9.jar:7.0.9]
	at org.springframework.web.servlet.mvc.method.annotation.ServletInvocableHandlerMethod.invokeAndHandle(ServletInvocableHandlerMethod.java:117) ~[spring-webmvc-7.0.9.jar:7.0.9]
	at org.springframework.web.servlet.mvc.method.annotation.RequestMappingHandlerAdapter.invokeHandlerMethod(RequestMappingHandlerAdapter.java:934) ~[spring-webmvc-7.0.9.jar:7.0.9]
	at org.springframework.web.servlet.mvc.method.annotation.RequestMappingHandlerAdapter.handleInternal(RequestMappingHandlerAdapter.java:853) ~[spring-webmvc-7.0.9.jar:7.0.9]
	at org.springframework.web.servlet.mvc.method.AbstractHandlerMethodAdapter.handle(AbstractHandlerMethodAdapter.java:86) ~[spring-webmvc-7.0.9.jar:7.0.9]
	at org.springframework.web.servlet.DispatcherServlet.doDispatch(DispatcherServlet.java:963) ~[spring-webmvc-7.0.9.jar:7.0.9]
	at org.springframework.web.servlet.DispatcherServlet.doService(DispatcherServlet.java:866) ~[spring-webmvc-7.0.9.jar:7.0.9]
	at org.springframework.web.servlet.FrameworkServlet.processRequest(FrameworkServlet.java:1000) ~[spring-webmvc-7.0.9.jar:7.0.9]
	at org.springframework.web.servlet.FrameworkServlet.doPost(FrameworkServlet.java:903) ~[spring-webmvc-7.0.9.jar:7.0.9]
	at jakarta.servlet.http.HttpServlet.service(HttpServlet.java:649) ~[tomcat-embed-core-11.0.24.jar:6.1]
	at org.springframework.web.servlet.FrameworkServlet.service(FrameworkServlet.java:874) ~[spring-webmvc-7.0.9.jar:7.0.9]
	at jakarta.servlet.http.HttpServlet.service(HttpServlet.java:710) ~[tomcat-embed-core-11.0.24.jar:6.1]
	at org.apache.catalina.core.ApplicationFilterChain.doFilter(ApplicationFilterChain.java:132) ~[tomcat-embed-core-11.0.24.jar:11.0.24]
	at org.apache.tomcat.websocket.server.WsFilter.doFilter(WsFilter.java:59) ~[tomcat-embed-websocket-11.0.24.jar:11.0.24]
	at org.apache.catalina.core.ApplicationFilterChain.doFilter(ApplicationFilterChain.java:111) ~[tomcat-embed-core-11.0.24.jar:11.0.24]
	at org.springframework.web.filter.RequestContextFilter.doFilterInternal(RequestContextFilter.java:100) ~[spring-web-7.0.9.jar:7.0.9]
	at org.springframework.web.filter.OncePerRequestFilter.doFilter(OncePerRequestFilter.java:116) ~[spring-web-7.0.9.jar:7.0.9]
	at org.apache.catalina.core.ApplicationFilterChain.doFilter(ApplicationFilterChain.java:111) ~[tomcat-embed-core-11.0.24.jar:11.0.24]
	at org.springframework.web.filter.FormContentFilter.doFilterInternal(FormContentFilter.java:93) ~[spring-web-7.0.9.jar:7.0.9]
	at org.springframework.web.filter.OncePerRequestFilter.doFilter(OncePerRequestFilter.java:116) ~[spring-web-7.0.9.jar:7.0.9]
	at org.apache.catalina.core.ApplicationFilterChain.doFilter(ApplicationFilterChain.java:111) ~[tomcat-embed-core-11.0.24.jar:11.0.24]
	at org.springframework.web.filter.CharacterEncodingFilter.doFilterInternal(CharacterEncodingFilter.java:199) ~[spring-web-7.0.9.jar:7.0.9]
	at org.springframework.web.filter.OncePerRequestFilter.doFilter(OncePerRequestFilter.java:116) ~[spring-web-7.0.9.jar:7.0.9]
	at org.apache.catalina.core.ApplicationFilterChain.doFilter(ApplicationFilterChain.java:111) ~[tomcat-embed-core-11.0.24.jar:11.0.24]
	at org.apache.catalina.core.StandardWrapperValve.invoke(StandardWrapperValve.java:165) ~[tomcat-embed-core-11.0.24.jar:11.0.24]
	at org.apache.catalina.core.StandardContextValve.invoke(StandardContextValve.java:77) ~[tomcat-embed-core-11.0.24.jar:11.0.24]
	at org.apache.catalina.authenticator.AuthenticatorBase.invoke(AuthenticatorBase.java:535) ~[tomcat-embed-core-11.0.24.jar:11.0.24]
	at org.apache.catalina.core.StandardHostValve.invoke(StandardHostValve.java:115) ~[tomcat-embed-core-11.0.24.jar:11.0.24]
	at org.apache.catalina.valves.ErrorReportValve.invoke(ErrorReportValve.java:86) ~[tomcat-embed-core-11.0.24.jar:11.0.24]
	at org.apache.catalina.core.StandardEngineValve.invoke(StandardEngineValve.java:71) ~[tomcat-embed-core-11.0.24.jar:11.0.24]
	at org.apache.catalina.connector.CoyoteAdapter.service(CoyoteAdapter.java:347) ~[tomcat-embed-core-11.0.24.jar:11.0.24]
	at org.apache.coyote.http11.Http11Processor.service(Http11Processor.java:406) ~[tomcat-embed-core-11.0.24.jar:11.0.24]
	at org.apache.coyote.AbstractProcessorLight.process(AbstractProcessorLight.java:71) ~[tomcat-embed-core-11.0.24.jar:11.0.24]
	at org.apache.coyote.AbstractProtocol$ConnectionHandler.process(AbstractProtocol.java:1307) ~[tomcat-embed-core-11.0.24.jar:11.0.24]
	at org.apache.tomcat.util.net.NioEndpoint$SocketProcessor.doRun(NioEndpoint.java:2036) ~[tomcat-embed-core-11.0.24.jar:11.0.24]
	at org.apache.tomcat.util.net.SocketProcessorBase.run(SocketProcessorBase.java:74) ~[tomcat-embed-core-11.0.24.jar:11.0.24]
	at org.apache.tomcat.util.threads.ThreadPoolExecutor.runWorker(ThreadPoolExecutor.java:949) ~[tomcat-embed-core-11.0.24.jar:11.0.24]
	at org.apache.tomcat.util.threads.ThreadPoolExecutor$Worker.run(ThreadPoolExecutor.java:483) ~[tomcat-embed-core-11.0.24.jar:11.0.24]
	at org.apache.tomcat.util.threads.TaskThread$WrappingRunnable.run(TaskThread.java:74) ~[tomcat-embed-core-11.0.24.jar:11.0.24]
	at java.base/java.lang.Thread.run(Thread.java:840) ~[na:na]

2026-08-23T16:04:05.855-04:00  INFO 22052 --- [analysis-service] [main] c.t.a.AnalysisServiceApplication         : Starting AnalysisServiceApplication using Java 17.0.12 with PID 22052 (C:\Development\TradingApp\analysis-service\target\classes started by mrcsh in C:\Development\TradingApp\analysis-service)
2026-08-23T16:04:05.857-04:00  INFO 22052 --- [analysis-service] [main] c.t.a.AnalysisServiceApplication         : No active profile set, falling back to 1 default profile: "default"
2026-08-23T16:04:05.882-04:00  WARN 22052 --- [analysis-service] [main] LeaseEventPublisher$LoggingErrorListener : [RequestedSecret [path='secret/analysis-service', mode=ROTATE]] Lease [leaseId='null', leaseDuration=PT0S, renewable=false] Cannot determine MountInfo for path 'secret/analysis-service' using 'sys/internal/ui/mounts'

org.springframework.vault.VaultException: Cannot determine MountInfo for path 'secret/analysis-service' using 'sys/internal/ui/mounts'
	at org.springframework.vault.core.util.KeyValueDelegate.getMountInfo(KeyValueDelegate.java:136) ~[spring-vault-core-4.0.3.jar:4.0.3]
	at org.springframework.vault.core.util.KeyValueDelegate.isVersioned(KeyValueDelegate.java:74) ~[spring-vault-core-4.0.3.jar:4.0.3]
	at org.springframework.vault.core.lease.SecretLeaseContainer.doGetSecrets(SecretLeaseContainer.java:664) ~[spring-vault-core-4.0.3.jar:4.0.3]
	at org.springframework.vault.core.lease.SecretLeaseContainer.doStart(SecretLeaseContainer.java:404) ~[spring-vault-core-4.0.3.jar:4.0.3]
	at org.springframework.vault.core.lease.SecretLeaseContainer.start(SecretLeaseContainer.java:394) ~[spring-vault-core-4.0.3.jar:4.0.3]
	at org.springframework.vault.core.lease.SecretLeaseContainer.addRequestedSecret(SecretLeaseContainer.java:362) ~[spring-vault-core-4.0.3.jar:4.0.3]
	at org.springframework.vault.core.env.LeaseAwareVaultPropertySource.loadProperties(LeaseAwareVaultPropertySource.java:179) ~[spring-vault-core-4.0.3.jar:4.0.3]
	at org.springframework.vault.core.env.LeaseAwareVaultPropertySource.<init>(LeaseAwareVaultPropertySource.java:164) ~[spring-vault-core-4.0.3.jar:4.0.3]
	at org.springframework.vault.core.env.LeaseAwareVaultPropertySource.<init>(LeaseAwareVaultPropertySource.java:120) ~[spring-vault-core-4.0.3.jar:4.0.3]
	at org.springframework.cloud.vault.config.VaultConfigDataLoader.createLeasingPropertySource(VaultConfigDataLoader.java:293) ~[spring-cloud-vault-config-5.0.2.jar:5.0.2]
	at org.springframework.cloud.vault.config.VaultConfigDataLoader.lambda$loadConfigData$1(VaultConfigDataLoader.java:166) ~[spring-cloud-vault-config-5.0.2.jar:5.0.2]
	at org.springframework.cloud.vault.config.VaultConfigDataLoader.createConfigData(VaultConfigDataLoader.java:235) ~[spring-cloud-vault-config-5.0.2.jar:5.0.2]
	at org.springframework.cloud.vault.config.VaultConfigDataLoader.loadConfigData(VaultConfigDataLoader.java:166) ~[spring-cloud-vault-config-5.0.2.jar:5.0.2]
	at org.springframework.cloud.vault.config.VaultConfigDataLoader.load(VaultConfigDataLoader.java:143) ~[spring-cloud-vault-config-5.0.2.jar:5.0.2]
	at org.springframework.cloud.vault.config.VaultConfigDataLoader.load(VaultConfigDataLoader.java:96) ~[spring-cloud-vault-config-5.0.2.jar:5.0.2]
	at org.springframework.boot.context.config.ConfigDataLoaders.load(ConfigDataLoaders.java:100) ~[spring-boot-4.1.1.jar:4.1.1]
	at org.springframework.boot.context.config.ConfigDataImporter.load(ConfigDataImporter.java:133) ~[spring-boot-4.1.1.jar:4.1.1]
	at org.springframework.boot.context.config.ConfigDataImporter.resolveAndLoad(ConfigDataImporter.java:88) ~[spring-boot-4.1.1.jar:4.1.1]
	at org.springframework.boot.context.config.ConfigDataEnvironmentContributors.withProcessedImports(ConfigDataEnvironmentContributors.java:130) ~[spring-boot-4.1.1.jar:4.1.1]
	at org.springframework.boot.context.config.ConfigDataEnvironment.processWithProfiles(ConfigDataEnvironment.java:326) ~[spring-boot-4.1.1.jar:4.1.1]
	at org.springframework.boot.context.config.ConfigDataEnvironment.processAndApply(ConfigDataEnvironment.java:245) ~[spring-boot-4.1.1.jar:4.1.1]
	at org.springframework.boot.context.config.ConfigDataEnvironmentPostProcessor.postProcessEnvironment(ConfigDataEnvironmentPostProcessor.java:97) ~[spring-boot-4.1.1.jar:4.1.1]
	at org.springframework.boot.context.config.ConfigDataEnvironmentPostProcessor.postProcessEnvironment(ConfigDataEnvironmentPostProcessor.java:90) ~[spring-boot-4.1.1.jar:4.1.1]
	at org.springframework.boot.support.EnvironmentPostProcessorApplicationListener.onApplicationEnvironmentPreparedEvent(EnvironmentPostProcessorApplicationListener.java:137) ~[spring-boot-4.1.1.jar:4.1.1]
	at org.springframework.boot.support.EnvironmentPostProcessorApplicationListener.onApplicationEvent(EnvironmentPostProcessorApplicationListener.java:120) ~[spring-boot-4.1.1.jar:4.1.1]
	at org.springframework.context.event.SimpleApplicationEventMulticaster.doInvokeListener(SimpleApplicationEventMulticaster.java:180) ~[spring-context-7.0.9.jar:7.0.9]
	at org.springframework.context.event.SimpleApplicationEventMulticaster.invokeListener(SimpleApplicationEventMulticaster.java:173) ~[spring-context-7.0.9.jar:7.0.9]
	at org.springframework.context.event.SimpleApplicationEventMulticaster.multicastEvent(SimpleApplicationEventMulticaster.java:151) ~[spring-context-7.0.9.jar:7.0.9]
	at org.springframework.context.event.SimpleApplicationEventMulticaster.multicastEvent(SimpleApplicationEventMulticaster.java:133) ~[spring-context-7.0.9.jar:7.0.9]
	at org.springframework.boot.context.event.EventPublishingRunListener.multicastInitialEvent(EventPublishingRunListener.java:137) ~[spring-boot-4.1.1.jar:4.1.1]
	at org.springframework.boot.context.event.EventPublishingRunListener.environmentPrepared(EventPublishingRunListener.java:82) ~[spring-boot-4.1.1.jar:4.1.1]
	at org.springframework.boot.SpringApplicationRunListeners.lambda$environmentPrepared$0(SpringApplicationRunListeners.java:66) ~[spring-boot-4.1.1.jar:4.1.1]
	at java.base/java.lang.Iterable.forEach(Iterable.java:75) ~[na:na]
	at org.springframework.boot.SpringApplicationRunListeners.doWithListeners(SpringApplicationRunListeners.java:123) ~[spring-boot-4.1.1.jar:4.1.1]
	at org.springframework.boot.SpringApplicationRunListeners.doWithListeners(SpringApplicationRunListeners.java:117) ~[spring-boot-4.1.1.jar:4.1.1]
	at org.springframework.boot.SpringApplicationRunListeners.environmentPrepared(SpringApplicationRunListeners.java:65) ~[spring-boot-4.1.1.jar:4.1.1]
	at org.springframework.boot.SpringApplication.prepareEnvironment(SpringApplication.java:356) ~[spring-boot-4.1.1.jar:4.1.1]
	at org.springframework.boot.SpringApplication.run(SpringApplication.java:316) ~[spring-boot-4.1.1.jar:4.1.1]
	at org.springframework.boot.SpringApplication.run(SpringApplication.java:1365) ~[spring-boot-4.1.1.jar:4.1.1]
	at org.springframework.boot.SpringApplication.run(SpringApplication.java:1354) ~[spring-boot-4.1.1.jar:4.1.1]
	at com.trading.analysis_service.AnalysisServiceApplication.main(AnalysisServiceApplication.java:10) ~[classes/:na]
Caused by: org.springframework.web.client.ResourceAccessException: I/O error on GET request for "http://127.0.0.1:8200/v1/sys/internal/ui/mounts/secret/analysis-service": Connect to http://127.0.0.1:8200 failed: Connection refused: getsockopt
	at org.springframework.web.client.DefaultRestClient$DefaultRequestBodyUriSpec.createResourceAccessException(DefaultRestClient.java:779) ~[spring-web-7.0.9.jar:7.0.9]
	at org.springframework.web.client.DefaultRestClient$DefaultRequestBodyUriSpec.exchangeInternal(DefaultRestClient.java:624) ~[spring-web-7.0.9.jar:7.0.9]
	at org.springframework.web.client.DefaultRestClient$DefaultRequestBodyUriSpec.exchange(DefaultRestClient.java:572) ~[spring-web-7.0.9.jar:7.0.9]
	at org.springframework.web.client.RestClient$RequestHeadersSpec.exchange(RestClient.java:747) ~[spring-web-7.0.9.jar:7.0.9]
	at org.springframework.web.client.DefaultRestClient$DefaultResponseSpec.executeAndExtract(DefaultRestClient.java:924) ~[spring-web-7.0.9.jar:7.0.9]
	at org.springframework.web.client.DefaultRestClient$DefaultResponseSpec.toEntityInternal(DefaultRestClient.java:870) ~[spring-web-7.0.9.jar:7.0.9]
	at org.springframework.web.client.DefaultRestClient$DefaultResponseSpec.toEntity(DefaultRestClient.java:859) ~[spring-web-7.0.9.jar:7.0.9]
	at org.springframework.vault.core.VaultTemplate.lambda$doRead$0(VaultTemplate.java:577) ~[spring-vault-core-4.0.3.jar:4.0.3]
	at org.springframework.vault.core.VaultTemplate.doWithSessionClient(VaultTemplate.java:567) ~[spring-vault-core-4.0.3.jar:4.0.3]
	at org.springframework.vault.core.VaultTemplate.doRead(VaultTemplate.java:575) ~[spring-vault-core-4.0.3.jar:4.0.3]
	at org.springframework.vault.core.VaultTemplate.read(VaultTemplate.java:471) ~[spring-vault-core-4.0.3.jar:4.0.3]
	at org.springframework.vault.core.util.KeyValueDelegate.doGetMountInfo(KeyValueDelegate.java:112) ~[spring-vault-core-4.0.3.jar:4.0.3]
	at org.springframework.vault.core.util.KeyValueDelegate.getMountInfo(KeyValueDelegate.java:124) ~[spring-vault-core-4.0.3.jar:4.0.3]
	... 40 common frames omitted
Caused by: org.apache.hc.client5.http.HttpHostConnectException: Connect to http://127.0.0.1:8200 failed: Connection refused: getsockopt
	at java.base/sun.nio.ch.Net.pollConnect(Native Method) ~[na:na]
	at java.base/sun.nio.ch.Net.pollConnectNow(Net.java:672) ~[na:na]
	at java.base/sun.nio.ch.NioSocketImpl.timedFinishConnect(NioSocketImpl.java:547) ~[na:na]
	at java.base/sun.nio.ch.NioSocketImpl.connect(NioSocketImpl.java:602) ~[na:na]
	at java.base/java.net.SocksSocketImpl.connect(SocksSocketImpl.java:327) ~[na:na]
	at java.base/java.net.Socket.connect(Socket.java:633) ~[na:na]
	at org.apache.hc.client5.http.impl.io.DefaultHttpClientConnectionOperator.connect(DefaultHttpClientConnectionOperator.java:219) ~[httpclient5-5.6.4.jar:5.6.4]
	at org.apache.hc.client5.http.impl.io.PoolingHttpClientConnectionManager.connect(PoolingHttpClientConnectionManager.java:547) ~[httpclient5-5.6.4.jar:5.6.4]
	at org.apache.hc.client5.http.impl.classic.InternalExecRuntime.connectEndpoint(InternalExecRuntime.java:164) ~[httpclient5-5.6.4.jar:5.6.4]
	at org.apache.hc.client5.http.impl.classic.InternalExecRuntime.connectEndpoint(InternalExecRuntime.java:174) ~[httpclient5-5.6.4.jar:5.6.4]
	at org.apache.hc.client5.http.impl.classic.ConnectExec.execute(ConnectExec.java:144) ~[httpclient5-5.6.4.jar:5.6.4]
	at org.apache.hc.client5.http.impl.classic.ExecChainElement.execute(ExecChainElement.java:51) ~[httpclient5-5.6.4.jar:5.6.4]
	at org.apache.hc.client5.http.impl.classic.ProtocolExec.execute(ProtocolExec.java:192) ~[httpclient5-5.6.4.jar:5.6.4]
	at org.apache.hc.client5.http.impl.classic.ExecChainElement.execute(ExecChainElement.java:51) ~[httpclient5-5.6.4.jar:5.6.4]
	at org.apache.hc.client5.http.impl.classic.ContentCompressionExec.execute(ContentCompressionExec.java:138) ~[httpclient5-5.6.4.jar:5.6.4]
	at org.apache.hc.client5.http.impl.classic.ExecChainElement.execute(ExecChainElement.java:51) ~[httpclient5-5.6.4.jar:5.6.4]
	at org.apache.hc.client5.http.impl.classic.HttpRequestRetryExec.execute(HttpRequestRetryExec.java:112) ~[httpclient5-5.6.4.jar:5.6.4]
	at org.apache.hc.client5.http.impl.classic.ExecChainElement.execute(ExecChainElement.java:51) ~[httpclient5-5.6.4.jar:5.6.4]
	at org.apache.hc.client5.http.impl.classic.RedirectExec.execute(RedirectExec.java:110) ~[httpclient5-5.6.4.jar:5.6.4]
	at org.apache.hc.client5.http.impl.classic.ExecChainElement.execute(ExecChainElement.java:51) ~[httpclient5-5.6.4.jar:5.6.4]
	at org.apache.hc.client5.http.impl.classic.InternalHttpClient.doExecute(InternalHttpClient.java:186) ~[httpclient5-5.6.4.jar:5.6.4]
	at org.apache.hc.client5.http.impl.classic.CloseableHttpClient.execute(CloseableHttpClient.java:87) ~[httpclient5-5.6.4.jar:5.6.4]
	at org.apache.hc.client5.http.impl.classic.CloseableHttpClient.execute(CloseableHttpClient.java:55) ~[httpclient5-5.6.4.jar:5.6.4]
	at org.apache.hc.client5.http.classic.HttpClient.executeOpen(HttpClient.java:183) ~[httpclient5-5.6.4.jar:5.6.4]
	at org.springframework.http.client.HttpComponentsClientHttpRequest.executeInternal(HttpComponentsClientHttpRequest.java:99) ~[spring-web-7.0.9.jar:7.0.9]
	at org.springframework.http.client.AbstractStreamingClientHttpRequest.executeInternal(AbstractStreamingClientHttpRequest.java:87) ~[spring-web-7.0.9.jar:7.0.9]
	at org.springframework.http.client.AbstractClientHttpRequest.execute(AbstractClientHttpRequest.java:80) ~[spring-web-7.0.9.jar:7.0.9]
	at org.springframework.http.client.AbstractBufferingClientHttpRequest.executeWithRequestAndBody(AbstractBufferingClientHttpRequest.java:89) ~[spring-web-7.0.9.jar:7.0.9]
	at org.springframework.http.client.InterceptingClientHttpRequest$EndOfChainRequestExecution.execute(InterceptingClientHttpRequest.java:102) ~[spring-web-7.0.9.jar:7.0.9]
	at org.springframework.vault.core.VaultTemplate.lambda$getSessionInterceptor$0(VaultTemplate.java:381) ~[spring-vault-core-4.0.3.jar:4.0.3]
	at org.springframework.http.client.ClientHttpRequestInterceptor.lambda$andThen$1(ClientHttpRequestInterceptor.java:75) ~[spring-web-7.0.9.jar:7.0.9]
	at org.springframework.vault.client.RestTemplateBuilder.lambda$createTemplate$0(RestTemplateBuilder.java:241) ~[spring-vault-core-4.0.3.jar:4.0.3]
	at org.springframework.http.client.ClientHttpRequestInterceptor.lambda$andThen$1(ClientHttpRequestInterceptor.java:75) ~[spring-web-7.0.9.jar:7.0.9]
	at org.springframework.vault.client.VaultClients.lambda$createRestTemplate$0(VaultClients.java:145) ~[spring-vault-core-4.0.3.jar:4.0.3]
	at org.springframework.http.client.ClientHttpRequestInterceptor.lambda$andThen$0(ClientHttpRequestInterceptor.java:76) ~[spring-web-7.0.9.jar:7.0.9]
	at org.springframework.http.client.ClientHttpRequestInterceptor.lambda$andThen$0(ClientHttpRequestInterceptor.java:76) ~[spring-web-7.0.9.jar:7.0.9]
	at org.springframework.http.client.ClientHttpRequestInterceptor.lambda$apply$0(ClientHttpRequestInterceptor.java:89) ~[spring-web-7.0.9.jar:7.0.9]
	at org.springframework.http.client.InterceptingClientHttpRequest.executeInternal(InterceptingClientHttpRequest.java:73) ~[spring-web-7.0.9.jar:7.0.9]
	at org.springframework.http.client.AbstractBufferingClientHttpRequest.executeInternal(AbstractBufferingClientHttpRequest.java:50) ~[spring-web-7.0.9.jar:7.0.9]
	at org.springframework.http.client.AbstractClientHttpRequest.execute(AbstractClientHttpRequest.java:80) ~[spring-web-7.0.9.jar:7.0.9]
	at org.springframework.web.client.DefaultRestClient$DefaultRequestBodyUriSpec.exchangeInternal(DefaultRestClient.java:614) ~[spring-web-7.0.9.jar:7.0.9]
	... 51 common frames omitted

2026-08-23T16:04:05.885-04:00  INFO 22052 --- [analysis-service] [main] o.s.v.c.e.LeaseAwareVaultPropertySource  : Vault location [secret/analysis-service] not resolvable: Cannot determine MountInfo for path 'secret/analysis-service' using 'sys/internal/ui/mounts'
2026-08-23T16:04:05.885-04:00  WARN 22052 --- [analysis-service] [main] LeaseEventPublisher$LoggingErrorListener : [RequestedSecret [path='secret/application', mode=ROTATE]] Lease [leaseId='null', leaseDuration=PT0S, renewable=false] Cannot determine MountInfo for path 'secret/application' using 'sys/internal/ui/mounts'

org.springframework.vault.VaultException: Cannot determine MountInfo for path 'secret/application' using 'sys/internal/ui/mounts'
	at org.springframework.vault.core.util.KeyValueDelegate.getMountInfo(KeyValueDelegate.java:136) ~[spring-vault-core-4.0.3.jar:4.0.3]
	at org.springframework.vault.core.util.KeyValueDelegate.isVersioned(KeyValueDelegate.java:74) ~[spring-vault-core-4.0.3.jar:4.0.3]
	at org.springframework.vault.core.lease.SecretLeaseContainer.doGetSecrets(SecretLeaseContainer.java:664) ~[spring-vault-core-4.0.3.jar:4.0.3]
	at org.springframework.vault.core.lease.SecretLeaseContainer.doStart(SecretLeaseContainer.java:404) ~[spring-vault-core-4.0.3.jar:4.0.3]
	at org.springframework.vault.core.lease.SecretLeaseContainer.start(SecretLeaseContainer.java:394) ~[spring-vault-core-4.0.3.jar:4.0.3]
	at org.springframework.vault.core.lease.SecretLeaseContainer.addRequestedSecret(SecretLeaseContainer.java:362) ~[spring-vault-core-4.0.3.jar:4.0.3]
	at org.springframework.vault.core.env.LeaseAwareVaultPropertySource.loadProperties(LeaseAwareVaultPropertySource.java:179) ~[spring-vault-core-4.0.3.jar:4.0.3]
	at org.springframework.vault.core.env.LeaseAwareVaultPropertySource.<init>(LeaseAwareVaultPropertySource.java:164) ~[spring-vault-core-4.0.3.jar:4.0.3]
	at org.springframework.vault.core.env.LeaseAwareVaultPropertySource.<init>(LeaseAwareVaultPropertySource.java:120) ~[spring-vault-core-4.0.3.jar:4.0.3]
	at org.springframework.cloud.vault.config.VaultConfigDataLoader.createLeasingPropertySource(VaultConfigDataLoader.java:293) ~[spring-cloud-vault-config-5.0.2.jar:5.0.2]
	at org.springframework.cloud.vault.config.VaultConfigDataLoader.lambda$loadConfigData$1(VaultConfigDataLoader.java:166) ~[spring-cloud-vault-config-5.0.2.jar:5.0.2]
	at org.springframework.cloud.vault.config.VaultConfigDataLoader.createConfigData(VaultConfigDataLoader.java:235) ~[spring-cloud-vault-config-5.0.2.jar:5.0.2]
	at org.springframework.cloud.vault.config.VaultConfigDataLoader.loadConfigData(VaultConfigDataLoader.java:166) ~[spring-cloud-vault-config-5.0.2.jar:5.0.2]
	at org.springframework.cloud.vault.config.VaultConfigDataLoader.load(VaultConfigDataLoader.java:143) ~[spring-cloud-vault-config-5.0.2.jar:5.0.2]
	at org.springframework.cloud.vault.config.VaultConfigDataLoader.load(VaultConfigDataLoader.java:96) ~[spring-cloud-vault-config-5.0.2.jar:5.0.2]
	at org.springframework.boot.context.config.ConfigDataLoaders.load(ConfigDataLoaders.java:100) ~[spring-boot-4.1.1.jar:4.1.1]
	at org.springframework.boot.context.config.ConfigDataImporter.load(ConfigDataImporter.java:133) ~[spring-boot-4.1.1.jar:4.1.1]
	at org.springframework.boot.context.config.ConfigDataImporter.resolveAndLoad(ConfigDataImporter.java:88) ~[spring-boot-4.1.1.jar:4.1.1]
	at org.springframework.boot.context.config.ConfigDataEnvironmentContributors.withProcessedImports(ConfigDataEnvironmentContributors.java:130) ~[spring-boot-4.1.1.jar:4.1.1]
	at org.springframework.boot.context.config.ConfigDataEnvironment.processWithProfiles(ConfigDataEnvironment.java:326) ~[spring-boot-4.1.1.jar:4.1.1]
	at org.springframework.boot.context.config.ConfigDataEnvironment.processAndApply(ConfigDataEnvironment.java:245) ~[spring-boot-4.1.1.jar:4.1.1]
	at org.springframework.boot.context.config.ConfigDataEnvironmentPostProcessor.postProcessEnvironment(ConfigDataEnvironmentPostProcessor.java:97) ~[spring-boot-4.1.1.jar:4.1.1]
	at org.springframework.boot.context.config.ConfigDataEnvironmentPostProcessor.postProcessEnvironment(ConfigDataEnvironmentPostProcessor.java:90) ~[spring-boot-4.1.1.jar:4.1.1]
	at org.springframework.boot.support.EnvironmentPostProcessorApplicationListener.onApplicationEnvironmentPreparedEvent(EnvironmentPostProcessorApplicationListener.java:137) ~[spring-boot-4.1.1.jar:4.1.1]
	at org.springframework.boot.support.EnvironmentPostProcessorApplicationListener.onApplicationEvent(EnvironmentPostProcessorApplicationListener.java:120) ~[spring-boot-4.1.1.jar:4.1.1]
	at org.springframework.context.event.SimpleApplicationEventMulticaster.doInvokeListener(SimpleApplicationEventMulticaster.java:180) ~[spring-context-7.0.9.jar:7.0.9]
	at org.springframework.context.event.SimpleApplicationEventMulticaster.invokeListener(SimpleApplicationEventMulticaster.java:173) ~[spring-context-7.0.9.jar:7.0.9]
	at org.springframework.context.event.SimpleApplicationEventMulticaster.multicastEvent(SimpleApplicationEventMulticaster.java:151) ~[spring-context-7.0.9.jar:7.0.9]
	at org.springframework.context.event.SimpleApplicationEventMulticaster.multicastEvent(SimpleApplicationEventMulticaster.java:133) ~[spring-context-7.0.9.jar:7.0.9]
	at org.springframework.boot.context.event.EventPublishingRunListener.multicastInitialEvent(EventPublishingRunListener.java:137) ~[spring-boot-4.1.1.jar:4.1.1]
	at org.springframework.boot.context.event.EventPublishingRunListener.environmentPrepared(EventPublishingRunListener.java:82) ~[spring-boot-4.1.1.jar:4.1.1]
	at org.springframework.boot.SpringApplicationRunListeners.lambda$environmentPrepared$0(SpringApplicationRunListeners.java:66) ~[spring-boot-4.1.1.jar:4.1.1]
	at java.base/java.lang.Iterable.forEach(Iterable.java:75) ~[na:na]
	at org.springframework.boot.SpringApplicationRunListeners.doWithListeners(SpringApplicationRunListeners.java:123) ~[spring-boot-4.1.1.jar:4.1.1]
	at org.springframework.boot.SpringApplicationRunListeners.doWithListeners(SpringApplicationRunListeners.java:117) ~[spring-boot-4.1.1.jar:4.1.1]
	at org.springframework.boot.SpringApplicationRunListeners.environmentPrepared(SpringApplicationRunListeners.java:65) ~[spring-boot-4.1.1.jar:4.1.1]
	at org.springframework.boot.SpringApplication.prepareEnvironment(SpringApplication.java:356) ~[spring-boot-4.1.1.jar:4.1.1]
	at org.springframework.boot.SpringApplication.run(SpringApplication.java:316) ~[spring-boot-4.1.1.jar:4.1.1]
	at org.springframework.boot.SpringApplication.run(SpringApplication.java:1365) ~[spring-boot-4.1.1.jar:4.1.1]
	at org.springframework.boot.SpringApplication.run(SpringApplication.java:1354) ~[spring-boot-4.1.1.jar:4.1.1]
	at com.trading.analysis_service.AnalysisServiceApplication.main(AnalysisServiceApplication.java:10) ~[classes/:na]
Caused by: org.springframework.web.client.ResourceAccessException: I/O error on GET request for "http://127.0.0.1:8200/v1/sys/internal/ui/mounts/secret/application": Connect to http://127.0.0.1:8200 failed: Connection refused: getsockopt
	at org.springframework.web.client.DefaultRestClient$DefaultRequestBodyUriSpec.createResourceAccessException(DefaultRestClient.java:779) ~[spring-web-7.0.9.jar:7.0.9]
	at org.springframework.web.client.DefaultRestClient$DefaultRequestBodyUriSpec.exchangeInternal(DefaultRestClient.java:624) ~[spring-web-7.0.9.jar:7.0.9]
	at org.springframework.web.client.DefaultRestClient$DefaultRequestBodyUriSpec.exchange(DefaultRestClient.java:572) ~[spring-web-7.0.9.jar:7.0.9]
	at org.springframework.web.client.RestClient$RequestHeadersSpec.exchange(RestClient.java:747) ~[spring-web-7.0.9.jar:7.0.9]
	at org.springframework.web.client.DefaultRestClient$DefaultResponseSpec.executeAndExtract(DefaultRestClient.java:924) ~[spring-web-7.0.9.jar:7.0.9]
	at org.springframework.web.client.DefaultRestClient$DefaultResponseSpec.toEntityInternal(DefaultRestClient.java:870) ~[spring-web-7.0.9.jar:7.0.9]
	at org.springframework.web.client.DefaultRestClient$DefaultResponseSpec.toEntity(DefaultRestClient.java:859) ~[spring-web-7.0.9.jar:7.0.9]
	at org.springframework.vault.core.VaultTemplate.lambda$doRead$0(VaultTemplate.java:577) ~[spring-vault-core-4.0.3.jar:4.0.3]
	at org.springframework.vault.core.VaultTemplate.doWithSessionClient(VaultTemplate.java:567) ~[spring-vault-core-4.0.3.jar:4.0.3]
	at org.springframework.vault.core.VaultTemplate.doRead(VaultTemplate.java:575) ~[spring-vault-core-4.0.3.jar:4.0.3]
	at org.springframework.vault.core.VaultTemplate.read(VaultTemplate.java:471) ~[spring-vault-core-4.0.3.jar:4.0.3]
	at org.springframework.vault.core.util.KeyValueDelegate.doGetMountInfo(KeyValueDelegate.java:112) ~[spring-vault-core-4.0.3.jar:4.0.3]
	at org.springframework.vault.core.util.KeyValueDelegate.getMountInfo(KeyValueDelegate.java:124) ~[spring-vault-core-4.0.3.jar:4.0.3]
	... 40 common frames omitted
Caused by: org.apache.hc.client5.http.HttpHostConnectException: Connect to http://127.0.0.1:8200 failed: Connection refused: getsockopt
	at java.base/sun.nio.ch.Net.pollConnect(Native Method) ~[na:na]
	at java.base/sun.nio.ch.Net.pollConnectNow(Net.java:672) ~[na:na]
	at java.base/sun.nio.ch.NioSocketImpl.timedFinishConnect(NioSocketImpl.java:547) ~[na:na]
	at java.base/sun.nio.ch.NioSocketImpl.connect(NioSocketImpl.java:602) ~[na:na]
	at java.base/java.net.SocksSocketImpl.connect(SocksSocketImpl.java:327) ~[na:na]
	at java.base/java.net.Socket.connect(Socket.java:633) ~[na:na]
	at org.apache.hc.client5.http.impl.io.DefaultHttpClientConnectionOperator.connect(DefaultHttpClientConnectionOperator.java:219) ~[httpclient5-5.6.4.jar:5.6.4]
	at org.apache.hc.client5.http.impl.io.PoolingHttpClientConnectionManager.connect(PoolingHttpClientConnectionManager.java:547) ~[httpclient5-5.6.4.jar:5.6.4]
	at org.apache.hc.client5.http.impl.classic.InternalExecRuntime.connectEndpoint(InternalExecRuntime.java:164) ~[httpclient5-5.6.4.jar:5.6.4]
	at org.apache.hc.client5.http.impl.classic.InternalExecRuntime.connectEndpoint(InternalExecRuntime.java:174) ~[httpclient5-5.6.4.jar:5.6.4]
	at org.apache.hc.client5.http.impl.classic.ConnectExec.execute(ConnectExec.java:144) ~[httpclient5-5.6.4.jar:5.6.4]
	at org.apache.hc.client5.http.impl.classic.ExecChainElement.execute(ExecChainElement.java:51) ~[httpclient5-5.6.4.jar:5.6.4]
	at org.apache.hc.client5.http.impl.classic.ProtocolExec.execute(ProtocolExec.java:192) ~[httpclient5-5.6.4.jar:5.6.4]
	at org.apache.hc.client5.http.impl.classic.ExecChainElement.execute(ExecChainElement.java:51) ~[httpclient5-5.6.4.jar:5.6.4]
	at org.apache.hc.client5.http.impl.classic.ContentCompressionExec.execute(ContentCompressionExec.java:138) ~[httpclient5-5.6.4.jar:5.6.4]
	at org.apache.hc.client5.http.impl.classic.ExecChainElement.execute(ExecChainElement.java:51) ~[httpclient5-5.6.4.jar:5.6.4]
	at org.apache.hc.client5.http.impl.classic.HttpRequestRetryExec.execute(HttpRequestRetryExec.java:112) ~[httpclient5-5.6.4.jar:5.6.4]
	at org.apache.hc.client5.http.impl.classic.ExecChainElement.execute(ExecChainElement.java:51) ~[httpclient5-5.6.4.jar:5.6.4]
	at org.apache.hc.client5.http.impl.classic.RedirectExec.execute(RedirectExec.java:110) ~[httpclient5-5.6.4.jar:5.6.4]
	at org.apache.hc.client5.http.impl.classic.ExecChainElement.execute(ExecChainElement.java:51) ~[httpclient5-5.6.4.jar:5.6.4]
	at org.apache.hc.client5.http.impl.classic.InternalHttpClient.doExecute(InternalHttpClient.java:186) ~[httpclient5-5.6.4.jar:5.6.4]
	at org.apache.hc.client5.http.impl.classic.CloseableHttpClient.execute(CloseableHttpClient.java:87) ~[httpclient5-5.6.4.jar:5.6.4]
	at org.apache.hc.client5.http.impl.classic.CloseableHttpClient.execute(CloseableHttpClient.java:55) ~[httpclient5-5.6.4.jar:5.6.4]
	at org.apache.hc.client5.http.classic.HttpClient.executeOpen(HttpClient.java:183) ~[httpclient5-5.6.4.jar:5.6.4]
	at org.springframework.http.client.HttpComponentsClientHttpRequest.executeInternal(HttpComponentsClientHttpRequest.java:99) ~[spring-web-7.0.9.jar:7.0.9]
	at org.springframework.http.client.AbstractStreamingClientHttpRequest.executeInternal(AbstractStreamingClientHttpRequest.java:87) ~[spring-web-7.0.9.jar:7.0.9]
	at org.springframework.http.client.AbstractClientHttpRequest.execute(AbstractClientHttpRequest.java:80) ~[spring-web-7.0.9.jar:7.0.9]
	at org.springframework.http.client.AbstractBufferingClientHttpRequest.executeWithRequestAndBody(AbstractBufferingClientHttpRequest.java:89) ~[spring-web-7.0.9.jar:7.0.9]
	at org.springframework.http.client.InterceptingClientHttpRequest$EndOfChainRequestExecution.execute(InterceptingClientHttpRequest.java:102) ~[spring-web-7.0.9.jar:7.0.9]
	at org.springframework.vault.core.VaultTemplate.lambda$getSessionInterceptor$0(VaultTemplate.java:381) ~[spring-vault-core-4.0.3.jar:4.0.3]
	at org.springframework.http.client.ClientHttpRequestInterceptor.lambda$andThen$1(ClientHttpRequestInterceptor.java:75) ~[spring-web-7.0.9.jar:7.0.9]
	at org.springframework.vault.client.RestTemplateBuilder.lambda$createTemplate$0(RestTemplateBuilder.java:241) ~[spring-vault-core-4.0.3.jar:4.0.3]
	at org.springframework.http.client.ClientHttpRequestInterceptor.lambda$andThen$1(ClientHttpRequestInterceptor.java:75) ~[spring-web-7.0.9.jar:7.0.9]
	at org.springframework.vault.client.VaultClients.lambda$createRestTemplate$0(VaultClients.java:145) ~[spring-vault-core-4.0.3.jar:4.0.3]
	at org.springframework.http.client.ClientHttpRequestInterceptor.lambda$andThen$0(ClientHttpRequestInterceptor.java:76) ~[spring-web-7.0.9.jar:7.0.9]
	at org.springframework.http.client.ClientHttpRequestInterceptor.lambda$andThen$0(ClientHttpRequestInterceptor.java:76) ~[spring-web-7.0.9.jar:7.0.9]
	at org.springframework.http.client.ClientHttpRequestInterceptor.lambda$apply$0(ClientHttpRequestInterceptor.java:89) ~[spring-web-7.0.9.jar:7.0.9]
	at org.springframework.http.client.InterceptingClientHttpRequest.executeInternal(InterceptingClientHttpRequest.java:73) ~[spring-web-7.0.9.jar:7.0.9]
	at org.springframework.http.client.AbstractBufferingClientHttpRequest.executeInternal(AbstractBufferingClientHttpRequest.java:50) ~[spring-web-7.0.9.jar:7.0.9]
	at org.springframework.http.client.AbstractClientHttpRequest.execute(AbstractClientHttpRequest.java:80) ~[spring-web-7.0.9.jar:7.0.9]
	at org.springframework.web.client.DefaultRestClient$DefaultRequestBodyUriSpec.exchangeInternal(DefaultRestClient.java:614) ~[spring-web-7.0.9.jar:7.0.9]
	... 51 common frames omitted

2026-08-23T16:04:05.886-04:00  INFO 22052 --- [analysis-service] [main] o.s.v.c.e.LeaseAwareVaultPropertySource  : Vault location [secret/application] not resolvable: Cannot determine MountInfo for path 'secret/application' using 'sys/internal/ui/mounts'
2026-08-23T16:04:06.260-04:00  INFO 22052 --- [analysis-service] [main] o.s.cloud.context.scope.GenericScope     : BeanFactory id=960d5fa7-2a40-3bdb-b0b3-03ebfb9f6d95
2026-08-23T16:04:06.411-04:00  INFO 22052 --- [analysis-service] [main] o.s.boot.tomcat.TomcatWebServer          : Tomcat initialized with port 8082 (http)
2026-08-23T16:04:06.419-04:00  INFO 22052 --- [analysis-service] [main] o.apache.catalina.core.StandardService   : Starting service [Tomcat]
2026-08-23T16:04:06.419-04:00  INFO 22052 --- [analysis-service] [main] o.apache.catalina.core.StandardEngine    : Starting Servlet engine: [Apache Tomcat/11.0.24]
2026-08-23T16:04:06.457-04:00  INFO 22052 --- [analysis-service] [main] b.w.c.s.WebApplicationContextInitializer : Root WebApplicationContext: initialization completed in 570 ms
2026-08-23T16:04:06.495-04:00  WARN 22052 --- [analysis-service] [main] o.s.core.annotation.MergedAnnotation     : Failed to introspect meta-annotation @AutoConfiguration on class org.springframework.ai.autoconfigure.ollama.OllamaAutoConfiguration: java.lang.TypeNotPresentException: Type org.springframework.boot.autoconfigure.web.client.RestClientAutoConfiguration not present
2026-08-23T16:04:06.951-04:00  INFO 22052 --- [analysis-service] [main] o.s.boot.tomcat.TomcatWebServer          : Tomcat started on port 8082 (http) with context path '/'
2026-08-23T16:04:07.238-04:00  INFO 22052 --- [analysis-service] [main] c.t.a.AnalysisServiceApplication         : Started AnalysisServiceApplication in 2.386 seconds (process running for 2.711)
2026-08-23T16:04:38.376-04:00  INFO 22052 --- [analysis-service] [http-nio-8082-exec-1] o.a.c.c.C.[Tomcat].[localhost].[/]       : Initializing Spring DispatcherServlet 'dispatcherServlet'
2026-08-23T16:04:38.376-04:00  INFO 22052 --- [analysis-service] [http-nio-8082-exec-1] o.s.web.servlet.DispatcherServlet        : Initializing Servlet 'dispatcherServlet'
2026-08-23T16:04:38.377-04:00  INFO 22052 --- [analysis-service] [http-nio-8082-exec-1] o.s.web.servlet.DispatcherServlet        : Completed initialization in 0 ms
2026-08-23T16:04:38.470-04:00 ERROR 22052 --- [analysis-service] [http-nio-8082-exec-1] o.a.c.c.C.[.[.[/].[dispatcherServlet]    : Servlet.service() for servlet [dispatcherServlet] in context with path [] threw exception [Request processing failed: java.lang.IllegalArgumentException: The template string is not valid.] with root cause

org.stringtemplate.v4.compiler.STException
	at org.stringtemplate.v4.compiler.Compiler.reportMessageAndThrowSTException(Compiler.java:213) ~[stringtemplate-4.0.2.jar:na]
	at org.stringtemplate.v4.compiler.Compiler.compile(Compiler.java:143) ~[stringtemplate-4.0.2.jar:na]
	at org.stringtemplate.v4.STGroup.compile(STGroup.java:427) ~[stringtemplate-4.0.2.jar:na]
	at org.stringtemplate.v4.ST.<init>(ST.java:142) ~[stringtemplate-4.0.2.jar:na]
	at org.stringtemplate.v4.ST.<init>(ST.java:136) ~[stringtemplate-4.0.2.jar:na]
	at org.springframework.ai.chat.prompt.PromptTemplate.<init>(PromptTemplate.java:79) ~[spring-ai-core-1.0.0-M1.jar:1.0.0-M1]
	at org.springframework.ai.chat.client.ChatClient$ChatClientRequest$CallResponseSpec.doGetChatResponse(ChatClient.java:592) ~[spring-ai-core-1.0.0-M1.jar:1.0.0-M1]
	at org.springframework.ai.chat.client.ChatClient$ChatClientRequest$CallResponseSpec.doGetChatResponse(ChatClient.java:569) ~[spring-ai-core-1.0.0-M1.jar:1.0.0-M1]
	at org.springframework.ai.chat.client.ChatClient$ChatClientRequest$CallResponseSpec.content(ChatClient.java:635) ~[spring-ai-core-1.0.0-M1.jar:1.0.0-M1]
	at com.trading.analysis_service.controller.StrategyController.generateStrategy(StrategyController.java:65) ~[classes/:na]
	at java.base/jdk.internal.reflect.NativeMethodAccessorImpl.invoke0(Native Method) ~[na:na]
	at java.base/jdk.internal.reflect.NativeMethodAccessorImpl.invoke(NativeMethodAccessorImpl.java:77) ~[na:na]
	at java.base/jdk.internal.reflect.DelegatingMethodAccessorImpl.invoke(DelegatingMethodAccessorImpl.java:43) ~[na:na]
	at java.base/java.lang.reflect.Method.invoke(Method.java:569) ~[na:na]
	at org.springframework.web.method.support.InvocableHandlerMethod.doInvoke(InvocableHandlerMethod.java:252) ~[spring-web-7.0.9.jar:7.0.9]
	at org.springframework.web.method.support.InvocableHandlerMethod.invokeForRequest(InvocableHandlerMethod.java:184) ~[spring-web-7.0.9.jar:7.0.9]
	at org.springframework.web.servlet.mvc.method.annotation.ServletInvocableHandlerMethod.invokeAndHandle(ServletInvocableHandlerMethod.java:117) ~[spring-webmvc-7.0.9.jar:7.0.9]
	at org.springframework.web.servlet.mvc.method.annotation.RequestMappingHandlerAdapter.invokeHandlerMethod(RequestMappingHandlerAdapter.java:934) ~[spring-webmvc-7.0.9.jar:7.0.9]
	at org.springframework.web.servlet.mvc.method.annotation.RequestMappingHandlerAdapter.handleInternal(RequestMappingHandlerAdapter.java:853) ~[spring-webmvc-7.0.9.jar:7.0.9]
	at org.springframework.web.servlet.mvc.method.AbstractHandlerMethodAdapter.handle(AbstractHandlerMethodAdapter.java:86) ~[spring-webmvc-7.0.9.jar:7.0.9]
	at org.springframework.web.servlet.DispatcherServlet.doDispatch(DispatcherServlet.java:963) ~[spring-webmvc-7.0.9.jar:7.0.9]
	at org.springframework.web.servlet.DispatcherServlet.doService(DispatcherServlet.java:866) ~[spring-webmvc-7.0.9.jar:7.0.9]
	at org.springframework.web.servlet.FrameworkServlet.processRequest(FrameworkServlet.java:1000) ~[spring-webmvc-7.0.9.jar:7.0.9]
	at org.springframework.web.servlet.FrameworkServlet.doPost(FrameworkServlet.java:903) ~[spring-webmvc-7.0.9.jar:7.0.9]
	at jakarta.servlet.http.HttpServlet.service(HttpServlet.java:649) ~[tomcat-embed-core-11.0.24.jar:6.1]
	at org.springframework.web.servlet.FrameworkServlet.service(FrameworkServlet.java:874) ~[spring-webmvc-7.0.9.jar:7.0.9]
	at jakarta.servlet.http.HttpServlet.service(HttpServlet.java:710) ~[tomcat-embed-core-11.0.24.jar:6.1]
	at org.apache.catalina.core.ApplicationFilterChain.doFilter(ApplicationFilterChain.java:132) ~[tomcat-embed-core-11.0.24.jar:11.0.24]
	at org.apache.tomcat.websocket.server.WsFilter.doFilter(WsFilter.java:59) ~[tomcat-embed-websocket-11.0.24.jar:11.0.24]
	at org.apache.catalina.core.ApplicationFilterChain.doFilter(ApplicationFilterChain.java:111) ~[tomcat-embed-core-11.0.24.jar:11.0.24]
	at org.springframework.web.filter.RequestContextFilter.doFilterInternal(RequestContextFilter.java:100) ~[spring-web-7.0.9.jar:7.0.9]
	at org.springframework.web.filter.OncePerRequestFilter.doFilter(OncePerRequestFilter.java:116) ~[spring-web-7.0.9.jar:7.0.9]
	at org.apache.catalina.core.ApplicationFilterChain.doFilter(ApplicationFilterChain.java:111) ~[tomcat-embed-core-11.0.24.jar:11.0.24]
	at org.springframework.web.filter.FormContentFilter.doFilterInternal(FormContentFilter.java:93) ~[spring-web-7.0.9.jar:7.0.9]
	at org.springframework.web.filter.OncePerRequestFilter.doFilter(OncePerRequestFilter.java:116) ~[spring-web-7.0.9.jar:7.0.9]
	at org.apache.catalina.core.ApplicationFilterChain.doFilter(ApplicationFilterChain.java:111) ~[tomcat-embed-core-11.0.24.jar:11.0.24]
	at org.springframework.web.filter.CharacterEncodingFilter.doFilterInternal(CharacterEncodingFilter.java:199) ~[spring-web-7.0.9.jar:7.0.9]
	at org.springframework.web.filter.OncePerRequestFilter.doFilter(OncePerRequestFilter.java:116) ~[spring-web-7.0.9.jar:7.0.9]
	at org.apache.catalina.core.ApplicationFilterChain.doFilter(ApplicationFilterChain.java:111) ~[tomcat-embed-core-11.0.24.jar:11.0.24]
	at org.apache.catalina.core.StandardWrapperValve.invoke(StandardWrapperValve.java:165) ~[tomcat-embed-core-11.0.24.jar:11.0.24]
	at org.apache.catalina.core.StandardContextValve.invoke(StandardContextValve.java:77) ~[tomcat-embed-core-11.0.24.jar:11.0.24]
	at org.apache.catalina.authenticator.AuthenticatorBase.invoke(AuthenticatorBase.java:535) ~[tomcat-embed-core-11.0.24.jar:11.0.24]
	at org.apache.catalina.core.StandardHostValve.invoke(StandardHostValve.java:115) ~[tomcat-embed-core-11.0.24.jar:11.0.24]
	at org.apache.catalina.valves.ErrorReportValve.invoke(ErrorReportValve.java:86) ~[tomcat-embed-core-11.0.24.jar:11.0.24]
	at org.apache.catalina.core.StandardEngineValve.invoke(StandardEngineValve.java:71) ~[tomcat-embed-core-11.0.24.jar:11.0.24]
	at org.apache.catalina.connector.CoyoteAdapter.service(CoyoteAdapter.java:347) ~[tomcat-embed-core-11.0.24.jar:11.0.24]
	at org.apache.coyote.http11.Http11Processor.service(Http11Processor.java:406) ~[tomcat-embed-core-11.0.24.jar:11.0.24]
	at org.apache.coyote.AbstractProcessorLight.process(AbstractProcessorLight.java:71) ~[tomcat-embed-core-11.0.24.jar:11.0.24]
	at org.apache.coyote.AbstractProtocol$ConnectionHandler.process(AbstractProtocol.java:1307) ~[tomcat-embed-core-11.0.24.jar:11.0.24]
	at org.apache.tomcat.util.net.NioEndpoint$SocketProcessor.doRun(NioEndpoint.java:2036) ~[tomcat-embed-core-11.0.24.jar:11.0.24]
	at org.apache.tomcat.util.net.SocketProcessorBase.run(SocketProcessorBase.java:74) ~[tomcat-embed-core-11.0.24.jar:11.0.24]
	at org.apache.tomcat.util.threads.ThreadPoolExecutor.runWorker(ThreadPoolExecutor.java:949) ~[tomcat-embed-core-11.0.24.jar:11.0.24]
	at org.apache.tomcat.util.threads.ThreadPoolExecutor$Worker.run(ThreadPoolExecutor.java:483) ~[tomcat-embed-core-11.0.24.jar:11.0.24]
	at org.apache.tomcat.util.threads.TaskThread$WrappingRunnable.run(TaskThread.java:74) ~[tomcat-embed-core-11.0.24.jar:11.0.24]
	at java.base/java.lang.Thread.run(Thread.java:840) ~[na:na]

2026-08-23T16:05:26.363-04:00  INFO 22768 --- [analysis-service] [main] c.t.a.AnalysisServiceApplication         : Starting AnalysisServiceApplication using Java 17.0.12 with PID 22768 (C:\Development\TradingApp\analysis-service\target\classes started by mrcsh in C:\Development\TradingApp\analysis-service)
2026-08-23T16:05:26.365-04:00  INFO 22768 --- [analysis-service] [main] c.t.a.AnalysisServiceApplication         : No active profile set, falling back to 1 default profile: "default"
2026-08-23T16:05:26.390-04:00  WARN 22768 --- [analysis-service] [main] LeaseEventPublisher$LoggingErrorListener : [RequestedSecret [path='secret/analysis-service', mode=ROTATE]] Lease [leaseId='null', leaseDuration=PT0S, renewable=false] Cannot determine MountInfo for path 'secret/analysis-service' using 'sys/internal/ui/mounts'

org.springframework.vault.VaultException: Cannot determine MountInfo for path 'secret/analysis-service' using 'sys/internal/ui/mounts'
	at org.springframework.vault.core.util.KeyValueDelegate.getMountInfo(KeyValueDelegate.java:136) ~[spring-vault-core-4.0.3.jar:4.0.3]
	at org.springframework.vault.core.util.KeyValueDelegate.isVersioned(KeyValueDelegate.java:74) ~[spring-vault-core-4.0.3.jar:4.0.3]
	at org.springframework.vault.core.lease.SecretLeaseContainer.doGetSecrets(SecretLeaseContainer.java:664) ~[spring-vault-core-4.0.3.jar:4.0.3]
	at org.springframework.vault.core.lease.SecretLeaseContainer.doStart(SecretLeaseContainer.java:404) ~[spring-vault-core-4.0.3.jar:4.0.3]
	at org.springframework.vault.core.lease.SecretLeaseContainer.start(SecretLeaseContainer.java:394) ~[spring-vault-core-4.0.3.jar:4.0.3]
	at org.springframework.vault.core.lease.SecretLeaseContainer.addRequestedSecret(SecretLeaseContainer.java:362) ~[spring-vault-core-4.0.3.jar:4.0.3]
	at org.springframework.vault.core.env.LeaseAwareVaultPropertySource.loadProperties(LeaseAwareVaultPropertySource.java:179) ~[spring-vault-core-4.0.3.jar:4.0.3]
	at org.springframework.vault.core.env.LeaseAwareVaultPropertySource.<init>(LeaseAwareVaultPropertySource.java:164) ~[spring-vault-core-4.0.3.jar:4.0.3]
	at org.springframework.vault.core.env.LeaseAwareVaultPropertySource.<init>(LeaseAwareVaultPropertySource.java:120) ~[spring-vault-core-4.0.3.jar:4.0.3]
	at org.springframework.cloud.vault.config.VaultConfigDataLoader.createLeasingPropertySource(VaultConfigDataLoader.java:293) ~[spring-cloud-vault-config-5.0.2.jar:5.0.2]
	at org.springframework.cloud.vault.config.VaultConfigDataLoader.lambda$loadConfigData$1(VaultConfigDataLoader.java:166) ~[spring-cloud-vault-config-5.0.2.jar:5.0.2]
	at org.springframework.cloud.vault.config.VaultConfigDataLoader.createConfigData(VaultConfigDataLoader.java:235) ~[spring-cloud-vault-config-5.0.2.jar:5.0.2]
	at org.springframework.cloud.vault.config.VaultConfigDataLoader.loadConfigData(VaultConfigDataLoader.java:166) ~[spring-cloud-vault-config-5.0.2.jar:5.0.2]
	at org.springframework.cloud.vault.config.VaultConfigDataLoader.load(VaultConfigDataLoader.java:143) ~[spring-cloud-vault-config-5.0.2.jar:5.0.2]
	at org.springframework.cloud.vault.config.VaultConfigDataLoader.load(VaultConfigDataLoader.java:96) ~[spring-cloud-vault-config-5.0.2.jar:5.0.2]
	at org.springframework.boot.context.config.ConfigDataLoaders.load(ConfigDataLoaders.java:100) ~[spring-boot-4.1.1.jar:4.1.1]
	at org.springframework.boot.context.config.ConfigDataImporter.load(ConfigDataImporter.java:133) ~[spring-boot-4.1.1.jar:4.1.1]
	at org.springframework.boot.context.config.ConfigDataImporter.resolveAndLoad(ConfigDataImporter.java:88) ~[spring-boot-4.1.1.jar:4.1.1]
	at org.springframework.boot.context.config.ConfigDataEnvironmentContributors.withProcessedImports(ConfigDataEnvironmentContributors.java:130) ~[spring-boot-4.1.1.jar:4.1.1]
	at org.springframework.boot.context.config.ConfigDataEnvironment.processWithProfiles(ConfigDataEnvironment.java:326) ~[spring-boot-4.1.1.jar:4.1.1]
	at org.springframework.boot.context.config.ConfigDataEnvironment.processAndApply(ConfigDataEnvironment.java:245) ~[spring-boot-4.1.1.jar:4.1.1]
	at org.springframework.boot.context.config.ConfigDataEnvironmentPostProcessor.postProcessEnvironment(ConfigDataEnvironmentPostProcessor.java:97) ~[spring-boot-4.1.1.jar:4.1.1]
	at org.springframework.boot.context.config.ConfigDataEnvironmentPostProcessor.postProcessEnvironment(ConfigDataEnvironmentPostProcessor.java:90) ~[spring-boot-4.1.1.jar:4.1.1]
	at org.springframework.boot.support.EnvironmentPostProcessorApplicationListener.onApplicationEnvironmentPreparedEvent(EnvironmentPostProcessorApplicationListener.java:137) ~[spring-boot-4.1.1.jar:4.1.1]
	at org.springframework.boot.support.EnvironmentPostProcessorApplicationListener.onApplicationEvent(EnvironmentPostProcessorApplicationListener.java:120) ~[spring-boot-4.1.1.jar:4.1.1]
	at org.springframework.context.event.SimpleApplicationEventMulticaster.doInvokeListener(SimpleApplicationEventMulticaster.java:180) ~[spring-context-7.0.9.jar:7.0.9]
	at org.springframework.context.event.SimpleApplicationEventMulticaster.invokeListener(SimpleApplicationEventMulticaster.java:173) ~[spring-context-7.0.9.jar:7.0.9]
	at org.springframework.context.event.SimpleApplicationEventMulticaster.multicastEvent(SimpleApplicationEventMulticaster.java:151) ~[spring-context-7.0.9.jar:7.0.9]
	at org.springframework.context.event.SimpleApplicationEventMulticaster.multicastEvent(SimpleApplicationEventMulticaster.java:133) ~[spring-context-7.0.9.jar:7.0.9]
	at org.springframework.boot.context.event.EventPublishingRunListener.multicastInitialEvent(EventPublishingRunListener.java:137) ~[spring-boot-4.1.1.jar:4.1.1]
	at org.springframework.boot.context.event.EventPublishingRunListener.environmentPrepared(EventPublishingRunListener.java:82) ~[spring-boot-4.1.1.jar:4.1.1]
	at org.springframework.boot.SpringApplicationRunListeners.lambda$environmentPrepared$0(SpringApplicationRunListeners.java:66) ~[spring-boot-4.1.1.jar:4.1.1]
	at java.base/java.lang.Iterable.forEach(Iterable.java:75) ~[na:na]
	at org.springframework.boot.SpringApplicationRunListeners.doWithListeners(SpringApplicationRunListeners.java:123) ~[spring-boot-4.1.1.jar:4.1.1]
	at org.springframework.boot.SpringApplicationRunListeners.doWithListeners(SpringApplicationRunListeners.java:117) ~[spring-boot-4.1.1.jar:4.1.1]
	at org.springframework.boot.SpringApplicationRunListeners.environmentPrepared(SpringApplicationRunListeners.java:65) ~[spring-boot-4.1.1.jar:4.1.1]
	at org.springframework.boot.SpringApplication.prepareEnvironment(SpringApplication.java:356) ~[spring-boot-4.1.1.jar:4.1.1]
	at org.springframework.boot.SpringApplication.run(SpringApplication.java:316) ~[spring-boot-4.1.1.jar:4.1.1]
	at org.springframework.boot.SpringApplication.run(SpringApplication.java:1365) ~[spring-boot-4.1.1.jar:4.1.1]
	at org.springframework.boot.SpringApplication.run(SpringApplication.java:1354) ~[spring-boot-4.1.1.jar:4.1.1]
	at com.trading.analysis_service.AnalysisServiceApplication.main(AnalysisServiceApplication.java:10) ~[classes/:na]
Caused by: org.springframework.web.client.ResourceAccessException: I/O error on GET request for "http://127.0.0.1:8200/v1/sys/internal/ui/mounts/secret/analysis-service": Connect to http://127.0.0.1:8200 failed: Connection refused: getsockopt
	at org.springframework.web.client.DefaultRestClient$DefaultRequestBodyUriSpec.createResourceAccessException(DefaultRestClient.java:779) ~[spring-web-7.0.9.jar:7.0.9]
	at org.springframework.web.client.DefaultRestClient$DefaultRequestBodyUriSpec.exchangeInternal(DefaultRestClient.java:624) ~[spring-web-7.0.9.jar:7.0.9]
	at org.springframework.web.client.DefaultRestClient$DefaultRequestBodyUriSpec.exchange(DefaultRestClient.java:572) ~[spring-web-7.0.9.jar:7.0.9]
	at org.springframework.web.client.RestClient$RequestHeadersSpec.exchange(RestClient.java:747) ~[spring-web-7.0.9.jar:7.0.9]
	at org.springframework.web.client.DefaultRestClient$DefaultResponseSpec.executeAndExtract(DefaultRestClient.java:924) ~[spring-web-7.0.9.jar:7.0.9]
	at org.springframework.web.client.DefaultRestClient$DefaultResponseSpec.toEntityInternal(DefaultRestClient.java:870) ~[spring-web-7.0.9.jar:7.0.9]
	at org.springframework.web.client.DefaultRestClient$DefaultResponseSpec.toEntity(DefaultRestClient.java:859) ~[spring-web-7.0.9.jar:7.0.9]
	at org.springframework.vault.core.VaultTemplate.lambda$doRead$0(VaultTemplate.java:577) ~[spring-vault-core-4.0.3.jar:4.0.3]
	at org.springframework.vault.core.VaultTemplate.doWithSessionClient(VaultTemplate.java:567) ~[spring-vault-core-4.0.3.jar:4.0.3]
	at org.springframework.vault.core.VaultTemplate.doRead(VaultTemplate.java:575) ~[spring-vault-core-4.0.3.jar:4.0.3]
	at org.springframework.vault.core.VaultTemplate.read(VaultTemplate.java:471) ~[spring-vault-core-4.0.3.jar:4.0.3]
	at org.springframework.vault.core.util.KeyValueDelegate.doGetMountInfo(KeyValueDelegate.java:112) ~[spring-vault-core-4.0.3.jar:4.0.3]
	at org.springframework.vault.core.util.KeyValueDelegate.getMountInfo(KeyValueDelegate.java:124) ~[spring-vault-core-4.0.3.jar:4.0.3]
	... 40 common frames omitted
Caused by: org.apache.hc.client5.http.HttpHostConnectException: Connect to http://127.0.0.1:8200 failed: Connection refused: getsockopt
	at java.base/sun.nio.ch.Net.pollConnect(Native Method) ~[na:na]
	at java.base/sun.nio.ch.Net.pollConnectNow(Net.java:672) ~[na:na]
	at java.base/sun.nio.ch.NioSocketImpl.timedFinishConnect(NioSocketImpl.java:547) ~[na:na]
	at java.base/sun.nio.ch.NioSocketImpl.connect(NioSocketImpl.java:602) ~[na:na]
	at java.base/java.net.SocksSocketImpl.connect(SocksSocketImpl.java:327) ~[na:na]
	at java.base/java.net.Socket.connect(Socket.java:633) ~[na:na]
	at org.apache.hc.client5.http.impl.io.DefaultHttpClientConnectionOperator.connect(DefaultHttpClientConnectionOperator.java:219) ~[httpclient5-5.6.4.jar:5.6.4]
	at org.apache.hc.client5.http.impl.io.PoolingHttpClientConnectionManager.connect(PoolingHttpClientConnectionManager.java:547) ~[httpclient5-5.6.4.jar:5.6.4]
	at org.apache.hc.client5.http.impl.classic.InternalExecRuntime.connectEndpoint(InternalExecRuntime.java:164) ~[httpclient5-5.6.4.jar:5.6.4]
	at org.apache.hc.client5.http.impl.classic.InternalExecRuntime.connectEndpoint(InternalExecRuntime.java:174) ~[httpclient5-5.6.4.jar:5.6.4]
	at org.apache.hc.client5.http.impl.classic.ConnectExec.execute(ConnectExec.java:144) ~[httpclient5-5.6.4.jar:5.6.4]
	at org.apache.hc.client5.http.impl.classic.ExecChainElement.execute(ExecChainElement.java:51) ~[httpclient5-5.6.4.jar:5.6.4]
	at org.apache.hc.client5.http.impl.classic.ProtocolExec.execute(ProtocolExec.java:192) ~[httpclient5-5.6.4.jar:5.6.4]
	at org.apache.hc.client5.http.impl.classic.ExecChainElement.execute(ExecChainElement.java:51) ~[httpclient5-5.6.4.jar:5.6.4]
	at org.apache.hc.client5.http.impl.classic.ContentCompressionExec.execute(ContentCompressionExec.java:138) ~[httpclient5-5.6.4.jar:5.6.4]
	at org.apache.hc.client5.http.impl.classic.ExecChainElement.execute(ExecChainElement.java:51) ~[httpclient5-5.6.4.jar:5.6.4]
	at org.apache.hc.client5.http.impl.classic.HttpRequestRetryExec.execute(HttpRequestRetryExec.java:112) ~[httpclient5-5.6.4.jar:5.6.4]
	at org.apache.hc.client5.http.impl.classic.ExecChainElement.execute(ExecChainElement.java:51) ~[httpclient5-5.6.4.jar:5.6.4]
	at org.apache.hc.client5.http.impl.classic.RedirectExec.execute(RedirectExec.java:110) ~[httpclient5-5.6.4.jar:5.6.4]
	at org.apache.hc.client5.http.impl.classic.ExecChainElement.execute(ExecChainElement.java:51) ~[httpclient5-5.6.4.jar:5.6.4]
	at org.apache.hc.client5.http.impl.classic.InternalHttpClient.doExecute(InternalHttpClient.java:186) ~[httpclient5-5.6.4.jar:5.6.4]
	at org.apache.hc.client5.http.impl.classic.CloseableHttpClient.execute(CloseableHttpClient.java:87) ~[httpclient5-5.6.4.jar:5.6.4]
	at org.apache.hc.client5.http.impl.classic.CloseableHttpClient.execute(CloseableHttpClient.java:55) ~[httpclient5-5.6.4.jar:5.6.4]
	at org.apache.hc.client5.http.classic.HttpClient.executeOpen(HttpClient.java:183) ~[httpclient5-5.6.4.jar:5.6.4]
	at org.springframework.http.client.HttpComponentsClientHttpRequest.executeInternal(HttpComponentsClientHttpRequest.java:99) ~[spring-web-7.0.9.jar:7.0.9]
	at org.springframework.http.client.AbstractStreamingClientHttpRequest.executeInternal(AbstractStreamingClientHttpRequest.java:87) ~[spring-web-7.0.9.jar:7.0.9]
	at org.springframework.http.client.AbstractClientHttpRequest.execute(AbstractClientHttpRequest.java:80) ~[spring-web-7.0.9.jar:7.0.9]
	at org.springframework.http.client.AbstractBufferingClientHttpRequest.executeWithRequestAndBody(AbstractBufferingClientHttpRequest.java:89) ~[spring-web-7.0.9.jar:7.0.9]
	at org.springframework.http.client.InterceptingClientHttpRequest$EndOfChainRequestExecution.execute(InterceptingClientHttpRequest.java:102) ~[spring-web-7.0.9.jar:7.0.9]
	at org.springframework.vault.core.VaultTemplate.lambda$getSessionInterceptor$0(VaultTemplate.java:381) ~[spring-vault-core-4.0.3.jar:4.0.3]
	at org.springframework.http.client.ClientHttpRequestInterceptor.lambda$andThen$1(ClientHttpRequestInterceptor.java:75) ~[spring-web-7.0.9.jar:7.0.9]
	at org.springframework.vault.client.RestTemplateBuilder.lambda$createTemplate$0(RestTemplateBuilder.java:241) ~[spring-vault-core-4.0.3.jar:4.0.3]
	at org.springframework.http.client.ClientHttpRequestInterceptor.lambda$andThen$1(ClientHttpRequestInterceptor.java:75) ~[spring-web-7.0.9.jar:7.0.9]
	at org.springframework.vault.client.VaultClients.lambda$createRestTemplate$0(VaultClients.java:145) ~[spring-vault-core-4.0.3.jar:4.0.3]
	at org.springframework.http.client.ClientHttpRequestInterceptor.lambda$andThen$0(ClientHttpRequestInterceptor.java:76) ~[spring-web-7.0.9.jar:7.0.9]
	at org.springframework.http.client.ClientHttpRequestInterceptor.lambda$andThen$0(ClientHttpRequestInterceptor.java:76) ~[spring-web-7.0.9.jar:7.0.9]
	at org.springframework.http.client.ClientHttpRequestInterceptor.lambda$apply$0(ClientHttpRequestInterceptor.java:89) ~[spring-web-7.0.9.jar:7.0.9]
	at org.springframework.http.client.InterceptingClientHttpRequest.executeInternal(InterceptingClientHttpRequest.java:73) ~[spring-web-7.0.9.jar:7.0.9]
	at org.springframework.http.client.AbstractBufferingClientHttpRequest.executeInternal(AbstractBufferingClientHttpRequest.java:50) ~[spring-web-7.0.9.jar:7.0.9]
	at org.springframework.http.client.AbstractClientHttpRequest.execute(AbstractClientHttpRequest.java:80) ~[spring-web-7.0.9.jar:7.0.9]
	at org.springframework.web.client.DefaultRestClient$DefaultRequestBodyUriSpec.exchangeInternal(DefaultRestClient.java:614) ~[spring-web-7.0.9.jar:7.0.9]
	... 51 common frames omitted

2026-08-23T16:05:26.393-04:00  INFO 22768 --- [analysis-service] [main] o.s.v.c.e.LeaseAwareVaultPropertySource  : Vault location [secret/analysis-service] not resolvable: Cannot determine MountInfo for path 'secret/analysis-service' using 'sys/internal/ui/mounts'
2026-08-23T16:05:26.393-04:00  WARN 22768 --- [analysis-service] [main] LeaseEventPublisher$LoggingErrorListener : [RequestedSecret [path='secret/application', mode=ROTATE]] Lease [leaseId='null', leaseDuration=PT0S, renewable=false] Cannot determine MountInfo for path 'secret/application' using 'sys/internal/ui/mounts'

org.springframework.vault.VaultException: Cannot determine MountInfo for path 'secret/application' using 'sys/internal/ui/mounts'
	at org.springframework.vault.core.util.KeyValueDelegate.getMountInfo(KeyValueDelegate.java:136) ~[spring-vault-core-4.0.3.jar:4.0.3]
	at org.springframework.vault.core.util.KeyValueDelegate.isVersioned(KeyValueDelegate.java:74) ~[spring-vault-core-4.0.3.jar:4.0.3]
	at org.springframework.vault.core.lease.SecretLeaseContainer.doGetSecrets(SecretLeaseContainer.java:664) ~[spring-vault-core-4.0.3.jar:4.0.3]
	at org.springframework.vault.core.lease.SecretLeaseContainer.doStart(SecretLeaseContainer.java:404) ~[spring-vault-core-4.0.3.jar:4.0.3]
	at org.springframework.vault.core.lease.SecretLeaseContainer.start(SecretLeaseContainer.java:394) ~[spring-vault-core-4.0.3.jar:4.0.3]
	at org.springframework.vault.core.lease.SecretLeaseContainer.addRequestedSecret(SecretLeaseContainer.java:362) ~[spring-vault-core-4.0.3.jar:4.0.3]
	at org.springframework.vault.core.env.LeaseAwareVaultPropertySource.loadProperties(LeaseAwareVaultPropertySource.java:179) ~[spring-vault-core-4.0.3.jar:4.0.3]
	at org.springframework.vault.core.env.LeaseAwareVaultPropertySource.<init>(LeaseAwareVaultPropertySource.java:164) ~[spring-vault-core-4.0.3.jar:4.0.3]
	at org.springframework.vault.core.env.LeaseAwareVaultPropertySource.<init>(LeaseAwareVaultPropertySource.java:120) ~[spring-vault-core-4.0.3.jar:4.0.3]
	at org.springframework.cloud.vault.config.VaultConfigDataLoader.createLeasingPropertySource(VaultConfigDataLoader.java:293) ~[spring-cloud-vault-config-5.0.2.jar:5.0.2]
	at org.springframework.cloud.vault.config.VaultConfigDataLoader.lambda$loadConfigData$1(VaultConfigDataLoader.java:166) ~[spring-cloud-vault-config-5.0.2.jar:5.0.2]
	at org.springframework.cloud.vault.config.VaultConfigDataLoader.createConfigData(VaultConfigDataLoader.java:235) ~[spring-cloud-vault-config-5.0.2.jar:5.0.2]
	at org.springframework.cloud.vault.config.VaultConfigDataLoader.loadConfigData(VaultConfigDataLoader.java:166) ~[spring-cloud-vault-config-5.0.2.jar:5.0.2]
	at org.springframework.cloud.vault.config.VaultConfigDataLoader.load(VaultConfigDataLoader.java:143) ~[spring-cloud-vault-config-5.0.2.jar:5.0.2]
	at org.springframework.cloud.vault.config.VaultConfigDataLoader.load(VaultConfigDataLoader.java:96) ~[spring-cloud-vault-config-5.0.2.jar:5.0.2]
	at org.springframework.boot.context.config.ConfigDataLoaders.load(ConfigDataLoaders.java:100) ~[spring-boot-4.1.1.jar:4.1.1]
	at org.springframework.boot.context.config.ConfigDataImporter.load(ConfigDataImporter.java:133) ~[spring-boot-4.1.1.jar:4.1.1]
	at org.springframework.boot.context.config.ConfigDataImporter.resolveAndLoad(ConfigDataImporter.java:88) ~[spring-boot-4.1.1.jar:4.1.1]
	at org.springframework.boot.context.config.ConfigDataEnvironmentContributors.withProcessedImports(ConfigDataEnvironmentContributors.java:130) ~[spring-boot-4.1.1.jar:4.1.1]
	at org.springframework.boot.context.config.ConfigDataEnvironment.processWithProfiles(ConfigDataEnvironment.java:326) ~[spring-boot-4.1.1.jar:4.1.1]
	at org.springframework.boot.context.config.ConfigDataEnvironment.processAndApply(ConfigDataEnvironment.java:245) ~[spring-boot-4.1.1.jar:4.1.1]
	at org.springframework.boot.context.config.ConfigDataEnvironmentPostProcessor.postProcessEnvironment(ConfigDataEnvironmentPostProcessor.java:97) ~[spring-boot-4.1.1.jar:4.1.1]
	at org.springframework.boot.context.config.ConfigDataEnvironmentPostProcessor.postProcessEnvironment(ConfigDataEnvironmentPostProcessor.java:90) ~[spring-boot-4.1.1.jar:4.1.1]
	at org.springframework.boot.support.EnvironmentPostProcessorApplicationListener.onApplicationEnvironmentPreparedEvent(EnvironmentPostProcessorApplicationListener.java:137) ~[spring-boot-4.1.1.jar:4.1.1]
	at org.springframework.boot.support.EnvironmentPostProcessorApplicationListener.onApplicationEvent(EnvironmentPostProcessorApplicationListener.java:120) ~[spring-boot-4.1.1.jar:4.1.1]
	at org.springframework.context.event.SimpleApplicationEventMulticaster.doInvokeListener(SimpleApplicationEventMulticaster.java:180) ~[spring-context-7.0.9.jar:7.0.9]
	at org.springframework.context.event.SimpleApplicationEventMulticaster.invokeListener(SimpleApplicationEventMulticaster.java:173) ~[spring-context-7.0.9.jar:7.0.9]
	at org.springframework.context.event.SimpleApplicationEventMulticaster.multicastEvent(SimpleApplicationEventMulticaster.java:151) ~[spring-context-7.0.9.jar:7.0.9]
	at org.springframework.context.event.SimpleApplicationEventMulticaster.multicastEvent(SimpleApplicationEventMulticaster.java:133) ~[spring-context-7.0.9.jar:7.0.9]
	at org.springframework.boot.context.event.EventPublishingRunListener.multicastInitialEvent(EventPublishingRunListener.java:137) ~[spring-boot-4.1.1.jar:4.1.1]
	at org.springframework.boot.context.event.EventPublishingRunListener.environmentPrepared(EventPublishingRunListener.java:82) ~[spring-boot-4.1.1.jar:4.1.1]
	at org.springframework.boot.SpringApplicationRunListeners.lambda$environmentPrepared$0(SpringApplicationRunListeners.java:66) ~[spring-boot-4.1.1.jar:4.1.1]
	at java.base/java.lang.Iterable.forEach(Iterable.java:75) ~[na:na]
	at org.springframework.boot.SpringApplicationRunListeners.doWithListeners(SpringApplicationRunListeners.java:123) ~[spring-boot-4.1.1.jar:4.1.1]
	at org.springframework.boot.SpringApplicationRunListeners.doWithListeners(SpringApplicationRunListeners.java:117) ~[spring-boot-4.1.1.jar:4.1.1]
	at org.springframework.boot.SpringApplicationRunListeners.environmentPrepared(SpringApplicationRunListeners.java:65) ~[spring-boot-4.1.1.jar:4.1.1]
	at org.springframework.boot.SpringApplication.prepareEnvironment(SpringApplication.java:356) ~[spring-boot-4.1.1.jar:4.1.1]
	at org.springframework.boot.SpringApplication.run(SpringApplication.java:316) ~[spring-boot-4.1.1.jar:4.1.1]
	at org.springframework.boot.SpringApplication.run(SpringApplication.java:1365) ~[spring-boot-4.1.1.jar:4.1.1]
	at org.springframework.boot.SpringApplication.run(SpringApplication.java:1354) ~[spring-boot-4.1.1.jar:4.1.1]
	at com.trading.analysis_service.AnalysisServiceApplication.main(AnalysisServiceApplication.java:10) ~[classes/:na]
Caused by: org.springframework.web.client.ResourceAccessException: I/O error on GET request for "http://127.0.0.1:8200/v1/sys/internal/ui/mounts/secret/application": Connect to http://127.0.0.1:8200 failed: Connection refused: getsockopt
	at org.springframework.web.client.DefaultRestClient$DefaultRequestBodyUriSpec.createResourceAccessException(DefaultRestClient.java:779) ~[spring-web-7.0.9.jar:7.0.9]
	at org.springframework.web.client.DefaultRestClient$DefaultRequestBodyUriSpec.exchangeInternal(DefaultRestClient.java:624) ~[spring-web-7.0.9.jar:7.0.9]
	at org.springframework.web.client.DefaultRestClient$DefaultRequestBodyUriSpec.exchange(DefaultRestClient.java:572) ~[spring-web-7.0.9.jar:7.0.9]
	at org.springframework.web.client.RestClient$RequestHeadersSpec.exchange(RestClient.java:747) ~[spring-web-7.0.9.jar:7.0.9]
	at org.springframework.web.client.DefaultRestClient$DefaultResponseSpec.executeAndExtract(DefaultRestClient.java:924) ~[spring-web-7.0.9.jar:7.0.9]
	at org.springframework.web.client.DefaultRestClient$DefaultResponseSpec.toEntityInternal(DefaultRestClient.java:870) ~[spring-web-7.0.9.jar:7.0.9]
	at org.springframework.web.client.DefaultRestClient$DefaultResponseSpec.toEntity(DefaultRestClient.java:859) ~[spring-web-7.0.9.jar:7.0.9]
	at org.springframework.vault.core.VaultTemplate.lambda$doRead$0(VaultTemplate.java:577) ~[spring-vault-core-4.0.3.jar:4.0.3]
	at org.springframework.vault.core.VaultTemplate.doWithSessionClient(VaultTemplate.java:567) ~[spring-vault-core-4.0.3.jar:4.0.3]
	at org.springframework.vault.core.VaultTemplate.doRead(VaultTemplate.java:575) ~[spring-vault-core-4.0.3.jar:4.0.3]
	at org.springframework.vault.core.VaultTemplate.read(VaultTemplate.java:471) ~[spring-vault-core-4.0.3.jar:4.0.3]
	at org.springframework.vault.core.util.KeyValueDelegate.doGetMountInfo(KeyValueDelegate.java:112) ~[spring-vault-core-4.0.3.jar:4.0.3]
	at org.springframework.vault.core.util.KeyValueDelegate.getMountInfo(KeyValueDelegate.java:124) ~[spring-vault-core-4.0.3.jar:4.0.3]
	... 40 common frames omitted
Caused by: org.apache.hc.client5.http.HttpHostConnectException: Connect to http://127.0.0.1:8200 failed: Connection refused: getsockopt
	at java.base/sun.nio.ch.Net.pollConnect(Native Method) ~[na:na]
	at java.base/sun.nio.ch.Net.pollConnectNow(Net.java:672) ~[na:na]
	at java.base/sun.nio.ch.NioSocketImpl.timedFinishConnect(NioSocketImpl.java:547) ~[na:na]
	at java.base/sun.nio.ch.NioSocketImpl.connect(NioSocketImpl.java:602) ~[na:na]
	at java.base/java.net.SocksSocketImpl.connect(SocksSocketImpl.java:327) ~[na:na]
	at java.base/java.net.Socket.connect(Socket.java:633) ~[na:na]
	at org.apache.hc.client5.http.impl.io.DefaultHttpClientConnectionOperator.connect(DefaultHttpClientConnectionOperator.java:219) ~[httpclient5-5.6.4.jar:5.6.4]
	at org.apache.hc.client5.http.impl.io.PoolingHttpClientConnectionManager.connect(PoolingHttpClientConnectionManager.java:547) ~[httpclient5-5.6.4.jar:5.6.4]
	at org.apache.hc.client5.http.impl.classic.InternalExecRuntime.connectEndpoint(InternalExecRuntime.java:164) ~[httpclient5-5.6.4.jar:5.6.4]
	at org.apache.hc.client5.http.impl.classic.InternalExecRuntime.connectEndpoint(InternalExecRuntime.java:174) ~[httpclient5-5.6.4.jar:5.6.4]
	at org.apache.hc.client5.http.impl.classic.ConnectExec.execute(ConnectExec.java:144) ~[httpclient5-5.6.4.jar:5.6.4]
	at org.apache.hc.client5.http.impl.classic.ExecChainElement.execute(ExecChainElement.java:51) ~[httpclient5-5.6.4.jar:5.6.4]
	at org.apache.hc.client5.http.impl.classic.ProtocolExec.execute(ProtocolExec.java:192) ~[httpclient5-5.6.4.jar:5.6.4]
	at org.apache.hc.client5.http.impl.classic.ExecChainElement.execute(ExecChainElement.java:51) ~[httpclient5-5.6.4.jar:5.6.4]
	at org.apache.hc.client5.http.impl.classic.ContentCompressionExec.execute(ContentCompressionExec.java:138) ~[httpclient5-5.6.4.jar:5.6.4]
	at org.apache.hc.client5.http.impl.classic.ExecChainElement.execute(ExecChainElement.java:51) ~[httpclient5-5.6.4.jar:5.6.4]
	at org.apache.hc.client5.http.impl.classic.HttpRequestRetryExec.execute(HttpRequestRetryExec.java:112) ~[httpclient5-5.6.4.jar:5.6.4]
	at org.apache.hc.client5.http.impl.classic.ExecChainElement.execute(ExecChainElement.java:51) ~[httpclient5-5.6.4.jar:5.6.4]
	at org.apache.hc.client5.http.impl.classic.RedirectExec.execute(RedirectExec.java:110) ~[httpclient5-5.6.4.jar:5.6.4]
	at org.apache.hc.client5.http.impl.classic.ExecChainElement.execute(ExecChainElement.java:51) ~[httpclient5-5.6.4.jar:5.6.4]
	at org.apache.hc.client5.http.impl.classic.InternalHttpClient.doExecute(InternalHttpClient.java:186) ~[httpclient5-5.6.4.jar:5.6.4]
	at org.apache.hc.client5.http.impl.classic.CloseableHttpClient.execute(CloseableHttpClient.java:87) ~[httpclient5-5.6.4.jar:5.6.4]
	at org.apache.hc.client5.http.impl.classic.CloseableHttpClient.execute(CloseableHttpClient.java:55) ~[httpclient5-5.6.4.jar:5.6.4]
	at org.apache.hc.client5.http.classic.HttpClient.executeOpen(HttpClient.java:183) ~[httpclient5-5.6.4.jar:5.6.4]
	at org.springframework.http.client.HttpComponentsClientHttpRequest.executeInternal(HttpComponentsClientHttpRequest.java:99) ~[spring-web-7.0.9.jar:7.0.9]
	at org.springframework.http.client.AbstractStreamingClientHttpRequest.executeInternal(AbstractStreamingClientHttpRequest.java:87) ~[spring-web-7.0.9.jar:7.0.9]
	at org.springframework.http.client.AbstractClientHttpRequest.execute(AbstractClientHttpRequest.java:80) ~[spring-web-7.0.9.jar:7.0.9]
	at org.springframework.http.client.AbstractBufferingClientHttpRequest.executeWithRequestAndBody(AbstractBufferingClientHttpRequest.java:89) ~[spring-web-7.0.9.jar:7.0.9]
	at org.springframework.http.client.InterceptingClientHttpRequest$EndOfChainRequestExecution.execute(InterceptingClientHttpRequest.java:102) ~[spring-web-7.0.9.jar:7.0.9]
	at org.springframework.vault.core.VaultTemplate.lambda$getSessionInterceptor$0(VaultTemplate.java:381) ~[spring-vault-core-4.0.3.jar:4.0.3]
	at org.springframework.http.client.ClientHttpRequestInterceptor.lambda$andThen$1(ClientHttpRequestInterceptor.java:75) ~[spring-web-7.0.9.jar:7.0.9]
	at org.springframework.vault.client.RestTemplateBuilder.lambda$createTemplate$0(RestTemplateBuilder.java:241) ~[spring-vault-core-4.0.3.jar:4.0.3]
	at org.springframework.http.client.ClientHttpRequestInterceptor.lambda$andThen$1(ClientHttpRequestInterceptor.java:75) ~[spring-web-7.0.9.jar:7.0.9]
	at org.springframework.vault.client.VaultClients.lambda$createRestTemplate$0(VaultClients.java:145) ~[spring-vault-core-4.0.3.jar:4.0.3]
	at org.springframework.http.client.ClientHttpRequestInterceptor.lambda$andThen$0(ClientHttpRequestInterceptor.java:76) ~[spring-web-7.0.9.jar:7.0.9]
	at org.springframework.http.client.ClientHttpRequestInterceptor.lambda$andThen$0(ClientHttpRequestInterceptor.java:76) ~[spring-web-7.0.9.jar:7.0.9]
	at org.springframework.http.client.ClientHttpRequestInterceptor.lambda$apply$0(ClientHttpRequestInterceptor.java:89) ~[spring-web-7.0.9.jar:7.0.9]
	at org.springframework.http.client.InterceptingClientHttpRequest.executeInternal(InterceptingClientHttpRequest.java:73) ~[spring-web-7.0.9.jar:7.0.9]
	at org.springframework.http.client.AbstractBufferingClientHttpRequest.executeInternal(AbstractBufferingClientHttpRequest.java:50) ~[spring-web-7.0.9.jar:7.0.9]
	at org.springframework.http.client.AbstractClientHttpRequest.execute(AbstractClientHttpRequest.java:80) ~[spring-web-7.0.9.jar:7.0.9]
	at org.springframework.web.client.DefaultRestClient$DefaultRequestBodyUriSpec.exchangeInternal(DefaultRestClient.java:614) ~[spring-web-7.0.9.jar:7.0.9]
	... 51 common frames omitted

2026-08-23T16:05:26.394-04:00  INFO 22768 --- [analysis-service] [main] o.s.v.c.e.LeaseAwareVaultPropertySource  : Vault location [secret/application] not resolvable: Cannot determine MountInfo for path 'secret/application' using 'sys/internal/ui/mounts'
2026-08-23T16:05:26.759-04:00  INFO 22768 --- [analysis-service] [main] o.s.cloud.context.scope.GenericScope     : BeanFactory id=960d5fa7-2a40-3bdb-b0b3-03ebfb9f6d95
2026-08-23T16:05:26.910-04:00  INFO 22768 --- [analysis-service] [main] o.s.boot.tomcat.TomcatWebServer          : Tomcat initialized with port 8082 (http)
2026-08-23T16:05:26.918-04:00  INFO 22768 --- [analysis-service] [main] o.apache.catalina.core.StandardService   : Starting service [Tomcat]
2026-08-23T16:05:26.919-04:00  INFO 22768 --- [analysis-service] [main] o.apache.catalina.core.StandardEngine    : Starting Servlet engine: [Apache Tomcat/11.0.24]
2026-08-23T16:05:26.961-04:00  INFO 22768 --- [analysis-service] [main] b.w.c.s.WebApplicationContextInitializer : Root WebApplicationContext: initialization completed in 566 ms
2026-08-23T16:05:27.004-04:00  WARN 22768 --- [analysis-service] [main] o.s.core.annotation.MergedAnnotation     : Failed to introspect meta-annotation @AutoConfiguration on class org.springframework.ai.autoconfigure.ollama.OllamaAutoConfiguration: java.lang.TypeNotPresentException: Type org.springframework.boot.autoconfigure.web.client.RestClientAutoConfiguration not present
2026-08-23T16:05:27.461-04:00  INFO 22768 --- [analysis-service] [main] o.s.boot.tomcat.TomcatWebServer          : Tomcat started on port 8082 (http) with context path '/'
2026-08-23T16:05:27.702-04:00  INFO 22768 --- [analysis-service] [main] c.t.a.AnalysisServiceApplication         : Started AnalysisServiceApplication in 2.365 seconds (process running for 2.696)
2026-08-23T16:05:57.389-04:00  INFO 22768 --- [analysis-service] [http-nio-8082-exec-1] o.a.c.c.C.[Tomcat].[localhost].[/]       : Initializing Spring DispatcherServlet 'dispatcherServlet'
2026-08-23T16:05:57.389-04:00  INFO 22768 --- [analysis-service] [http-nio-8082-exec-1] o.s.web.servlet.DispatcherServlet        : Initializing Servlet 'dispatcherServlet'
2026-08-23T16:05:57.390-04:00  INFO 22768 --- [analysis-service] [http-nio-8082-exec-1] o.s.web.servlet.DispatcherServlet        : Completed initialization in 1 ms
2026-08-23T16:05:57.492-04:00 ERROR 22768 --- [analysis-service] [http-nio-8082-exec-1] o.a.c.c.C.[.[.[/].[dispatcherServlet]    : Servlet.service() for servlet [dispatcherServlet] in context with path [] threw exception [Request processing failed: java.lang.IllegalArgumentException: The template string is not valid.] with root cause

org.stringtemplate.v4.compiler.STException
	at org.stringtemplate.v4.compiler.Compiler.reportMessageAndThrowSTException(Compiler.java:213) ~[stringtemplate-4.0.2.jar:na]
	at org.stringtemplate.v4.compiler.Compiler.compile(Compiler.java:143) ~[stringtemplate-4.0.2.jar:na]
	at org.stringtemplate.v4.STGroup.compile(STGroup.java:427) ~[stringtemplate-4.0.2.jar:na]
	at org.stringtemplate.v4.ST.<init>(ST.java:142) ~[stringtemplate-4.0.2.jar:na]
	at org.stringtemplate.v4.ST.<init>(ST.java:136) ~[stringtemplate-4.0.2.jar:na]
	at org.springframework.ai.chat.prompt.PromptTemplate.<init>(PromptTemplate.java:79) ~[spring-ai-core-1.0.0-M1.jar:1.0.0-M1]
	at org.springframework.ai.chat.client.ChatClient$ChatClientRequest$CallResponseSpec.doGetChatResponse(ChatClient.java:592) ~[spring-ai-core-1.0.0-M1.jar:1.0.0-M1]
	at org.springframework.ai.chat.client.ChatClient$ChatClientRequest$CallResponseSpec.doGetChatResponse(ChatClient.java:569) ~[spring-ai-core-1.0.0-M1.jar:1.0.0-M1]
	at org.springframework.ai.chat.client.ChatClient$ChatClientRequest$CallResponseSpec.content(ChatClient.java:635) ~[spring-ai-core-1.0.0-M1.jar:1.0.0-M1]
	at com.trading.analysis_service.controller.StrategyController.generateStrategy(StrategyController.java:65) ~[classes/:na]
	at java.base/jdk.internal.reflect.NativeMethodAccessorImpl.invoke0(Native Method) ~[na:na]
	at java.base/jdk.internal.reflect.NativeMethodAccessorImpl.invoke(NativeMethodAccessorImpl.java:77) ~[na:na]
	at java.base/jdk.internal.reflect.DelegatingMethodAccessorImpl.invoke(DelegatingMethodAccessorImpl.java:43) ~[na:na]
	at java.base/java.lang.reflect.Method.invoke(Method.java:569) ~[na:na]
	at org.springframework.web.method.support.InvocableHandlerMethod.doInvoke(InvocableHandlerMethod.java:252) ~[spring-web-7.0.9.jar:7.0.9]
	at org.springframework.web.method.support.InvocableHandlerMethod.invokeForRequest(InvocableHandlerMethod.java:184) ~[spring-web-7.0.9.jar:7.0.9]
	at org.springframework.web.servlet.mvc.method.annotation.ServletInvocableHandlerMethod.invokeAndHandle(ServletInvocableHandlerMethod.java:117) ~[spring-webmvc-7.0.9.jar:7.0.9]
	at org.springframework.web.servlet.mvc.method.annotation.RequestMappingHandlerAdapter.invokeHandlerMethod(RequestMappingHandlerAdapter.java:934) ~[spring-webmvc-7.0.9.jar:7.0.9]
	at org.springframework.web.servlet.mvc.method.annotation.RequestMappingHandlerAdapter.handleInternal(RequestMappingHandlerAdapter.java:853) ~[spring-webmvc-7.0.9.jar:7.0.9]
	at org.springframework.web.servlet.mvc.method.AbstractHandlerMethodAdapter.handle(AbstractHandlerMethodAdapter.java:86) ~[spring-webmvc-7.0.9.jar:7.0.9]
	at org.springframework.web.servlet.DispatcherServlet.doDispatch(DispatcherServlet.java:963) ~[spring-webmvc-7.0.9.jar:7.0.9]
	at org.springframework.web.servlet.DispatcherServlet.doService(DispatcherServlet.java:866) ~[spring-webmvc-7.0.9.jar:7.0.9]
	at org.springframework.web.servlet.FrameworkServlet.processRequest(FrameworkServlet.java:1000) ~[spring-webmvc-7.0.9.jar:7.0.9]
	at org.springframework.web.servlet.FrameworkServlet.doPost(FrameworkServlet.java:903) ~[spring-webmvc-7.0.9.jar:7.0.9]
	at jakarta.servlet.http.HttpServlet.service(HttpServlet.java:649) ~[tomcat-embed-core-11.0.24.jar:6.1]
	at org.springframework.web.servlet.FrameworkServlet.service(FrameworkServlet.java:874) ~[spring-webmvc-7.0.9.jar:7.0.9]
	at jakarta.servlet.http.HttpServlet.service(HttpServlet.java:710) ~[tomcat-embed-core-11.0.24.jar:6.1]
	at org.apache.catalina.core.ApplicationFilterChain.doFilter(ApplicationFilterChain.java:132) ~[tomcat-embed-core-11.0.24.jar:11.0.24]
	at org.apache.tomcat.websocket.server.WsFilter.doFilter(WsFilter.java:59) ~[tomcat-embed-websocket-11.0.24.jar:11.0.24]
	at org.apache.catalina.core.ApplicationFilterChain.doFilter(ApplicationFilterChain.java:111) ~[tomcat-embed-core-11.0.24.jar:11.0.24]
	at org.springframework.web.filter.RequestContextFilter.doFilterInternal(RequestContextFilter.java:100) ~[spring-web-7.0.9.jar:7.0.9]
	at org.springframework.web.filter.OncePerRequestFilter.doFilter(OncePerRequestFilter.java:116) ~[spring-web-7.0.9.jar:7.0.9]
	at org.apache.catalina.core.ApplicationFilterChain.doFilter(ApplicationFilterChain.java:111) ~[tomcat-embed-core-11.0.24.jar:11.0.24]
	at org.springframework.web.filter.FormContentFilter.doFilterInternal(FormContentFilter.java:93) ~[spring-web-7.0.9.jar:7.0.9]
	at org.springframework.web.filter.OncePerRequestFilter.doFilter(OncePerRequestFilter.java:116) ~[spring-web-7.0.9.jar:7.0.9]
	at org.apache.catalina.core.ApplicationFilterChain.doFilter(ApplicationFilterChain.java:111) ~[tomcat-embed-core-11.0.24.jar:11.0.24]
	at org.springframework.web.filter.CharacterEncodingFilter.doFilterInternal(CharacterEncodingFilter.java:199) ~[spring-web-7.0.9.jar:7.0.9]
	at org.springframework.web.filter.OncePerRequestFilter.doFilter(OncePerRequestFilter.java:116) ~[spring-web-7.0.9.jar:7.0.9]
	at org.apache.catalina.core.ApplicationFilterChain.doFilter(ApplicationFilterChain.java:111) ~[tomcat-embed-core-11.0.24.jar:11.0.24]
	at org.apache.catalina.core.StandardWrapperValve.invoke(StandardWrapperValve.java:165) ~[tomcat-embed-core-11.0.24.jar:11.0.24]
	at org.apache.catalina.core.StandardContextValve.invoke(StandardContextValve.java:77) ~[tomcat-embed-core-11.0.24.jar:11.0.24]
	at org.apache.catalina.authenticator.AuthenticatorBase.invoke(AuthenticatorBase.java:535) ~[tomcat-embed-core-11.0.24.jar:11.0.24]
	at org.apache.catalina.core.StandardHostValve.invoke(StandardHostValve.java:115) ~[tomcat-embed-core-11.0.24.jar:11.0.24]
	at org.apache.catalina.valves.ErrorReportValve.invoke(ErrorReportValve.java:86) ~[tomcat-embed-core-11.0.24.jar:11.0.24]
	at org.apache.catalina.core.StandardEngineValve.invoke(StandardEngineValve.java:71) ~[tomcat-embed-core-11.0.24.jar:11.0.24]
	at org.apache.catalina.connector.CoyoteAdapter.service(CoyoteAdapter.java:347) ~[tomcat-embed-core-11.0.24.jar:11.0.24]
	at org.apache.coyote.http11.Http11Processor.service(Http11Processor.java:406) ~[tomcat-embed-core-11.0.24.jar:11.0.24]
	at org.apache.coyote.AbstractProcessorLight.process(AbstractProcessorLight.java:71) ~[tomcat-embed-core-11.0.24.jar:11.0.24]
	at org.apache.coyote.AbstractProtocol$ConnectionHandler.process(AbstractProtocol.java:1307) ~[tomcat-embed-core-11.0.24.jar:11.0.24]
	at org.apache.tomcat.util.net.NioEndpoint$SocketProcessor.doRun(NioEndpoint.java:2036) ~[tomcat-embed-core-11.0.24.jar:11.0.24]
	at org.apache.tomcat.util.net.SocketProcessorBase.run(SocketProcessorBase.java:74) ~[tomcat-embed-core-11.0.24.jar:11.0.24]
	at org.apache.tomcat.util.threads.ThreadPoolExecutor.runWorker(ThreadPoolExecutor.java:949) ~[tomcat-embed-core-11.0.24.jar:11.0.24]
	at org.apache.tomcat.util.threads.ThreadPoolExecutor$Worker.run(ThreadPoolExecutor.java:483) ~[tomcat-embed-core-11.0.24.jar:11.0.24]
	at org.apache.tomcat.util.threads.TaskThread$WrappingRunnable.run(TaskThread.java:74) ~[tomcat-embed-core-11.0.24.jar:11.0.24]
	at java.base/java.lang.Thread.run(Thread.java:840) ~[na:na]

2026-08-23T16:06:30.572-04:00  INFO 23816 --- [analysis-service] [main] c.t.a.AnalysisServiceApplication         : Starting AnalysisServiceApplication using Java 17.0.12 with PID 23816 (C:\Development\TradingApp\analysis-service\target\classes started by mrcsh in C:\Development\TradingApp\analysis-service)
2026-08-23T16:06:30.575-04:00  INFO 23816 --- [analysis-service] [main] c.t.a.AnalysisServiceApplication         : No active profile set, falling back to 1 default profile: "default"
2026-08-23T16:06:30.600-04:00  WARN 23816 --- [analysis-service] [main] LeaseEventPublisher$LoggingErrorListener : [RequestedSecret [path='secret/analysis-service', mode=ROTATE]] Lease [leaseId='null', leaseDuration=PT0S, renewable=false] Cannot determine MountInfo for path 'secret/analysis-service' using 'sys/internal/ui/mounts'

org.springframework.vault.VaultException: Cannot determine MountInfo for path 'secret/analysis-service' using 'sys/internal/ui/mounts'
	at org.springframework.vault.core.util.KeyValueDelegate.getMountInfo(KeyValueDelegate.java:136) ~[spring-vault-core-4.0.3.jar:4.0.3]
	at org.springframework.vault.core.util.KeyValueDelegate.isVersioned(KeyValueDelegate.java:74) ~[spring-vault-core-4.0.3.jar:4.0.3]
	at org.springframework.vault.core.lease.SecretLeaseContainer.doGetSecrets(SecretLeaseContainer.java:664) ~[spring-vault-core-4.0.3.jar:4.0.3]
	at org.springframework.vault.core.lease.SecretLeaseContainer.doStart(SecretLeaseContainer.java:404) ~[spring-vault-core-4.0.3.jar:4.0.3]
	at org.springframework.vault.core.lease.SecretLeaseContainer.start(SecretLeaseContainer.java:394) ~[spring-vault-core-4.0.3.jar:4.0.3]
	at org.springframework.vault.core.lease.SecretLeaseContainer.addRequestedSecret(SecretLeaseContainer.java:362) ~[spring-vault-core-4.0.3.jar:4.0.3]
	at org.springframework.vault.core.env.LeaseAwareVaultPropertySource.loadProperties(LeaseAwareVaultPropertySource.java:179) ~[spring-vault-core-4.0.3.jar:4.0.3]
	at org.springframework.vault.core.env.LeaseAwareVaultPropertySource.<init>(LeaseAwareVaultPropertySource.java:164) ~[spring-vault-core-4.0.3.jar:4.0.3]
	at org.springframework.vault.core.env.LeaseAwareVaultPropertySource.<init>(LeaseAwareVaultPropertySource.java:120) ~[spring-vault-core-4.0.3.jar:4.0.3]
	at org.springframework.cloud.vault.config.VaultConfigDataLoader.createLeasingPropertySource(VaultConfigDataLoader.java:293) ~[spring-cloud-vault-config-5.0.2.jar:5.0.2]
	at org.springframework.cloud.vault.config.VaultConfigDataLoader.lambda$loadConfigData$1(VaultConfigDataLoader.java:166) ~[spring-cloud-vault-config-5.0.2.jar:5.0.2]
	at org.springframework.cloud.vault.config.VaultConfigDataLoader.createConfigData(VaultConfigDataLoader.java:235) ~[spring-cloud-vault-config-5.0.2.jar:5.0.2]
	at org.springframework.cloud.vault.config.VaultConfigDataLoader.loadConfigData(VaultConfigDataLoader.java:166) ~[spring-cloud-vault-config-5.0.2.jar:5.0.2]
	at org.springframework.cloud.vault.config.VaultConfigDataLoader.load(VaultConfigDataLoader.java:143) ~[spring-cloud-vault-config-5.0.2.jar:5.0.2]
	at org.springframework.cloud.vault.config.VaultConfigDataLoader.load(VaultConfigDataLoader.java:96) ~[spring-cloud-vault-config-5.0.2.jar:5.0.2]
	at org.springframework.boot.context.config.ConfigDataLoaders.load(ConfigDataLoaders.java:100) ~[spring-boot-4.1.1.jar:4.1.1]
	at org.springframework.boot.context.config.ConfigDataImporter.load(ConfigDataImporter.java:133) ~[spring-boot-4.1.1.jar:4.1.1]
	at org.springframework.boot.context.config.ConfigDataImporter.resolveAndLoad(ConfigDataImporter.java:88) ~[spring-boot-4.1.1.jar:4.1.1]
	at org.springframework.boot.context.config.ConfigDataEnvironmentContributors.withProcessedImports(ConfigDataEnvironmentContributors.java:130) ~[spring-boot-4.1.1.jar:4.1.1]
	at org.springframework.boot.context.config.ConfigDataEnvironment.processWithProfiles(ConfigDataEnvironment.java:326) ~[spring-boot-4.1.1.jar:4.1.1]
	at org.springframework.boot.context.config.ConfigDataEnvironment.processAndApply(ConfigDataEnvironment.java:245) ~[spring-boot-4.1.1.jar:4.1.1]
	at org.springframework.boot.context.config.ConfigDataEnvironmentPostProcessor.postProcessEnvironment(ConfigDataEnvironmentPostProcessor.java:97) ~[spring-boot-4.1.1.jar:4.1.1]
	at org.springframework.boot.context.config.ConfigDataEnvironmentPostProcessor.postProcessEnvironment(ConfigDataEnvironmentPostProcessor.java:90) ~[spring-boot-4.1.1.jar:4.1.1]
	at org.springframework.boot.support.EnvironmentPostProcessorApplicationListener.onApplicationEnvironmentPreparedEvent(EnvironmentPostProcessorApplicationListener.java:137) ~[spring-boot-4.1.1.jar:4.1.1]
	at org.springframework.boot.support.EnvironmentPostProcessorApplicationListener.onApplicationEvent(EnvironmentPostProcessorApplicationListener.java:120) ~[spring-boot-4.1.1.jar:4.1.1]
	at org.springframework.context.event.SimpleApplicationEventMulticaster.doInvokeListener(SimpleApplicationEventMulticaster.java:180) ~[spring-context-7.0.9.jar:7.0.9]
	at org.springframework.context.event.SimpleApplicationEventMulticaster.invokeListener(SimpleApplicationEventMulticaster.java:173) ~[spring-context-7.0.9.jar:7.0.9]
	at org.springframework.context.event.SimpleApplicationEventMulticaster.multicastEvent(SimpleApplicationEventMulticaster.java:151) ~[spring-context-7.0.9.jar:7.0.9]
	at org.springframework.context.event.SimpleApplicationEventMulticaster.multicastEvent(SimpleApplicationEventMulticaster.java:133) ~[spring-context-7.0.9.jar:7.0.9]
	at org.springframework.boot.context.event.EventPublishingRunListener.multicastInitialEvent(EventPublishingRunListener.java:137) ~[spring-boot-4.1.1.jar:4.1.1]
	at org.springframework.boot.context.event.EventPublishingRunListener.environmentPrepared(EventPublishingRunListener.java:82) ~[spring-boot-4.1.1.jar:4.1.1]
	at org.springframework.boot.SpringApplicationRunListeners.lambda$environmentPrepared$0(SpringApplicationRunListeners.java:66) ~[spring-boot-4.1.1.jar:4.1.1]
	at java.base/java.lang.Iterable.forEach(Iterable.java:75) ~[na:na]
	at org.springframework.boot.SpringApplicationRunListeners.doWithListeners(SpringApplicationRunListeners.java:123) ~[spring-boot-4.1.1.jar:4.1.1]
	at org.springframework.boot.SpringApplicationRunListeners.doWithListeners(SpringApplicationRunListeners.java:117) ~[spring-boot-4.1.1.jar:4.1.1]
	at org.springframework.boot.SpringApplicationRunListeners.environmentPrepared(SpringApplicationRunListeners.java:65) ~[spring-boot-4.1.1.jar:4.1.1]
	at org.springframework.boot.SpringApplication.prepareEnvironment(SpringApplication.java:356) ~[spring-boot-4.1.1.jar:4.1.1]
	at org.springframework.boot.SpringApplication.run(SpringApplication.java:316) ~[spring-boot-4.1.1.jar:4.1.1]
	at org.springframework.boot.SpringApplication.run(SpringApplication.java:1365) ~[spring-boot-4.1.1.jar:4.1.1]
	at org.springframework.boot.SpringApplication.run(SpringApplication.java:1354) ~[spring-boot-4.1.1.jar:4.1.1]
	at com.trading.analysis_service.AnalysisServiceApplication.main(AnalysisServiceApplication.java:10) ~[classes/:na]
Caused by: org.springframework.web.client.ResourceAccessException: I/O error on GET request for "http://127.0.0.1:8200/v1/sys/internal/ui/mounts/secret/analysis-service": Connect to http://127.0.0.1:8200 failed: Connection refused: getsockopt
	at org.springframework.web.client.DefaultRestClient$DefaultRequestBodyUriSpec.createResourceAccessException(DefaultRestClient.java:779) ~[spring-web-7.0.9.jar:7.0.9]
	at org.springframework.web.client.DefaultRestClient$DefaultRequestBodyUriSpec.exchangeInternal(DefaultRestClient.java:624) ~[spring-web-7.0.9.jar:7.0.9]
	at org.springframework.web.client.DefaultRestClient$DefaultRequestBodyUriSpec.exchange(DefaultRestClient.java:572) ~[spring-web-7.0.9.jar:7.0.9]
	at org.springframework.web.client.RestClient$RequestHeadersSpec.exchange(RestClient.java:747) ~[spring-web-7.0.9.jar:7.0.9]
	at org.springframework.web.client.DefaultRestClient$DefaultResponseSpec.executeAndExtract(DefaultRestClient.java:924) ~[spring-web-7.0.9.jar:7.0.9]
	at org.springframework.web.client.DefaultRestClient$DefaultResponseSpec.toEntityInternal(DefaultRestClient.java:870) ~[spring-web-7.0.9.jar:7.0.9]
	at org.springframework.web.client.DefaultRestClient$DefaultResponseSpec.toEntity(DefaultRestClient.java:859) ~[spring-web-7.0.9.jar:7.0.9]
	at org.springframework.vault.core.VaultTemplate.lambda$doRead$0(VaultTemplate.java:577) ~[spring-vault-core-4.0.3.jar:4.0.3]
	at org.springframework.vault.core.VaultTemplate.doWithSessionClient(VaultTemplate.java:567) ~[spring-vault-core-4.0.3.jar:4.0.3]
	at org.springframework.vault.core.VaultTemplate.doRead(VaultTemplate.java:575) ~[spring-vault-core-4.0.3.jar:4.0.3]
	at org.springframework.vault.core.VaultTemplate.read(VaultTemplate.java:471) ~[spring-vault-core-4.0.3.jar:4.0.3]
	at org.springframework.vault.core.util.KeyValueDelegate.doGetMountInfo(KeyValueDelegate.java:112) ~[spring-vault-core-4.0.3.jar:4.0.3]
	at org.springframework.vault.core.util.KeyValueDelegate.getMountInfo(KeyValueDelegate.java:124) ~[spring-vault-core-4.0.3.jar:4.0.3]
	... 40 common frames omitted
Caused by: org.apache.hc.client5.http.HttpHostConnectException: Connect to http://127.0.0.1:8200 failed: Connection refused: getsockopt
	at java.base/sun.nio.ch.Net.pollConnect(Native Method) ~[na:na]
	at java.base/sun.nio.ch.Net.pollConnectNow(Net.java:672) ~[na:na]
	at java.base/sun.nio.ch.NioSocketImpl.timedFinishConnect(NioSocketImpl.java:547) ~[na:na]
	at java.base/sun.nio.ch.NioSocketImpl.connect(NioSocketImpl.java:602) ~[na:na]
	at java.base/java.net.SocksSocketImpl.connect(SocksSocketImpl.java:327) ~[na:na]
	at java.base/java.net.Socket.connect(Socket.java:633) ~[na:na]
	at org.apache.hc.client5.http.impl.io.DefaultHttpClientConnectionOperator.connect(DefaultHttpClientConnectionOperator.java:219) ~[httpclient5-5.6.4.jar:5.6.4]
	at org.apache.hc.client5.http.impl.io.PoolingHttpClientConnectionManager.connect(PoolingHttpClientConnectionManager.java:547) ~[httpclient5-5.6.4.jar:5.6.4]
	at org.apache.hc.client5.http.impl.classic.InternalExecRuntime.connectEndpoint(InternalExecRuntime.java:164) ~[httpclient5-5.6.4.jar:5.6.4]
	at org.apache.hc.client5.http.impl.classic.InternalExecRuntime.connectEndpoint(InternalExecRuntime.java:174) ~[httpclient5-5.6.4.jar:5.6.4]
	at org.apache.hc.client5.http.impl.classic.ConnectExec.execute(ConnectExec.java:144) ~[httpclient5-5.6.4.jar:5.6.4]
	at org.apache.hc.client5.http.impl.classic.ExecChainElement.execute(ExecChainElement.java:51) ~[httpclient5-5.6.4.jar:5.6.4]
	at org.apache.hc.client5.http.impl.classic.ProtocolExec.execute(ProtocolExec.java:192) ~[httpclient5-5.6.4.jar:5.6.4]
	at org.apache.hc.client5.http.impl.classic.ExecChainElement.execute(ExecChainElement.java:51) ~[httpclient5-5.6.4.jar:5.6.4]
	at org.apache.hc.client5.http.impl.classic.ContentCompressionExec.execute(ContentCompressionExec.java:138) ~[httpclient5-5.6.4.jar:5.6.4]
	at org.apache.hc.client5.http.impl.classic.ExecChainElement.execute(ExecChainElement.java:51) ~[httpclient5-5.6.4.jar:5.6.4]
	at org.apache.hc.client5.http.impl.classic.HttpRequestRetryExec.execute(HttpRequestRetryExec.java:112) ~[httpclient5-5.6.4.jar:5.6.4]
	at org.apache.hc.client5.http.impl.classic.ExecChainElement.execute(ExecChainElement.java:51) ~[httpclient5-5.6.4.jar:5.6.4]
	at org.apache.hc.client5.http.impl.classic.RedirectExec.execute(RedirectExec.java:110) ~[httpclient5-5.6.4.jar:5.6.4]
	at org.apache.hc.client5.http.impl.classic.ExecChainElement.execute(ExecChainElement.java:51) ~[httpclient5-5.6.4.jar:5.6.4]
	at org.apache.hc.client5.http.impl.classic.InternalHttpClient.doExecute(InternalHttpClient.java:186) ~[httpclient5-5.6.4.jar:5.6.4]
	at org.apache.hc.client5.http.impl.classic.CloseableHttpClient.execute(CloseableHttpClient.java:87) ~[httpclient5-5.6.4.jar:5.6.4]
	at org.apache.hc.client5.http.impl.classic.CloseableHttpClient.execute(CloseableHttpClient.java:55) ~[httpclient5-5.6.4.jar:5.6.4]
	at org.apache.hc.client5.http.classic.HttpClient.executeOpen(HttpClient.java:183) ~[httpclient5-5.6.4.jar:5.6.4]
	at org.springframework.http.client.HttpComponentsClientHttpRequest.executeInternal(HttpComponentsClientHttpRequest.java:99) ~[spring-web-7.0.9.jar:7.0.9]
	at org.springframework.http.client.AbstractStreamingClientHttpRequest.executeInternal(AbstractStreamingClientHttpRequest.java:87) ~[spring-web-7.0.9.jar:7.0.9]
	at org.springframework.http.client.AbstractClientHttpRequest.execute(AbstractClientHttpRequest.java:80) ~[spring-web-7.0.9.jar:7.0.9]
	at org.springframework.http.client.AbstractBufferingClientHttpRequest.executeWithRequestAndBody(AbstractBufferingClientHttpRequest.java:89) ~[spring-web-7.0.9.jar:7.0.9]
	at org.springframework.http.client.InterceptingClientHttpRequest$EndOfChainRequestExecution.execute(InterceptingClientHttpRequest.java:102) ~[spring-web-7.0.9.jar:7.0.9]
	at org.springframework.vault.core.VaultTemplate.lambda$getSessionInterceptor$0(VaultTemplate.java:381) ~[spring-vault-core-4.0.3.jar:4.0.3]
	at org.springframework.http.client.ClientHttpRequestInterceptor.lambda$andThen$1(ClientHttpRequestInterceptor.java:75) ~[spring-web-7.0.9.jar:7.0.9]
	at org.springframework.vault.client.RestTemplateBuilder.lambda$createTemplate$0(RestTemplateBuilder.java:241) ~[spring-vault-core-4.0.3.jar:4.0.3]
	at org.springframework.http.client.ClientHttpRequestInterceptor.lambda$andThen$1(ClientHttpRequestInterceptor.java:75) ~[spring-web-7.0.9.jar:7.0.9]
	at org.springframework.vault.client.VaultClients.lambda$createRestTemplate$0(VaultClients.java:145) ~[spring-vault-core-4.0.3.jar:4.0.3]
	at org.springframework.http.client.ClientHttpRequestInterceptor.lambda$andThen$0(ClientHttpRequestInterceptor.java:76) ~[spring-web-7.0.9.jar:7.0.9]
	at org.springframework.http.client.ClientHttpRequestInterceptor.lambda$andThen$0(ClientHttpRequestInterceptor.java:76) ~[spring-web-7.0.9.jar:7.0.9]
	at org.springframework.http.client.ClientHttpRequestInterceptor.lambda$apply$0(ClientHttpRequestInterceptor.java:89) ~[spring-web-7.0.9.jar:7.0.9]
	at org.springframework.http.client.InterceptingClientHttpRequest.executeInternal(InterceptingClientHttpRequest.java:73) ~[spring-web-7.0.9.jar:7.0.9]
	at org.springframework.http.client.AbstractBufferingClientHttpRequest.executeInternal(AbstractBufferingClientHttpRequest.java:50) ~[spring-web-7.0.9.jar:7.0.9]
	at org.springframework.http.client.AbstractClientHttpRequest.execute(AbstractClientHttpRequest.java:80) ~[spring-web-7.0.9.jar:7.0.9]
	at org.springframework.web.client.DefaultRestClient$DefaultRequestBodyUriSpec.exchangeInternal(DefaultRestClient.java:614) ~[spring-web-7.0.9.jar:7.0.9]
	... 51 common frames omitted

2026-08-23T16:06:30.603-04:00  INFO 23816 --- [analysis-service] [main] o.s.v.c.e.LeaseAwareVaultPropertySource  : Vault location [secret/analysis-service] not resolvable: Cannot determine MountInfo for path 'secret/analysis-service' using 'sys/internal/ui/mounts'
2026-08-23T16:06:30.603-04:00  WARN 23816 --- [analysis-service] [main] LeaseEventPublisher$LoggingErrorListener : [RequestedSecret [path='secret/application', mode=ROTATE]] Lease [leaseId='null', leaseDuration=PT0S, renewable=false] Cannot determine MountInfo for path 'secret/application' using 'sys/internal/ui/mounts'

org.springframework.vault.VaultException: Cannot determine MountInfo for path 'secret/application' using 'sys/internal/ui/mounts'
	at org.springframework.vault.core.util.KeyValueDelegate.getMountInfo(KeyValueDelegate.java:136) ~[spring-vault-core-4.0.3.jar:4.0.3]
	at org.springframework.vault.core.util.KeyValueDelegate.isVersioned(KeyValueDelegate.java:74) ~[spring-vault-core-4.0.3.jar:4.0.3]
	at org.springframework.vault.core.lease.SecretLeaseContainer.doGetSecrets(SecretLeaseContainer.java:664) ~[spring-vault-core-4.0.3.jar:4.0.3]
	at org.springframework.vault.core.lease.SecretLeaseContainer.doStart(SecretLeaseContainer.java:404) ~[spring-vault-core-4.0.3.jar:4.0.3]
	at org.springframework.vault.core.lease.SecretLeaseContainer.start(SecretLeaseContainer.java:394) ~[spring-vault-core-4.0.3.jar:4.0.3]
	at org.springframework.vault.core.lease.SecretLeaseContainer.addRequestedSecret(SecretLeaseContainer.java:362) ~[spring-vault-core-4.0.3.jar:4.0.3]
	at org.springframework.vault.core.env.LeaseAwareVaultPropertySource.loadProperties(LeaseAwareVaultPropertySource.java:179) ~[spring-vault-core-4.0.3.jar:4.0.3]
	at org.springframework.vault.core.env.LeaseAwareVaultPropertySource.<init>(LeaseAwareVaultPropertySource.java:164) ~[spring-vault-core-4.0.3.jar:4.0.3]
	at org.springframework.vault.core.env.LeaseAwareVaultPropertySource.<init>(LeaseAwareVaultPropertySource.java:120) ~[spring-vault-core-4.0.3.jar:4.0.3]
	at org.springframework.cloud.vault.config.VaultConfigDataLoader.createLeasingPropertySource(VaultConfigDataLoader.java:293) ~[spring-cloud-vault-config-5.0.2.jar:5.0.2]
	at org.springframework.cloud.vault.config.VaultConfigDataLoader.lambda$loadConfigData$1(VaultConfigDataLoader.java:166) ~[spring-cloud-vault-config-5.0.2.jar:5.0.2]
	at org.springframework.cloud.vault.config.VaultConfigDataLoader.createConfigData(VaultConfigDataLoader.java:235) ~[spring-cloud-vault-config-5.0.2.jar:5.0.2]
	at org.springframework.cloud.vault.config.VaultConfigDataLoader.loadConfigData(VaultConfigDataLoader.java:166) ~[spring-cloud-vault-config-5.0.2.jar:5.0.2]
	at org.springframework.cloud.vault.config.VaultConfigDataLoader.load(VaultConfigDataLoader.java:143) ~[spring-cloud-vault-config-5.0.2.jar:5.0.2]
	at org.springframework.cloud.vault.config.VaultConfigDataLoader.load(VaultConfigDataLoader.java:96) ~[spring-cloud-vault-config-5.0.2.jar:5.0.2]
	at org.springframework.boot.context.config.ConfigDataLoaders.load(ConfigDataLoaders.java:100) ~[spring-boot-4.1.1.jar:4.1.1]
	at org.springframework.boot.context.config.ConfigDataImporter.load(ConfigDataImporter.java:133) ~[spring-boot-4.1.1.jar:4.1.1]
	at org.springframework.boot.context.config.ConfigDataImporter.resolveAndLoad(ConfigDataImporter.java:88) ~[spring-boot-4.1.1.jar:4.1.1]
	at org.springframework.boot.context.config.ConfigDataEnvironmentContributors.withProcessedImports(ConfigDataEnvironmentContributors.java:130) ~[spring-boot-4.1.1.jar:4.1.1]
	at org.springframework.boot.context.config.ConfigDataEnvironment.processWithProfiles(ConfigDataEnvironment.java:326) ~[spring-boot-4.1.1.jar:4.1.1]
	at org.springframework.boot.context.config.ConfigDataEnvironment.processAndApply(ConfigDataEnvironment.java:245) ~[spring-boot-4.1.1.jar:4.1.1]
	at org.springframework.boot.context.config.ConfigDataEnvironmentPostProcessor.postProcessEnvironment(ConfigDataEnvironmentPostProcessor.java:97) ~[spring-boot-4.1.1.jar:4.1.1]
	at org.springframework.boot.context.config.ConfigDataEnvironmentPostProcessor.postProcessEnvironment(ConfigDataEnvironmentPostProcessor.java:90) ~[spring-boot-4.1.1.jar:4.1.1]
	at org.springframework.boot.support.EnvironmentPostProcessorApplicationListener.onApplicationEnvironmentPreparedEvent(EnvironmentPostProcessorApplicationListener.java:137) ~[spring-boot-4.1.1.jar:4.1.1]
	at org.springframework.boot.support.EnvironmentPostProcessorApplicationListener.onApplicationEvent(EnvironmentPostProcessorApplicationListener.java:120) ~[spring-boot-4.1.1.jar:4.1.1]
	at org.springframework.context.event.SimpleApplicationEventMulticaster.doInvokeListener(SimpleApplicationEventMulticaster.java:180) ~[spring-context-7.0.9.jar:7.0.9]
	at org.springframework.context.event.SimpleApplicationEventMulticaster.invokeListener(SimpleApplicationEventMulticaster.java:173) ~[spring-context-7.0.9.jar:7.0.9]
	at org.springframework.context.event.SimpleApplicationEventMulticaster.multicastEvent(SimpleApplicationEventMulticaster.java:151) ~[spring-context-7.0.9.jar:7.0.9]
	at org.springframework.context.event.SimpleApplicationEventMulticaster.multicastEvent(SimpleApplicationEventMulticaster.java:133) ~[spring-context-7.0.9.jar:7.0.9]
	at org.springframework.boot.context.event.EventPublishingRunListener.multicastInitialEvent(EventPublishingRunListener.java:137) ~[spring-boot-4.1.1.jar:4.1.1]
	at org.springframework.boot.context.event.EventPublishingRunListener.environmentPrepared(EventPublishingRunListener.java:82) ~[spring-boot-4.1.1.jar:4.1.1]
	at org.springframework.boot.SpringApplicationRunListeners.lambda$environmentPrepared$0(SpringApplicationRunListeners.java:66) ~[spring-boot-4.1.1.jar:4.1.1]
	at java.base/java.lang.Iterable.forEach(Iterable.java:75) ~[na:na]
	at org.springframework.boot.SpringApplicationRunListeners.doWithListeners(SpringApplicationRunListeners.java:123) ~[spring-boot-4.1.1.jar:4.1.1]
	at org.springframework.boot.SpringApplicationRunListeners.doWithListeners(SpringApplicationRunListeners.java:117) ~[spring-boot-4.1.1.jar:4.1.1]
	at org.springframework.boot.SpringApplicationRunListeners.environmentPrepared(SpringApplicationRunListeners.java:65) ~[spring-boot-4.1.1.jar:4.1.1]
	at org.springframework.boot.SpringApplication.prepareEnvironment(SpringApplication.java:356) ~[spring-boot-4.1.1.jar:4.1.1]
	at org.springframework.boot.SpringApplication.run(SpringApplication.java:316) ~[spring-boot-4.1.1.jar:4.1.1]
	at org.springframework.boot.SpringApplication.run(SpringApplication.java:1365) ~[spring-boot-4.1.1.jar:4.1.1]
	at org.springframework.boot.SpringApplication.run(SpringApplication.java:1354) ~[spring-boot-4.1.1.jar:4.1.1]
	at com.trading.analysis_service.AnalysisServiceApplication.main(AnalysisServiceApplication.java:10) ~[classes/:na]
Caused by: org.springframework.web.client.ResourceAccessException: I/O error on GET request for "http://127.0.0.1:8200/v1/sys/internal/ui/mounts/secret/application": Connect to http://127.0.0.1:8200 failed: Connection refused: getsockopt
	at org.springframework.web.client.DefaultRestClient$DefaultRequestBodyUriSpec.createResourceAccessException(DefaultRestClient.java:779) ~[spring-web-7.0.9.jar:7.0.9]
	at org.springframework.web.client.DefaultRestClient$DefaultRequestBodyUriSpec.exchangeInternal(DefaultRestClient.java:624) ~[spring-web-7.0.9.jar:7.0.9]
	at org.springframework.web.client.DefaultRestClient$DefaultRequestBodyUriSpec.exchange(DefaultRestClient.java:572) ~[spring-web-7.0.9.jar:7.0.9]
	at org.springframework.web.client.RestClient$RequestHeadersSpec.exchange(RestClient.java:747) ~[spring-web-7.0.9.jar:7.0.9]
	at org.springframework.web.client.DefaultRestClient$DefaultResponseSpec.executeAndExtract(DefaultRestClient.java:924) ~[spring-web-7.0.9.jar:7.0.9]
	at org.springframework.web.client.DefaultRestClient$DefaultResponseSpec.toEntityInternal(DefaultRestClient.java:870) ~[spring-web-7.0.9.jar:7.0.9]
	at org.springframework.web.client.DefaultRestClient$DefaultResponseSpec.toEntity(DefaultRestClient.java:859) ~[spring-web-7.0.9.jar:7.0.9]
	at org.springframework.vault.core.VaultTemplate.lambda$doRead$0(VaultTemplate.java:577) ~[spring-vault-core-4.0.3.jar:4.0.3]
	at org.springframework.vault.core.VaultTemplate.doWithSessionClient(VaultTemplate.java:567) ~[spring-vault-core-4.0.3.jar:4.0.3]
	at org.springframework.vault.core.VaultTemplate.doRead(VaultTemplate.java:575) ~[spring-vault-core-4.0.3.jar:4.0.3]
	at org.springframework.vault.core.VaultTemplate.read(VaultTemplate.java:471) ~[spring-vault-core-4.0.3.jar:4.0.3]
	at org.springframework.vault.core.util.KeyValueDelegate.doGetMountInfo(KeyValueDelegate.java:112) ~[spring-vault-core-4.0.3.jar:4.0.3]
	at org.springframework.vault.core.util.KeyValueDelegate.getMountInfo(KeyValueDelegate.java:124) ~[spring-vault-core-4.0.3.jar:4.0.3]
	... 40 common frames omitted
Caused by: org.apache.hc.client5.http.HttpHostConnectException: Connect to http://127.0.0.1:8200 failed: Connection refused: getsockopt
	at java.base/sun.nio.ch.Net.pollConnect(Native Method) ~[na:na]
	at java.base/sun.nio.ch.Net.pollConnectNow(Net.java:672) ~[na:na]
	at java.base/sun.nio.ch.NioSocketImpl.timedFinishConnect(NioSocketImpl.java:547) ~[na:na]
	at java.base/sun.nio.ch.NioSocketImpl.connect(NioSocketImpl.java:602) ~[na:na]
	at java.base/java.net.SocksSocketImpl.connect(SocksSocketImpl.java:327) ~[na:na]
	at java.base/java.net.Socket.connect(Socket.java:633) ~[na:na]
	at org.apache.hc.client5.http.impl.io.DefaultHttpClientConnectionOperator.connect(DefaultHttpClientConnectionOperator.java:219) ~[httpclient5-5.6.4.jar:5.6.4]
	at org.apache.hc.client5.http.impl.io.PoolingHttpClientConnectionManager.connect(PoolingHttpClientConnectionManager.java:547) ~[httpclient5-5.6.4.jar:5.6.4]
	at org.apache.hc.client5.http.impl.classic.InternalExecRuntime.connectEndpoint(InternalExecRuntime.java:164) ~[httpclient5-5.6.4.jar:5.6.4]
	at org.apache.hc.client5.http.impl.classic.InternalExecRuntime.connectEndpoint(InternalExecRuntime.java:174) ~[httpclient5-5.6.4.jar:5.6.4]
	at org.apache.hc.client5.http.impl.classic.ConnectExec.execute(ConnectExec.java:144) ~[httpclient5-5.6.4.jar:5.6.4]
	at org.apache.hc.client5.http.impl.classic.ExecChainElement.execute(ExecChainElement.java:51) ~[httpclient5-5.6.4.jar:5.6.4]
	at org.apache.hc.client5.http.impl.classic.ProtocolExec.execute(ProtocolExec.java:192) ~[httpclient5-5.6.4.jar:5.6.4]
	at org.apache.hc.client5.http.impl.classic.ExecChainElement.execute(ExecChainElement.java:51) ~[httpclient5-5.6.4.jar:5.6.4]
	at org.apache.hc.client5.http.impl.classic.ContentCompressionExec.execute(ContentCompressionExec.java:138) ~[httpclient5-5.6.4.jar:5.6.4]
	at org.apache.hc.client5.http.impl.classic.ExecChainElement.execute(ExecChainElement.java:51) ~[httpclient5-5.6.4.jar:5.6.4]
	at org.apache.hc.client5.http.impl.classic.HttpRequestRetryExec.execute(HttpRequestRetryExec.java:112) ~[httpclient5-5.6.4.jar:5.6.4]
	at org.apache.hc.client5.http.impl.classic.ExecChainElement.execute(ExecChainElement.java:51) ~[httpclient5-5.6.4.jar:5.6.4]
	at org.apache.hc.client5.http.impl.classic.RedirectExec.execute(RedirectExec.java:110) ~[httpclient5-5.6.4.jar:5.6.4]
	at org.apache.hc.client5.http.impl.classic.ExecChainElement.execute(ExecChainElement.java:51) ~[httpclient5-5.6.4.jar:5.6.4]
	at org.apache.hc.client5.http.impl.classic.InternalHttpClient.doExecute(InternalHttpClient.java:186) ~[httpclient5-5.6.4.jar:5.6.4]
	at org.apache.hc.client5.http.impl.classic.CloseableHttpClient.execute(CloseableHttpClient.java:87) ~[httpclient5-5.6.4.jar:5.6.4]
	at org.apache.hc.client5.http.impl.classic.CloseableHttpClient.execute(CloseableHttpClient.java:55) ~[httpclient5-5.6.4.jar:5.6.4]
	at org.apache.hc.client5.http.classic.HttpClient.executeOpen(HttpClient.java:183) ~[httpclient5-5.6.4.jar:5.6.4]
	at org.springframework.http.client.HttpComponentsClientHttpRequest.executeInternal(HttpComponentsClientHttpRequest.java:99) ~[spring-web-7.0.9.jar:7.0.9]
	at org.springframework.http.client.AbstractStreamingClientHttpRequest.executeInternal(AbstractStreamingClientHttpRequest.java:87) ~[spring-web-7.0.9.jar:7.0.9]
	at org.springframework.http.client.AbstractClientHttpRequest.execute(AbstractClientHttpRequest.java:80) ~[spring-web-7.0.9.jar:7.0.9]
	at org.springframework.http.client.AbstractBufferingClientHttpRequest.executeWithRequestAndBody(AbstractBufferingClientHttpRequest.java:89) ~[spring-web-7.0.9.jar:7.0.9]
	at org.springframework.http.client.InterceptingClientHttpRequest$EndOfChainRequestExecution.execute(InterceptingClientHttpRequest.java:102) ~[spring-web-7.0.9.jar:7.0.9]
	at org.springframework.vault.core.VaultTemplate.lambda$getSessionInterceptor$0(VaultTemplate.java:381) ~[spring-vault-core-4.0.3.jar:4.0.3]
	at org.springframework.http.client.ClientHttpRequestInterceptor.lambda$andThen$1(ClientHttpRequestInterceptor.java:75) ~[spring-web-7.0.9.jar:7.0.9]
	at org.springframework.vault.client.RestTemplateBuilder.lambda$createTemplate$0(RestTemplateBuilder.java:241) ~[spring-vault-core-4.0.3.jar:4.0.3]
	at org.springframework.http.client.ClientHttpRequestInterceptor.lambda$andThen$1(ClientHttpRequestInterceptor.java:75) ~[spring-web-7.0.9.jar:7.0.9]
	at org.springframework.vault.client.VaultClients.lambda$createRestTemplate$0(VaultClients.java:145) ~[spring-vault-core-4.0.3.jar:4.0.3]
	at org.springframework.http.client.ClientHttpRequestInterceptor.lambda$andThen$0(ClientHttpRequestInterceptor.java:76) ~[spring-web-7.0.9.jar:7.0.9]
	at org.springframework.http.client.ClientHttpRequestInterceptor.lambda$andThen$0(ClientHttpRequestInterceptor.java:76) ~[spring-web-7.0.9.jar:7.0.9]
	at org.springframework.http.client.ClientHttpRequestInterceptor.lambda$apply$0(ClientHttpRequestInterceptor.java:89) ~[spring-web-7.0.9.jar:7.0.9]
	at org.springframework.http.client.InterceptingClientHttpRequest.executeInternal(InterceptingClientHttpRequest.java:73) ~[spring-web-7.0.9.jar:7.0.9]
	at org.springframework.http.client.AbstractBufferingClientHttpRequest.executeInternal(AbstractBufferingClientHttpRequest.java:50) ~[spring-web-7.0.9.jar:7.0.9]
	at org.springframework.http.client.AbstractClientHttpRequest.execute(AbstractClientHttpRequest.java:80) ~[spring-web-7.0.9.jar:7.0.9]
	at org.springframework.web.client.DefaultRestClient$DefaultRequestBodyUriSpec.exchangeInternal(DefaultRestClient.java:614) ~[spring-web-7.0.9.jar:7.0.9]
	... 51 common frames omitted

2026-08-23T16:06:30.604-04:00  INFO 23816 --- [analysis-service] [main] o.s.v.c.e.LeaseAwareVaultPropertySource  : Vault location [secret/application] not resolvable: Cannot determine MountInfo for path 'secret/application' using 'sys/internal/ui/mounts'
2026-08-23T16:06:30.964-04:00  INFO 23816 --- [analysis-service] [main] o.s.cloud.context.scope.GenericScope     : BeanFactory id=960d5fa7-2a40-3bdb-b0b3-03ebfb9f6d95
2026-08-23T16:06:31.131-04:00  INFO 23816 --- [analysis-service] [main] o.s.boot.tomcat.TomcatWebServer          : Tomcat initialized with port 8082 (http)
2026-08-23T16:06:31.139-04:00  INFO 23816 --- [analysis-service] [main] o.apache.catalina.core.StandardService   : Starting service [Tomcat]
2026-08-23T16:06:31.140-04:00  INFO 23816 --- [analysis-service] [main] o.apache.catalina.core.StandardEngine    : Starting Servlet engine: [Apache Tomcat/11.0.24]
2026-08-23T16:06:31.177-04:00  INFO 23816 --- [analysis-service] [main] b.w.c.s.WebApplicationContextInitializer : Root WebApplicationContext: initialization completed in 571 ms
2026-08-23T16:06:31.214-04:00  WARN 23816 --- [analysis-service] [main] o.s.core.annotation.MergedAnnotation     : Failed to introspect meta-annotation @AutoConfiguration on class org.springframework.ai.autoconfigure.ollama.OllamaAutoConfiguration: java.lang.TypeNotPresentException: Type org.springframework.boot.autoconfigure.web.client.RestClientAutoConfiguration not present
2026-08-23T16:06:31.669-04:00  INFO 23816 --- [analysis-service] [main] o.s.boot.tomcat.TomcatWebServer          : Tomcat started on port 8082 (http) with context path '/'
2026-08-23T16:06:31.906-04:00  INFO 23816 --- [analysis-service] [main] c.t.a.AnalysisServiceApplication         : Started AnalysisServiceApplication in 2.363 seconds (process running for 2.691)
2026-08-23T16:07:03.701-04:00  INFO 23816 --- [analysis-service] [http-nio-8082-exec-1] o.a.c.c.C.[Tomcat].[localhost].[/]       : Initializing Spring DispatcherServlet 'dispatcherServlet'
2026-08-23T16:07:03.701-04:00  INFO 23816 --- [analysis-service] [http-nio-8082-exec-1] o.s.web.servlet.DispatcherServlet        : Initializing Servlet 'dispatcherServlet'
2026-08-23T16:07:03.702-04:00  INFO 23816 --- [analysis-service] [http-nio-8082-exec-1] o.s.web.servlet.DispatcherServlet        : Completed initialization in 1 ms
2026-08-23T16:07:03.792-04:00 ERROR 23816 --- [analysis-service] [http-nio-8082-exec-1] o.a.c.c.C.[.[.[/].[dispatcherServlet]    : Servlet.service() for servlet [dispatcherServlet] in context with path [] threw exception [Request processing failed: java.lang.IllegalArgumentException: The template string is not valid.] with root cause

org.stringtemplate.v4.compiler.STException
	at org.stringtemplate.v4.compiler.Compiler.reportMessageAndThrowSTException(Compiler.java:213) ~[stringtemplate-4.0.2.jar:na]
	at org.stringtemplate.v4.compiler.Compiler.compile(Compiler.java:143) ~[stringtemplate-4.0.2.jar:na]
	at org.stringtemplate.v4.STGroup.compile(STGroup.java:427) ~[stringtemplate-4.0.2.jar:na]
	at org.stringtemplate.v4.ST.<init>(ST.java:142) ~[stringtemplate-4.0.2.jar:na]
	at org.stringtemplate.v4.ST.<init>(ST.java:136) ~[stringtemplate-4.0.2.jar:na]
	at org.springframework.ai.chat.prompt.PromptTemplate.<init>(PromptTemplate.java:79) ~[spring-ai-core-1.0.0-M1.jar:1.0.0-M1]
	at org.springframework.ai.chat.client.ChatClient$ChatClientRequest$CallResponseSpec.doGetChatResponse(ChatClient.java:592) ~[spring-ai-core-1.0.0-M1.jar:1.0.0-M1]
	at org.springframework.ai.chat.client.ChatClient$ChatClientRequest$CallResponseSpec.doGetChatResponse(ChatClient.java:569) ~[spring-ai-core-1.0.0-M1.jar:1.0.0-M1]
	at org.springframework.ai.chat.client.ChatClient$ChatClientRequest$CallResponseSpec.content(ChatClient.java:635) ~[spring-ai-core-1.0.0-M1.jar:1.0.0-M1]
	at com.trading.analysis_service.controller.StrategyController.generateStrategy(StrategyController.java:64) ~[classes/:na]
	at java.base/jdk.internal.reflect.NativeMethodAccessorImpl.invoke0(Native Method) ~[na:na]
	at java.base/jdk.internal.reflect.NativeMethodAccessorImpl.invoke(NativeMethodAccessorImpl.java:77) ~[na:na]
	at java.base/jdk.internal.reflect.DelegatingMethodAccessorImpl.invoke(DelegatingMethodAccessorImpl.java:43) ~[na:na]
	at java.base/java.lang.reflect.Method.invoke(Method.java:569) ~[na:na]
	at org.springframework.web.method.support.InvocableHandlerMethod.doInvoke(InvocableHandlerMethod.java:252) ~[spring-web-7.0.9.jar:7.0.9]
	at org.springframework.web.method.support.InvocableHandlerMethod.invokeForRequest(InvocableHandlerMethod.java:184) ~[spring-web-7.0.9.jar:7.0.9]
	at org.springframework.web.servlet.mvc.method.annotation.ServletInvocableHandlerMethod.invokeAndHandle(ServletInvocableHandlerMethod.java:117) ~[spring-webmvc-7.0.9.jar:7.0.9]
	at org.springframework.web.servlet.mvc.method.annotation.RequestMappingHandlerAdapter.invokeHandlerMethod(RequestMappingHandlerAdapter.java:934) ~[spring-webmvc-7.0.9.jar:7.0.9]
	at org.springframework.web.servlet.mvc.method.annotation.RequestMappingHandlerAdapter.handleInternal(RequestMappingHandlerAdapter.java:853) ~[spring-webmvc-7.0.9.jar:7.0.9]
	at org.springframework.web.servlet.mvc.method.AbstractHandlerMethodAdapter.handle(AbstractHandlerMethodAdapter.java:86) ~[spring-webmvc-7.0.9.jar:7.0.9]
	at org.springframework.web.servlet.DispatcherServlet.doDispatch(DispatcherServlet.java:963) ~[spring-webmvc-7.0.9.jar:7.0.9]
	at org.springframework.web.servlet.DispatcherServlet.doService(DispatcherServlet.java:866) ~[spring-webmvc-7.0.9.jar:7.0.9]
	at org.springframework.web.servlet.FrameworkServlet.processRequest(FrameworkServlet.java:1000) ~[spring-webmvc-7.0.9.jar:7.0.9]
	at org.springframework.web.servlet.FrameworkServlet.doPost(FrameworkServlet.java:903) ~[spring-webmvc-7.0.9.jar:7.0.9]
	at jakarta.servlet.http.HttpServlet.service(HttpServlet.java:649) ~[tomcat-embed-core-11.0.24.jar:6.1]
	at org.springframework.web.servlet.FrameworkServlet.service(FrameworkServlet.java:874) ~[spring-webmvc-7.0.9.jar:7.0.9]
	at jakarta.servlet.http.HttpServlet.service(HttpServlet.java:710) ~[tomcat-embed-core-11.0.24.jar:6.1]
	at org.apache.catalina.core.ApplicationFilterChain.doFilter(ApplicationFilterChain.java:132) ~[tomcat-embed-core-11.0.24.jar:11.0.24]
	at org.apache.tomcat.websocket.server.WsFilter.doFilter(WsFilter.java:59) ~[tomcat-embed-websocket-11.0.24.jar:11.0.24]
	at org.apache.catalina.core.ApplicationFilterChain.doFilter(ApplicationFilterChain.java:111) ~[tomcat-embed-core-11.0.24.jar:11.0.24]
	at org.springframework.web.filter.RequestContextFilter.doFilterInternal(RequestContextFilter.java:100) ~[spring-web-7.0.9.jar:7.0.9]
	at org.springframework.web.filter.OncePerRequestFilter.doFilter(OncePerRequestFilter.java:116) ~[spring-web-7.0.9.jar:7.0.9]
	at org.apache.catalina.core.ApplicationFilterChain.doFilter(ApplicationFilterChain.java:111) ~[tomcat-embed-core-11.0.24.jar:11.0.24]
	at org.springframework.web.filter.FormContentFilter.doFilterInternal(FormContentFilter.java:93) ~[spring-web-7.0.9.jar:7.0.9]
	at org.springframework.web.filter.OncePerRequestFilter.doFilter(OncePerRequestFilter.java:116) ~[spring-web-7.0.9.jar:7.0.9]
	at org.apache.catalina.core.ApplicationFilterChain.doFilter(ApplicationFilterChain.java:111) ~[tomcat-embed-core-11.0.24.jar:11.0.24]
	at org.springframework.web.filter.CharacterEncodingFilter.doFilterInternal(CharacterEncodingFilter.java:199) ~[spring-web-7.0.9.jar:7.0.9]
	at org.springframework.web.filter.OncePerRequestFilter.doFilter(OncePerRequestFilter.java:116) ~[spring-web-7.0.9.jar:7.0.9]
	at org.apache.catalina.core.ApplicationFilterChain.doFilter(ApplicationFilterChain.java:111) ~[tomcat-embed-core-11.0.24.jar:11.0.24]
	at org.apache.catalina.core.StandardWrapperValve.invoke(StandardWrapperValve.java:165) ~[tomcat-embed-core-11.0.24.jar:11.0.24]
	at org.apache.catalina.core.StandardContextValve.invoke(StandardContextValve.java:77) ~[tomcat-embed-core-11.0.24.jar:11.0.24]
	at org.apache.catalina.authenticator.AuthenticatorBase.invoke(AuthenticatorBase.java:535) ~[tomcat-embed-core-11.0.24.jar:11.0.24]
	at org.apache.catalina.core.StandardHostValve.invoke(StandardHostValve.java:115) ~[tomcat-embed-core-11.0.24.jar:11.0.24]
	at org.apache.catalina.valves.ErrorReportValve.invoke(ErrorReportValve.java:86) ~[tomcat-embed-core-11.0.24.jar:11.0.24]
	at org.apache.catalina.core.StandardEngineValve.invoke(StandardEngineValve.java:71) ~[tomcat-embed-core-11.0.24.jar:11.0.24]
	at org.apache.catalina.connector.CoyoteAdapter.service(CoyoteAdapter.java:347) ~[tomcat-embed-core-11.0.24.jar:11.0.24]
	at org.apache.coyote.http11.Http11Processor.service(Http11Processor.java:406) ~[tomcat-embed-core-11.0.24.jar:11.0.24]
	at org.apache.coyote.AbstractProcessorLight.process(AbstractProcessorLight.java:71) ~[tomcat-embed-core-11.0.24.jar:11.0.24]
	at org.apache.coyote.AbstractProtocol$ConnectionHandler.process(AbstractProtocol.java:1307) ~[tomcat-embed-core-11.0.24.jar:11.0.24]
	at org.apache.tomcat.util.net.NioEndpoint$SocketProcessor.doRun(NioEndpoint.java:2036) ~[tomcat-embed-core-11.0.24.jar:11.0.24]
	at org.apache.tomcat.util.net.SocketProcessorBase.run(SocketProcessorBase.java:74) ~[tomcat-embed-core-11.0.24.jar:11.0.24]
	at org.apache.tomcat.util.threads.ThreadPoolExecutor.runWorker(ThreadPoolExecutor.java:949) ~[tomcat-embed-core-11.0.24.jar:11.0.24]
	at org.apache.tomcat.util.threads.ThreadPoolExecutor$Worker.run(ThreadPoolExecutor.java:483) ~[tomcat-embed-core-11.0.24.jar:11.0.24]
	at org.apache.tomcat.util.threads.TaskThread$WrappingRunnable.run(TaskThread.java:74) ~[tomcat-embed-core-11.0.24.jar:11.0.24]
	at java.base/java.lang.Thread.run(Thread.java:840) ~[na:na]

2026-08-23T16:07:43.933-04:00  INFO 11732 --- [analysis-service] [main] c.t.a.AnalysisServiceApplication         : Starting AnalysisServiceApplication using Java 17.0.12 with PID 11732 (C:\Development\TradingApp\analysis-service\target\classes started by mrcsh in C:\Development\TradingApp\analysis-service)
2026-08-23T16:07:43.936-04:00  INFO 11732 --- [analysis-service] [main] c.t.a.AnalysisServiceApplication         : No active profile set, falling back to 1 default profile: "default"
2026-08-23T16:07:43.960-04:00  WARN 11732 --- [analysis-service] [main] LeaseEventPublisher$LoggingErrorListener : [RequestedSecret [path='secret/analysis-service', mode=ROTATE]] Lease [leaseId='null', leaseDuration=PT0S, renewable=false] Cannot determine MountInfo for path 'secret/analysis-service' using 'sys/internal/ui/mounts'

org.springframework.vault.VaultException: Cannot determine MountInfo for path 'secret/analysis-service' using 'sys/internal/ui/mounts'
	at org.springframework.vault.core.util.KeyValueDelegate.getMountInfo(KeyValueDelegate.java:136) ~[spring-vault-core-4.0.3.jar:4.0.3]
	at org.springframework.vault.core.util.KeyValueDelegate.isVersioned(KeyValueDelegate.java:74) ~[spring-vault-core-4.0.3.jar:4.0.3]
	at org.springframework.vault.core.lease.SecretLeaseContainer.doGetSecrets(SecretLeaseContainer.java:664) ~[spring-vault-core-4.0.3.jar:4.0.3]
	at org.springframework.vault.core.lease.SecretLeaseContainer.doStart(SecretLeaseContainer.java:404) ~[spring-vault-core-4.0.3.jar:4.0.3]
	at org.springframework.vault.core.lease.SecretLeaseContainer.start(SecretLeaseContainer.java:394) ~[spring-vault-core-4.0.3.jar:4.0.3]
	at org.springframework.vault.core.lease.SecretLeaseContainer.addRequestedSecret(SecretLeaseContainer.java:362) ~[spring-vault-core-4.0.3.jar:4.0.3]
	at org.springframework.vault.core.env.LeaseAwareVaultPropertySource.loadProperties(LeaseAwareVaultPropertySource.java:179) ~[spring-vault-core-4.0.3.jar:4.0.3]
	at org.springframework.vault.core.env.LeaseAwareVaultPropertySource.<init>(LeaseAwareVaultPropertySource.java:164) ~[spring-vault-core-4.0.3.jar:4.0.3]
	at org.springframework.vault.core.env.LeaseAwareVaultPropertySource.<init>(LeaseAwareVaultPropertySource.java:120) ~[spring-vault-core-4.0.3.jar:4.0.3]
	at org.springframework.cloud.vault.config.VaultConfigDataLoader.createLeasingPropertySource(VaultConfigDataLoader.java:293) ~[spring-cloud-vault-config-5.0.2.jar:5.0.2]
	at org.springframework.cloud.vault.config.VaultConfigDataLoader.lambda$loadConfigData$1(VaultConfigDataLoader.java:166) ~[spring-cloud-vault-config-5.0.2.jar:5.0.2]
	at org.springframework.cloud.vault.config.VaultConfigDataLoader.createConfigData(VaultConfigDataLoader.java:235) ~[spring-cloud-vault-config-5.0.2.jar:5.0.2]
	at org.springframework.cloud.vault.config.VaultConfigDataLoader.loadConfigData(VaultConfigDataLoader.java:166) ~[spring-cloud-vault-config-5.0.2.jar:5.0.2]
	at org.springframework.cloud.vault.config.VaultConfigDataLoader.load(VaultConfigDataLoader.java:143) ~[spring-cloud-vault-config-5.0.2.jar:5.0.2]
	at org.springframework.cloud.vault.config.VaultConfigDataLoader.load(VaultConfigDataLoader.java:96) ~[spring-cloud-vault-config-5.0.2.jar:5.0.2]
	at org.springframework.boot.context.config.ConfigDataLoaders.load(ConfigDataLoaders.java:100) ~[spring-boot-4.1.1.jar:4.1.1]
	at org.springframework.boot.context.config.ConfigDataImporter.load(ConfigDataImporter.java:133) ~[spring-boot-4.1.1.jar:4.1.1]
	at org.springframework.boot.context.config.ConfigDataImporter.resolveAndLoad(ConfigDataImporter.java:88) ~[spring-boot-4.1.1.jar:4.1.1]
	at org.springframework.boot.context.config.ConfigDataEnvironmentContributors.withProcessedImports(ConfigDataEnvironmentContributors.java:130) ~[spring-boot-4.1.1.jar:4.1.1]
	at org.springframework.boot.context.config.ConfigDataEnvironment.processWithProfiles(ConfigDataEnvironment.java:326) ~[spring-boot-4.1.1.jar:4.1.1]
	at org.springframework.boot.context.config.ConfigDataEnvironment.processAndApply(ConfigDataEnvironment.java:245) ~[spring-boot-4.1.1.jar:4.1.1]
	at org.springframework.boot.context.config.ConfigDataEnvironmentPostProcessor.postProcessEnvironment(ConfigDataEnvironmentPostProcessor.java:97) ~[spring-boot-4.1.1.jar:4.1.1]
	at org.springframework.boot.context.config.ConfigDataEnvironmentPostProcessor.postProcessEnvironment(ConfigDataEnvironmentPostProcessor.java:90) ~[spring-boot-4.1.1.jar:4.1.1]
	at org.springframework.boot.support.EnvironmentPostProcessorApplicationListener.onApplicationEnvironmentPreparedEvent(EnvironmentPostProcessorApplicationListener.java:137) ~[spring-boot-4.1.1.jar:4.1.1]
	at org.springframework.boot.support.EnvironmentPostProcessorApplicationListener.onApplicationEvent(EnvironmentPostProcessorApplicationListener.java:120) ~[spring-boot-4.1.1.jar:4.1.1]
	at org.springframework.context.event.SimpleApplicationEventMulticaster.doInvokeListener(SimpleApplicationEventMulticaster.java:180) ~[spring-context-7.0.9.jar:7.0.9]
	at org.springframework.context.event.SimpleApplicationEventMulticaster.invokeListener(SimpleApplicationEventMulticaster.java:173) ~[spring-context-7.0.9.jar:7.0.9]
	at org.springframework.context.event.SimpleApplicationEventMulticaster.multicastEvent(SimpleApplicationEventMulticaster.java:151) ~[spring-context-7.0.9.jar:7.0.9]
	at org.springframework.context.event.SimpleApplicationEventMulticaster.multicastEvent(SimpleApplicationEventMulticaster.java:133) ~[spring-context-7.0.9.jar:7.0.9]
	at org.springframework.boot.context.event.EventPublishingRunListener.multicastInitialEvent(EventPublishingRunListener.java:137) ~[spring-boot-4.1.1.jar:4.1.1]
	at org.springframework.boot.context.event.EventPublishingRunListener.environmentPrepared(EventPublishingRunListener.java:82) ~[spring-boot-4.1.1.jar:4.1.1]
	at org.springframework.boot.SpringApplicationRunListeners.lambda$environmentPrepared$0(SpringApplicationRunListeners.java:66) ~[spring-boot-4.1.1.jar:4.1.1]
	at java.base/java.lang.Iterable.forEach(Iterable.java:75) ~[na:na]
	at org.springframework.boot.SpringApplicationRunListeners.doWithListeners(SpringApplicationRunListeners.java:123) ~[spring-boot-4.1.1.jar:4.1.1]
	at org.springframework.boot.SpringApplicationRunListeners.doWithListeners(SpringApplicationRunListeners.java:117) ~[spring-boot-4.1.1.jar:4.1.1]
	at org.springframework.boot.SpringApplicationRunListeners.environmentPrepared(SpringApplicationRunListeners.java:65) ~[spring-boot-4.1.1.jar:4.1.1]
	at org.springframework.boot.SpringApplication.prepareEnvironment(SpringApplication.java:356) ~[spring-boot-4.1.1.jar:4.1.1]
	at org.springframework.boot.SpringApplication.run(SpringApplication.java:316) ~[spring-boot-4.1.1.jar:4.1.1]
	at org.springframework.boot.SpringApplication.run(SpringApplication.java:1365) ~[spring-boot-4.1.1.jar:4.1.1]
	at org.springframework.boot.SpringApplication.run(SpringApplication.java:1354) ~[spring-boot-4.1.1.jar:4.1.1]
	at com.trading.analysis_service.AnalysisServiceApplication.main(AnalysisServiceApplication.java:10) ~[classes/:na]
Caused by: org.springframework.web.client.ResourceAccessException: I/O error on GET request for "http://127.0.0.1:8200/v1/sys/internal/ui/mounts/secret/analysis-service": Connect to http://127.0.0.1:8200 failed: Connection refused: getsockopt
	at org.springframework.web.client.DefaultRestClient$DefaultRequestBodyUriSpec.createResourceAccessException(DefaultRestClient.java:779) ~[spring-web-7.0.9.jar:7.0.9]
	at org.springframework.web.client.DefaultRestClient$DefaultRequestBodyUriSpec.exchangeInternal(DefaultRestClient.java:624) ~[spring-web-7.0.9.jar:7.0.9]
	at org.springframework.web.client.DefaultRestClient$DefaultRequestBodyUriSpec.exchange(DefaultRestClient.java:572) ~[spring-web-7.0.9.jar:7.0.9]
	at org.springframework.web.client.RestClient$RequestHeadersSpec.exchange(RestClient.java:747) ~[spring-web-7.0.9.jar:7.0.9]
	at org.springframework.web.client.DefaultRestClient$DefaultResponseSpec.executeAndExtract(DefaultRestClient.java:924) ~[spring-web-7.0.9.jar:7.0.9]
	at org.springframework.web.client.DefaultRestClient$DefaultResponseSpec.toEntityInternal(DefaultRestClient.java:870) ~[spring-web-7.0.9.jar:7.0.9]
	at org.springframework.web.client.DefaultRestClient$DefaultResponseSpec.toEntity(DefaultRestClient.java:859) ~[spring-web-7.0.9.jar:7.0.9]
	at org.springframework.vault.core.VaultTemplate.lambda$doRead$0(VaultTemplate.java:577) ~[spring-vault-core-4.0.3.jar:4.0.3]
	at org.springframework.vault.core.VaultTemplate.doWithSessionClient(VaultTemplate.java:567) ~[spring-vault-core-4.0.3.jar:4.0.3]
	at org.springframework.vault.core.VaultTemplate.doRead(VaultTemplate.java:575) ~[spring-vault-core-4.0.3.jar:4.0.3]
	at org.springframework.vault.core.VaultTemplate.read(VaultTemplate.java:471) ~[spring-vault-core-4.0.3.jar:4.0.3]
	at org.springframework.vault.core.util.KeyValueDelegate.doGetMountInfo(KeyValueDelegate.java:112) ~[spring-vault-core-4.0.3.jar:4.0.3]
	at org.springframework.vault.core.util.KeyValueDelegate.getMountInfo(KeyValueDelegate.java:124) ~[spring-vault-core-4.0.3.jar:4.0.3]
	... 40 common frames omitted
Caused by: org.apache.hc.client5.http.HttpHostConnectException: Connect to http://127.0.0.1:8200 failed: Connection refused: getsockopt
	at java.base/sun.nio.ch.Net.pollConnect(Native Method) ~[na:na]
	at java.base/sun.nio.ch.Net.pollConnectNow(Net.java:672) ~[na:na]
	at java.base/sun.nio.ch.NioSocketImpl.timedFinishConnect(NioSocketImpl.java:547) ~[na:na]
	at java.base/sun.nio.ch.NioSocketImpl.connect(NioSocketImpl.java:602) ~[na:na]
	at java.base/java.net.SocksSocketImpl.connect(SocksSocketImpl.java:327) ~[na:na]
	at java.base/java.net.Socket.connect(Socket.java:633) ~[na:na]
	at org.apache.hc.client5.http.impl.io.DefaultHttpClientConnectionOperator.connect(DefaultHttpClientConnectionOperator.java:219) ~[httpclient5-5.6.4.jar:5.6.4]
	at org.apache.hc.client5.http.impl.io.PoolingHttpClientConnectionManager.connect(PoolingHttpClientConnectionManager.java:547) ~[httpclient5-5.6.4.jar:5.6.4]
	at org.apache.hc.client5.http.impl.classic.InternalExecRuntime.connectEndpoint(InternalExecRuntime.java:164) ~[httpclient5-5.6.4.jar:5.6.4]
	at org.apache.hc.client5.http.impl.classic.InternalExecRuntime.connectEndpoint(InternalExecRuntime.java:174) ~[httpclient5-5.6.4.jar:5.6.4]
	at org.apache.hc.client5.http.impl.classic.ConnectExec.execute(ConnectExec.java:144) ~[httpclient5-5.6.4.jar:5.6.4]
	at org.apache.hc.client5.http.impl.classic.ExecChainElement.execute(ExecChainElement.java:51) ~[httpclient5-5.6.4.jar:5.6.4]
	at org.apache.hc.client5.http.impl.classic.ProtocolExec.execute(ProtocolExec.java:192) ~[httpclient5-5.6.4.jar:5.6.4]
	at org.apache.hc.client5.http.impl.classic.ExecChainElement.execute(ExecChainElement.java:51) ~[httpclient5-5.6.4.jar:5.6.4]
	at org.apache.hc.client5.http.impl.classic.ContentCompressionExec.execute(ContentCompressionExec.java:138) ~[httpclient5-5.6.4.jar:5.6.4]
	at org.apache.hc.client5.http.impl.classic.ExecChainElement.execute(ExecChainElement.java:51) ~[httpclient5-5.6.4.jar:5.6.4]
	at org.apache.hc.client5.http.impl.classic.HttpRequestRetryExec.execute(HttpRequestRetryExec.java:112) ~[httpclient5-5.6.4.jar:5.6.4]
	at org.apache.hc.client5.http.impl.classic.ExecChainElement.execute(ExecChainElement.java:51) ~[httpclient5-5.6.4.jar:5.6.4]
	at org.apache.hc.client5.http.impl.classic.RedirectExec.execute(RedirectExec.java:110) ~[httpclient5-5.6.4.jar:5.6.4]
	at org.apache.hc.client5.http.impl.classic.ExecChainElement.execute(ExecChainElement.java:51) ~[httpclient5-5.6.4.jar:5.6.4]
	at org.apache.hc.client5.http.impl.classic.InternalHttpClient.doExecute(InternalHttpClient.java:186) ~[httpclient5-5.6.4.jar:5.6.4]
	at org.apache.hc.client5.http.impl.classic.CloseableHttpClient.execute(CloseableHttpClient.java:87) ~[httpclient5-5.6.4.jar:5.6.4]
	at org.apache.hc.client5.http.impl.classic.CloseableHttpClient.execute(CloseableHttpClient.java:55) ~[httpclient5-5.6.4.jar:5.6.4]
	at org.apache.hc.client5.http.classic.HttpClient.executeOpen(HttpClient.java:183) ~[httpclient5-5.6.4.jar:5.6.4]
	at org.springframework.http.client.HttpComponentsClientHttpRequest.executeInternal(HttpComponentsClientHttpRequest.java:99) ~[spring-web-7.0.9.jar:7.0.9]
	at org.springframework.http.client.AbstractStreamingClientHttpRequest.executeInternal(AbstractStreamingClientHttpRequest.java:87) ~[spring-web-7.0.9.jar:7.0.9]
	at org.springframework.http.client.AbstractClientHttpRequest.execute(AbstractClientHttpRequest.java:80) ~[spring-web-7.0.9.jar:7.0.9]
	at org.springframework.http.client.AbstractBufferingClientHttpRequest.executeWithRequestAndBody(AbstractBufferingClientHttpRequest.java:89) ~[spring-web-7.0.9.jar:7.0.9]
	at org.springframework.http.client.InterceptingClientHttpRequest$EndOfChainRequestExecution.execute(InterceptingClientHttpRequest.java:102) ~[spring-web-7.0.9.jar:7.0.9]
	at org.springframework.vault.core.VaultTemplate.lambda$getSessionInterceptor$0(VaultTemplate.java:381) ~[spring-vault-core-4.0.3.jar:4.0.3]
	at org.springframework.http.client.ClientHttpRequestInterceptor.lambda$andThen$1(ClientHttpRequestInterceptor.java:75) ~[spring-web-7.0.9.jar:7.0.9]
	at org.springframework.vault.client.RestTemplateBuilder.lambda$createTemplate$0(RestTemplateBuilder.java:241) ~[spring-vault-core-4.0.3.jar:4.0.3]
	at org.springframework.http.client.ClientHttpRequestInterceptor.lambda$andThen$1(ClientHttpRequestInterceptor.java:75) ~[spring-web-7.0.9.jar:7.0.9]
	at org.springframework.vault.client.VaultClients.lambda$createRestTemplate$0(VaultClients.java:145) ~[spring-vault-core-4.0.3.jar:4.0.3]
	at org.springframework.http.client.ClientHttpRequestInterceptor.lambda$andThen$0(ClientHttpRequestInterceptor.java:76) ~[spring-web-7.0.9.jar:7.0.9]
	at org.springframework.http.client.ClientHttpRequestInterceptor.lambda$andThen$0(ClientHttpRequestInterceptor.java:76) ~[spring-web-7.0.9.jar:7.0.9]
	at org.springframework.http.client.ClientHttpRequestInterceptor.lambda$apply$0(ClientHttpRequestInterceptor.java:89) ~[spring-web-7.0.9.jar:7.0.9]
	at org.springframework.http.client.InterceptingClientHttpRequest.executeInternal(InterceptingClientHttpRequest.java:73) ~[spring-web-7.0.9.jar:7.0.9]
	at org.springframework.http.client.AbstractBufferingClientHttpRequest.executeInternal(AbstractBufferingClientHttpRequest.java:50) ~[spring-web-7.0.9.jar:7.0.9]
	at org.springframework.http.client.AbstractClientHttpRequest.execute(AbstractClientHttpRequest.java:80) ~[spring-web-7.0.9.jar:7.0.9]
	at org.springframework.web.client.DefaultRestClient$DefaultRequestBodyUriSpec.exchangeInternal(DefaultRestClient.java:614) ~[spring-web-7.0.9.jar:7.0.9]
	... 51 common frames omitted

2026-08-23T16:07:43.963-04:00  INFO 11732 --- [analysis-service] [main] o.s.v.c.e.LeaseAwareVaultPropertySource  : Vault location [secret/analysis-service] not resolvable: Cannot determine MountInfo for path 'secret/analysis-service' using 'sys/internal/ui/mounts'
2026-08-23T16:07:43.963-04:00  WARN 11732 --- [analysis-service] [main] LeaseEventPublisher$LoggingErrorListener : [RequestedSecret [path='secret/application', mode=ROTATE]] Lease [leaseId='null', leaseDuration=PT0S, renewable=false] Cannot determine MountInfo for path 'secret/application' using 'sys/internal/ui/mounts'

org.springframework.vault.VaultException: Cannot determine MountInfo for path 'secret/application' using 'sys/internal/ui/mounts'
	at org.springframework.vault.core.util.KeyValueDelegate.getMountInfo(KeyValueDelegate.java:136) ~[spring-vault-core-4.0.3.jar:4.0.3]
	at org.springframework.vault.core.util.KeyValueDelegate.isVersioned(KeyValueDelegate.java:74) ~[spring-vault-core-4.0.3.jar:4.0.3]
	at org.springframework.vault.core.lease.SecretLeaseContainer.doGetSecrets(SecretLeaseContainer.java:664) ~[spring-vault-core-4.0.3.jar:4.0.3]
	at org.springframework.vault.core.lease.SecretLeaseContainer.doStart(SecretLeaseContainer.java:404) ~[spring-vault-core-4.0.3.jar:4.0.3]
	at org.springframework.vault.core.lease.SecretLeaseContainer.start(SecretLeaseContainer.java:394) ~[spring-vault-core-4.0.3.jar:4.0.3]
	at org.springframework.vault.core.lease.SecretLeaseContainer.addRequestedSecret(SecretLeaseContainer.java:362) ~[spring-vault-core-4.0.3.jar:4.0.3]
	at org.springframework.vault.core.env.LeaseAwareVaultPropertySource.loadProperties(LeaseAwareVaultPropertySource.java:179) ~[spring-vault-core-4.0.3.jar:4.0.3]
	at org.springframework.vault.core.env.LeaseAwareVaultPropertySource.<init>(LeaseAwareVaultPropertySource.java:164) ~[spring-vault-core-4.0.3.jar:4.0.3]
	at org.springframework.vault.core.env.LeaseAwareVaultPropertySource.<init>(LeaseAwareVaultPropertySource.java:120) ~[spring-vault-core-4.0.3.jar:4.0.3]
	at org.springframework.cloud.vault.config.VaultConfigDataLoader.createLeasingPropertySource(VaultConfigDataLoader.java:293) ~[spring-cloud-vault-config-5.0.2.jar:5.0.2]
	at org.springframework.cloud.vault.config.VaultConfigDataLoader.lambda$loadConfigData$1(VaultConfigDataLoader.java:166) ~[spring-cloud-vault-config-5.0.2.jar:5.0.2]
	at org.springframework.cloud.vault.config.VaultConfigDataLoader.createConfigData(VaultConfigDataLoader.java:235) ~[spring-cloud-vault-config-5.0.2.jar:5.0.2]
	at org.springframework.cloud.vault.config.VaultConfigDataLoader.loadConfigData(VaultConfigDataLoader.java:166) ~[spring-cloud-vault-config-5.0.2.jar:5.0.2]
	at org.springframework.cloud.vault.config.VaultConfigDataLoader.load(VaultConfigDataLoader.java:143) ~[spring-cloud-vault-config-5.0.2.jar:5.0.2]
	at org.springframework.cloud.vault.config.VaultConfigDataLoader.load(VaultConfigDataLoader.java:96) ~[spring-cloud-vault-config-5.0.2.jar:5.0.2]
	at org.springframework.boot.context.config.ConfigDataLoaders.load(ConfigDataLoaders.java:100) ~[spring-boot-4.1.1.jar:4.1.1]
	at org.springframework.boot.context.config.ConfigDataImporter.load(ConfigDataImporter.java:133) ~[spring-boot-4.1.1.jar:4.1.1]
	at org.springframework.boot.context.config.ConfigDataImporter.resolveAndLoad(ConfigDataImporter.java:88) ~[spring-boot-4.1.1.jar:4.1.1]
	at org.springframework.boot.context.config.ConfigDataEnvironmentContributors.withProcessedImports(ConfigDataEnvironmentContributors.java:130) ~[spring-boot-4.1.1.jar:4.1.1]
	at org.springframework.boot.context.config.ConfigDataEnvironment.processWithProfiles(ConfigDataEnvironment.java:326) ~[spring-boot-4.1.1.jar:4.1.1]
	at org.springframework.boot.context.config.ConfigDataEnvironment.processAndApply(ConfigDataEnvironment.java:245) ~[spring-boot-4.1.1.jar:4.1.1]
	at org.springframework.boot.context.config.ConfigDataEnvironmentPostProcessor.postProcessEnvironment(ConfigDataEnvironmentPostProcessor.java:97) ~[spring-boot-4.1.1.jar:4.1.1]
	at org.springframework.boot.context.config.ConfigDataEnvironmentPostProcessor.postProcessEnvironment(ConfigDataEnvironmentPostProcessor.java:90) ~[spring-boot-4.1.1.jar:4.1.1]
	at org.springframework.boot.support.EnvironmentPostProcessorApplicationListener.onApplicationEnvironmentPreparedEvent(EnvironmentPostProcessorApplicationListener.java:137) ~[spring-boot-4.1.1.jar:4.1.1]
	at org.springframework.boot.support.EnvironmentPostProcessorApplicationListener.onApplicationEvent(EnvironmentPostProcessorApplicationListener.java:120) ~[spring-boot-4.1.1.jar:4.1.1]
	at org.springframework.context.event.SimpleApplicationEventMulticaster.doInvokeListener(SimpleApplicationEventMulticaster.java:180) ~[spring-context-7.0.9.jar:7.0.9]
	at org.springframework.context.event.SimpleApplicationEventMulticaster.invokeListener(SimpleApplicationEventMulticaster.java:173) ~[spring-context-7.0.9.jar:7.0.9]
	at org.springframework.context.event.SimpleApplicationEventMulticaster.multicastEvent(SimpleApplicationEventMulticaster.java:151) ~[spring-context-7.0.9.jar:7.0.9]
	at org.springframework.context.event.SimpleApplicationEventMulticaster.multicastEvent(SimpleApplicationEventMulticaster.java:133) ~[spring-context-7.0.9.jar:7.0.9]
	at org.springframework.boot.context.event.EventPublishingRunListener.multicastInitialEvent(EventPublishingRunListener.java:137) ~[spring-boot-4.1.1.jar:4.1.1]
	at org.springframework.boot.context.event.EventPublishingRunListener.environmentPrepared(EventPublishingRunListener.java:82) ~[spring-boot-4.1.1.jar:4.1.1]
	at org.springframework.boot.SpringApplicationRunListeners.lambda$environmentPrepared$0(SpringApplicationRunListeners.java:66) ~[spring-boot-4.1.1.jar:4.1.1]
	at java.base/java.lang.Iterable.forEach(Iterable.java:75) ~[na:na]
	at org.springframework.boot.SpringApplicationRunListeners.doWithListeners(SpringApplicationRunListeners.java:123) ~[spring-boot-4.1.1.jar:4.1.1]
	at org.springframework.boot.SpringApplicationRunListeners.doWithListeners(SpringApplicationRunListeners.java:117) ~[spring-boot-4.1.1.jar:4.1.1]
	at org.springframework.boot.SpringApplicationRunListeners.environmentPrepared(SpringApplicationRunListeners.java:65) ~[spring-boot-4.1.1.jar:4.1.1]
	at org.springframework.boot.SpringApplication.prepareEnvironment(SpringApplication.java:356) ~[spring-boot-4.1.1.jar:4.1.1]
	at org.springframework.boot.SpringApplication.run(SpringApplication.java:316) ~[spring-boot-4.1.1.jar:4.1.1]
	at org.springframework.boot.SpringApplication.run(SpringApplication.java:1365) ~[spring-boot-4.1.1.jar:4.1.1]
	at org.springframework.boot.SpringApplication.run(SpringApplication.java:1354) ~[spring-boot-4.1.1.jar:4.1.1]
	at com.trading.analysis_service.AnalysisServiceApplication.main(AnalysisServiceApplication.java:10) ~[classes/:na]
Caused by: org.springframework.web.client.ResourceAccessException: I/O error on GET request for "http://127.0.0.1:8200/v1/sys/internal/ui/mounts/secret/application": Connect to http://127.0.0.1:8200 failed: Connection refused: getsockopt
	at org.springframework.web.client.DefaultRestClient$DefaultRequestBodyUriSpec.createResourceAccessException(DefaultRestClient.java:779) ~[spring-web-7.0.9.jar:7.0.9]
	at org.springframework.web.client.DefaultRestClient$DefaultRequestBodyUriSpec.exchangeInternal(DefaultRestClient.java:624) ~[spring-web-7.0.9.jar:7.0.9]
	at org.springframework.web.client.DefaultRestClient$DefaultRequestBodyUriSpec.exchange(DefaultRestClient.java:572) ~[spring-web-7.0.9.jar:7.0.9]
	at org.springframework.web.client.RestClient$RequestHeadersSpec.exchange(RestClient.java:747) ~[spring-web-7.0.9.jar:7.0.9]
	at org.springframework.web.client.DefaultRestClient$DefaultResponseSpec.executeAndExtract(DefaultRestClient.java:924) ~[spring-web-7.0.9.jar:7.0.9]
	at org.springframework.web.client.DefaultRestClient$DefaultResponseSpec.toEntityInternal(DefaultRestClient.java:870) ~[spring-web-7.0.9.jar:7.0.9]
	at org.springframework.web.client.DefaultRestClient$DefaultResponseSpec.toEntity(DefaultRestClient.java:859) ~[spring-web-7.0.9.jar:7.0.9]
	at org.springframework.vault.core.VaultTemplate.lambda$doRead$0(VaultTemplate.java:577) ~[spring-vault-core-4.0.3.jar:4.0.3]
	at org.springframework.vault.core.VaultTemplate.doWithSessionClient(VaultTemplate.java:567) ~[spring-vault-core-4.0.3.jar:4.0.3]
	at org.springframework.vault.core.VaultTemplate.doRead(VaultTemplate.java:575) ~[spring-vault-core-4.0.3.jar:4.0.3]
	at org.springframework.vault.core.VaultTemplate.read(VaultTemplate.java:471) ~[spring-vault-core-4.0.3.jar:4.0.3]
	at org.springframework.vault.core.util.KeyValueDelegate.doGetMountInfo(KeyValueDelegate.java:112) ~[spring-vault-core-4.0.3.jar:4.0.3]
	at org.springframework.vault.core.util.KeyValueDelegate.getMountInfo(KeyValueDelegate.java:124) ~[spring-vault-core-4.0.3.jar:4.0.3]
	... 40 common frames omitted
Caused by: org.apache.hc.client5.http.HttpHostConnectException: Connect to http://127.0.0.1:8200 failed: Connection refused: getsockopt
	at java.base/sun.nio.ch.Net.pollConnect(Native Method) ~[na:na]
	at java.base/sun.nio.ch.Net.pollConnectNow(Net.java:672) ~[na:na]
	at java.base/sun.nio.ch.NioSocketImpl.timedFinishConnect(NioSocketImpl.java:547) ~[na:na]
	at java.base/sun.nio.ch.NioSocketImpl.connect(NioSocketImpl.java:602) ~[na:na]
	at java.base/java.net.SocksSocketImpl.connect(SocksSocketImpl.java:327) ~[na:na]
	at java.base/java.net.Socket.connect(Socket.java:633) ~[na:na]
	at org.apache.hc.client5.http.impl.io.DefaultHttpClientConnectionOperator.connect(DefaultHttpClientConnectionOperator.java:219) ~[httpclient5-5.6.4.jar:5.6.4]
	at org.apache.hc.client5.http.impl.io.PoolingHttpClientConnectionManager.connect(PoolingHttpClientConnectionManager.java:547) ~[httpclient5-5.6.4.jar:5.6.4]
	at org.apache.hc.client5.http.impl.classic.InternalExecRuntime.connectEndpoint(InternalExecRuntime.java:164) ~[httpclient5-5.6.4.jar:5.6.4]
	at org.apache.hc.client5.http.impl.classic.InternalExecRuntime.connectEndpoint(InternalExecRuntime.java:174) ~[httpclient5-5.6.4.jar:5.6.4]
	at org.apache.hc.client5.http.impl.classic.ConnectExec.execute(ConnectExec.java:144) ~[httpclient5-5.6.4.jar:5.6.4]
	at org.apache.hc.client5.http.impl.classic.ExecChainElement.execute(ExecChainElement.java:51) ~[httpclient5-5.6.4.jar:5.6.4]
	at org.apache.hc.client5.http.impl.classic.ProtocolExec.execute(ProtocolExec.java:192) ~[httpclient5-5.6.4.jar:5.6.4]
	at org.apache.hc.client5.http.impl.classic.ExecChainElement.execute(ExecChainElement.java:51) ~[httpclient5-5.6.4.jar:5.6.4]
	at org.apache.hc.client5.http.impl.classic.ContentCompressionExec.execute(ContentCompressionExec.java:138) ~[httpclient5-5.6.4.jar:5.6.4]
	at org.apache.hc.client5.http.impl.classic.ExecChainElement.execute(ExecChainElement.java:51) ~[httpclient5-5.6.4.jar:5.6.4]
	at org.apache.hc.client5.http.impl.classic.HttpRequestRetryExec.execute(HttpRequestRetryExec.java:112) ~[httpclient5-5.6.4.jar:5.6.4]
	at org.apache.hc.client5.http.impl.classic.ExecChainElement.execute(ExecChainElement.java:51) ~[httpclient5-5.6.4.jar:5.6.4]
	at org.apache.hc.client5.http.impl.classic.RedirectExec.execute(RedirectExec.java:110) ~[httpclient5-5.6.4.jar:5.6.4]
	at org.apache.hc.client5.http.impl.classic.ExecChainElement.execute(ExecChainElement.java:51) ~[httpclient5-5.6.4.jar:5.6.4]
	at org.apache.hc.client5.http.impl.classic.InternalHttpClient.doExecute(InternalHttpClient.java:186) ~[httpclient5-5.6.4.jar:5.6.4]
	at org.apache.hc.client5.http.impl.classic.CloseableHttpClient.execute(CloseableHttpClient.java:87) ~[httpclient5-5.6.4.jar:5.6.4]
	at org.apache.hc.client5.http.impl.classic.CloseableHttpClient.execute(CloseableHttpClient.java:55) ~[httpclient5-5.6.4.jar:5.6.4]
	at org.apache.hc.client5.http.classic.HttpClient.executeOpen(HttpClient.java:183) ~[httpclient5-5.6.4.jar:5.6.4]
	at org.springframework.http.client.HttpComponentsClientHttpRequest.executeInternal(HttpComponentsClientHttpRequest.java:99) ~[spring-web-7.0.9.jar:7.0.9]
	at org.springframework.http.client.AbstractStreamingClientHttpRequest.executeInternal(AbstractStreamingClientHttpRequest.java:87) ~[spring-web-7.0.9.jar:7.0.9]
	at org.springframework.http.client.AbstractClientHttpRequest.execute(AbstractClientHttpRequest.java:80) ~[spring-web-7.0.9.jar:7.0.9]
	at org.springframework.http.client.AbstractBufferingClientHttpRequest.executeWithRequestAndBody(AbstractBufferingClientHttpRequest.java:89) ~[spring-web-7.0.9.jar:7.0.9]
	at org.springframework.http.client.InterceptingClientHttpRequest$EndOfChainRequestExecution.execute(InterceptingClientHttpRequest.java:102) ~[spring-web-7.0.9.jar:7.0.9]
	at org.springframework.vault.core.VaultTemplate.lambda$getSessionInterceptor$0(VaultTemplate.java:381) ~[spring-vault-core-4.0.3.jar:4.0.3]
	at org.springframework.http.client.ClientHttpRequestInterceptor.lambda$andThen$1(ClientHttpRequestInterceptor.java:75) ~[spring-web-7.0.9.jar:7.0.9]
	at org.springframework.vault.client.RestTemplateBuilder.lambda$createTemplate$0(RestTemplateBuilder.java:241) ~[spring-vault-core-4.0.3.jar:4.0.3]
	at org.springframework.http.client.ClientHttpRequestInterceptor.lambda$andThen$1(ClientHttpRequestInterceptor.java:75) ~[spring-web-7.0.9.jar:7.0.9]
	at org.springframework.vault.client.VaultClients.lambda$createRestTemplate$0(VaultClients.java:145) ~[spring-vault-core-4.0.3.jar:4.0.3]
	at org.springframework.http.client.ClientHttpRequestInterceptor.lambda$andThen$0(ClientHttpRequestInterceptor.java:76) ~[spring-web-7.0.9.jar:7.0.9]
	at org.springframework.http.client.ClientHttpRequestInterceptor.lambda$andThen$0(ClientHttpRequestInterceptor.java:76) ~[spring-web-7.0.9.jar:7.0.9]
	at org.springframework.http.client.ClientHttpRequestInterceptor.lambda$apply$0(ClientHttpRequestInterceptor.java:89) ~[spring-web-7.0.9.jar:7.0.9]
	at org.springframework.http.client.InterceptingClientHttpRequest.executeInternal(InterceptingClientHttpRequest.java:73) ~[spring-web-7.0.9.jar:7.0.9]
	at org.springframework.http.client.AbstractBufferingClientHttpRequest.executeInternal(AbstractBufferingClientHttpRequest.java:50) ~[spring-web-7.0.9.jar:7.0.9]
	at org.springframework.http.client.AbstractClientHttpRequest.execute(AbstractClientHttpRequest.java:80) ~[spring-web-7.0.9.jar:7.0.9]
	at org.springframework.web.client.DefaultRestClient$DefaultRequestBodyUriSpec.exchangeInternal(DefaultRestClient.java:614) ~[spring-web-7.0.9.jar:7.0.9]
	... 51 common frames omitted

2026-08-23T16:07:43.964-04:00  INFO 11732 --- [analysis-service] [main] o.s.v.c.e.LeaseAwareVaultPropertySource  : Vault location [secret/application] not resolvable: Cannot determine MountInfo for path 'secret/application' using 'sys/internal/ui/mounts'
2026-08-23T16:07:44.325-04:00  INFO 11732 --- [analysis-service] [main] o.s.cloud.context.scope.GenericScope     : BeanFactory id=960d5fa7-2a40-3bdb-b0b3-03ebfb9f6d95
2026-08-23T16:07:44.476-04:00  INFO 11732 --- [analysis-service] [main] o.s.boot.tomcat.TomcatWebServer          : Tomcat initialized with port 8082 (http)
2026-08-23T16:07:44.485-04:00  INFO 11732 --- [analysis-service] [main] o.apache.catalina.core.StandardService   : Starting service [Tomcat]
2026-08-23T16:07:44.485-04:00  INFO 11732 --- [analysis-service] [main] o.apache.catalina.core.StandardEngine    : Starting Servlet engine: [Apache Tomcat/11.0.24]
2026-08-23T16:07:44.524-04:00  INFO 11732 --- [analysis-service] [main] b.w.c.s.WebApplicationContextInitializer : Root WebApplicationContext: initialization completed in 559 ms
2026-08-23T16:07:44.560-04:00  WARN 11732 --- [analysis-service] [main] o.s.core.annotation.MergedAnnotation     : Failed to introspect meta-annotation @AutoConfiguration on class org.springframework.ai.autoconfigure.ollama.OllamaAutoConfiguration: java.lang.TypeNotPresentException: Type org.springframework.boot.autoconfigure.web.client.RestClientAutoConfiguration not present
2026-08-23T16:07:45.011-04:00  INFO 11732 --- [analysis-service] [main] o.s.boot.tomcat.TomcatWebServer          : Tomcat started on port 8082 (http) with context path '/'
2026-08-23T16:07:45.249-04:00  INFO 11732 --- [analysis-service] [main] c.t.a.AnalysisServiceApplication         : Started AnalysisServiceApplication in 2.339 seconds (process running for 2.671)
2026-08-23T16:08:13.961-04:00  INFO 11732 --- [analysis-service] [http-nio-8082-exec-1] o.a.c.c.C.[Tomcat].[localhost].[/]       : Initializing Spring DispatcherServlet 'dispatcherServlet'
2026-08-23T16:08:13.963-04:00  INFO 11732 --- [analysis-service] [http-nio-8082-exec-1] o.s.web.servlet.DispatcherServlet        : Initializing Servlet 'dispatcherServlet'
2026-08-23T16:08:13.963-04:00  INFO 11732 --- [analysis-service] [http-nio-8082-exec-1] o.s.web.servlet.DispatcherServlet        : Completed initialization in 0 ms
2026-08-23T16:09:08.224-04:00  INFO 24408 --- [analysis-service] [main] c.t.a.AnalysisServiceApplication         : Starting AnalysisServiceApplication using Java 17.0.12 with PID 24408 (C:\Development\TradingApp\analysis-service\target\classes started by mrcsh in C:\Development\TradingApp\analysis-service)
2026-08-23T16:09:08.227-04:00  INFO 24408 --- [analysis-service] [main] c.t.a.AnalysisServiceApplication         : No active profile set, falling back to 1 default profile: "default"
2026-08-23T16:09:08.252-04:00  WARN 24408 --- [analysis-service] [main] LeaseEventPublisher$LoggingErrorListener : [RequestedSecret [path='secret/analysis-service', mode=ROTATE]] Lease [leaseId='null', leaseDuration=PT0S, renewable=false] Cannot determine MountInfo for path 'secret/analysis-service' using 'sys/internal/ui/mounts'

org.springframework.vault.VaultException: Cannot determine MountInfo for path 'secret/analysis-service' using 'sys/internal/ui/mounts'
	at org.springframework.vault.core.util.KeyValueDelegate.getMountInfo(KeyValueDelegate.java:136) ~[spring-vault-core-4.0.3.jar:4.0.3]
	at org.springframework.vault.core.util.KeyValueDelegate.isVersioned(KeyValueDelegate.java:74) ~[spring-vault-core-4.0.3.jar:4.0.3]
	at org.springframework.vault.core.lease.SecretLeaseContainer.doGetSecrets(SecretLeaseContainer.java:664) ~[spring-vault-core-4.0.3.jar:4.0.3]
	at org.springframework.vault.core.lease.SecretLeaseContainer.doStart(SecretLeaseContainer.java:404) ~[spring-vault-core-4.0.3.jar:4.0.3]
	at org.springframework.vault.core.lease.SecretLeaseContainer.start(SecretLeaseContainer.java:394) ~[spring-vault-core-4.0.3.jar:4.0.3]
	at org.springframework.vault.core.lease.SecretLeaseContainer.addRequestedSecret(SecretLeaseContainer.java:362) ~[spring-vault-core-4.0.3.jar:4.0.3]
	at org.springframework.vault.core.env.LeaseAwareVaultPropertySource.loadProperties(LeaseAwareVaultPropertySource.java:179) ~[spring-vault-core-4.0.3.jar:4.0.3]
	at org.springframework.vault.core.env.LeaseAwareVaultPropertySource.<init>(LeaseAwareVaultPropertySource.java:164) ~[spring-vault-core-4.0.3.jar:4.0.3]
	at org.springframework.vault.core.env.LeaseAwareVaultPropertySource.<init>(LeaseAwareVaultPropertySource.java:120) ~[spring-vault-core-4.0.3.jar:4.0.3]
	at org.springframework.cloud.vault.config.VaultConfigDataLoader.createLeasingPropertySource(VaultConfigDataLoader.java:293) ~[spring-cloud-vault-config-5.0.2.jar:5.0.2]
	at org.springframework.cloud.vault.config.VaultConfigDataLoader.lambda$loadConfigData$1(VaultConfigDataLoader.java:166) ~[spring-cloud-vault-config-5.0.2.jar:5.0.2]
	at org.springframework.cloud.vault.config.VaultConfigDataLoader.createConfigData(VaultConfigDataLoader.java:235) ~[spring-cloud-vault-config-5.0.2.jar:5.0.2]
	at org.springframework.cloud.vault.config.VaultConfigDataLoader.loadConfigData(VaultConfigDataLoader.java:166) ~[spring-cloud-vault-config-5.0.2.jar:5.0.2]
	at org.springframework.cloud.vault.config.VaultConfigDataLoader.load(VaultConfigDataLoader.java:143) ~[spring-cloud-vault-config-5.0.2.jar:5.0.2]
	at org.springframework.cloud.vault.config.VaultConfigDataLoader.load(VaultConfigDataLoader.java:96) ~[spring-cloud-vault-config-5.0.2.jar:5.0.2]
	at org.springframework.boot.context.config.ConfigDataLoaders.load(ConfigDataLoaders.java:100) ~[spring-boot-4.1.1.jar:4.1.1]
	at org.springframework.boot.context.config.ConfigDataImporter.load(ConfigDataImporter.java:133) ~[spring-boot-4.1.1.jar:4.1.1]
	at org.springframework.boot.context.config.ConfigDataImporter.resolveAndLoad(ConfigDataImporter.java:88) ~[spring-boot-4.1.1.jar:4.1.1]
	at org.springframework.boot.context.config.ConfigDataEnvironmentContributors.withProcessedImports(ConfigDataEnvironmentContributors.java:130) ~[spring-boot-4.1.1.jar:4.1.1]
	at org.springframework.boot.context.config.ConfigDataEnvironment.processWithProfiles(ConfigDataEnvironment.java:326) ~[spring-boot-4.1.1.jar:4.1.1]
	at org.springframework.boot.context.config.ConfigDataEnvironment.processAndApply(ConfigDataEnvironment.java:245) ~[spring-boot-4.1.1.jar:4.1.1]
	at org.springframework.boot.context.config.ConfigDataEnvironmentPostProcessor.postProcessEnvironment(ConfigDataEnvironmentPostProcessor.java:97) ~[spring-boot-4.1.1.jar:4.1.1]
	at org.springframework.boot.context.config.ConfigDataEnvironmentPostProcessor.postProcessEnvironment(ConfigDataEnvironmentPostProcessor.java:90) ~[spring-boot-4.1.1.jar:4.1.1]
	at org.springframework.boot.support.EnvironmentPostProcessorApplicationListener.onApplicationEnvironmentPreparedEvent(EnvironmentPostProcessorApplicationListener.java:137) ~[spring-boot-4.1.1.jar:4.1.1]
	at org.springframework.boot.support.EnvironmentPostProcessorApplicationListener.onApplicationEvent(EnvironmentPostProcessorApplicationListener.java:120) ~[spring-boot-4.1.1.jar:4.1.1]
	at org.springframework.context.event.SimpleApplicationEventMulticaster.doInvokeListener(SimpleApplicationEventMulticaster.java:180) ~[spring-context-7.0.9.jar:7.0.9]
	at org.springframework.context.event.SimpleApplicationEventMulticaster.invokeListener(SimpleApplicationEventMulticaster.java:173) ~[spring-context-7.0.9.jar:7.0.9]
	at org.springframework.context.event.SimpleApplicationEventMulticaster.multicastEvent(SimpleApplicationEventMulticaster.java:151) ~[spring-context-7.0.9.jar:7.0.9]
	at org.springframework.context.event.SimpleApplicationEventMulticaster.multicastEvent(SimpleApplicationEventMulticaster.java:133) ~[spring-context-7.0.9.jar:7.0.9]
	at org.springframework.boot.context.event.EventPublishingRunListener.multicastInitialEvent(EventPublishingRunListener.java:137) ~[spring-boot-4.1.1.jar:4.1.1]
	at org.springframework.boot.context.event.EventPublishingRunListener.environmentPrepared(EventPublishingRunListener.java:82) ~[spring-boot-4.1.1.jar:4.1.1]
	at org.springframework.boot.SpringApplicationRunListeners.lambda$environmentPrepared$0(SpringApplicationRunListeners.java:66) ~[spring-boot-4.1.1.jar:4.1.1]
	at java.base/java.lang.Iterable.forEach(Iterable.java:75) ~[na:na]
	at org.springframework.boot.SpringApplicationRunListeners.doWithListeners(SpringApplicationRunListeners.java:123) ~[spring-boot-4.1.1.jar:4.1.1]
	at org.springframework.boot.SpringApplicationRunListeners.doWithListeners(SpringApplicationRunListeners.java:117) ~[spring-boot-4.1.1.jar:4.1.1]
	at org.springframework.boot.SpringApplicationRunListeners.environmentPrepared(SpringApplicationRunListeners.java:65) ~[spring-boot-4.1.1.jar:4.1.1]
	at org.springframework.boot.SpringApplication.prepareEnvironment(SpringApplication.java:356) ~[spring-boot-4.1.1.jar:4.1.1]
	at org.springframework.boot.SpringApplication.run(SpringApplication.java:316) ~[spring-boot-4.1.1.jar:4.1.1]
	at org.springframework.boot.SpringApplication.run(SpringApplication.java:1365) ~[spring-boot-4.1.1.jar:4.1.1]
	at org.springframework.boot.SpringApplication.run(SpringApplication.java:1354) ~[spring-boot-4.1.1.jar:4.1.1]
	at com.trading.analysis_service.AnalysisServiceApplication.main(AnalysisServiceApplication.java:10) ~[classes/:na]
Caused by: org.springframework.web.client.ResourceAccessException: I/O error on GET request for "http://127.0.0.1:8200/v1/sys/internal/ui/mounts/secret/analysis-service": Connect to http://127.0.0.1:8200 failed: Connection refused: getsockopt
	at org.springframework.web.client.DefaultRestClient$DefaultRequestBodyUriSpec.createResourceAccessException(DefaultRestClient.java:779) ~[spring-web-7.0.9.jar:7.0.9]
	at org.springframework.web.client.DefaultRestClient$DefaultRequestBodyUriSpec.exchangeInternal(DefaultRestClient.java:624) ~[spring-web-7.0.9.jar:7.0.9]
	at org.springframework.web.client.DefaultRestClient$DefaultRequestBodyUriSpec.exchange(DefaultRestClient.java:572) ~[spring-web-7.0.9.jar:7.0.9]
	at org.springframework.web.client.RestClient$RequestHeadersSpec.exchange(RestClient.java:747) ~[spring-web-7.0.9.jar:7.0.9]
	at org.springframework.web.client.DefaultRestClient$DefaultResponseSpec.executeAndExtract(DefaultRestClient.java:924) ~[spring-web-7.0.9.jar:7.0.9]
	at org.springframework.web.client.DefaultRestClient$DefaultResponseSpec.toEntityInternal(DefaultRestClient.java:870) ~[spring-web-7.0.9.jar:7.0.9]
	at org.springframework.web.client.DefaultRestClient$DefaultResponseSpec.toEntity(DefaultRestClient.java:859) ~[spring-web-7.0.9.jar:7.0.9]
	at org.springframework.vault.core.VaultTemplate.lambda$doRead$0(VaultTemplate.java:577) ~[spring-vault-core-4.0.3.jar:4.0.3]
	at org.springframework.vault.core.VaultTemplate.doWithSessionClient(VaultTemplate.java:567) ~[spring-vault-core-4.0.3.jar:4.0.3]
	at org.springframework.vault.core.VaultTemplate.doRead(VaultTemplate.java:575) ~[spring-vault-core-4.0.3.jar:4.0.3]
	at org.springframework.vault.core.VaultTemplate.read(VaultTemplate.java:471) ~[spring-vault-core-4.0.3.jar:4.0.3]
	at org.springframework.vault.core.util.KeyValueDelegate.doGetMountInfo(KeyValueDelegate.java:112) ~[spring-vault-core-4.0.3.jar:4.0.3]
	at org.springframework.vault.core.util.KeyValueDelegate.getMountInfo(KeyValueDelegate.java:124) ~[spring-vault-core-4.0.3.jar:4.0.3]
	... 40 common frames omitted
Caused by: org.apache.hc.client5.http.HttpHostConnectException: Connect to http://127.0.0.1:8200 failed: Connection refused: getsockopt
	at java.base/sun.nio.ch.Net.pollConnect(Native Method) ~[na:na]
	at java.base/sun.nio.ch.Net.pollConnectNow(Net.java:672) ~[na:na]
	at java.base/sun.nio.ch.NioSocketImpl.timedFinishConnect(NioSocketImpl.java:547) ~[na:na]
	at java.base/sun.nio.ch.NioSocketImpl.connect(NioSocketImpl.java:602) ~[na:na]
	at java.base/java.net.SocksSocketImpl.connect(SocksSocketImpl.java:327) ~[na:na]
	at java.base/java.net.Socket.connect(Socket.java:633) ~[na:na]
	at org.apache.hc.client5.http.impl.io.DefaultHttpClientConnectionOperator.connect(DefaultHttpClientConnectionOperator.java:219) ~[httpclient5-5.6.4.jar:5.6.4]
	at org.apache.hc.client5.http.impl.io.PoolingHttpClientConnectionManager.connect(PoolingHttpClientConnectionManager.java:547) ~[httpclient5-5.6.4.jar:5.6.4]
	at org.apache.hc.client5.http.impl.classic.InternalExecRuntime.connectEndpoint(InternalExecRuntime.java:164) ~[httpclient5-5.6.4.jar:5.6.4]
	at org.apache.hc.client5.http.impl.classic.InternalExecRuntime.connectEndpoint(InternalExecRuntime.java:174) ~[httpclient5-5.6.4.jar:5.6.4]
	at org.apache.hc.client5.http.impl.classic.ConnectExec.execute(ConnectExec.java:144) ~[httpclient5-5.6.4.jar:5.6.4]
	at org.apache.hc.client5.http.impl.classic.ExecChainElement.execute(ExecChainElement.java:51) ~[httpclient5-5.6.4.jar:5.6.4]
	at org.apache.hc.client5.http.impl.classic.ProtocolExec.execute(ProtocolExec.java:192) ~[httpclient5-5.6.4.jar:5.6.4]
	at org.apache.hc.client5.http.impl.classic.ExecChainElement.execute(ExecChainElement.java:51) ~[httpclient5-5.6.4.jar:5.6.4]
	at org.apache.hc.client5.http.impl.classic.ContentCompressionExec.execute(ContentCompressionExec.java:138) ~[httpclient5-5.6.4.jar:5.6.4]
	at org.apache.hc.client5.http.impl.classic.ExecChainElement.execute(ExecChainElement.java:51) ~[httpclient5-5.6.4.jar:5.6.4]
	at org.apache.hc.client5.http.impl.classic.HttpRequestRetryExec.execute(HttpRequestRetryExec.java:112) ~[httpclient5-5.6.4.jar:5.6.4]
	at org.apache.hc.client5.http.impl.classic.ExecChainElement.execute(ExecChainElement.java:51) ~[httpclient5-5.6.4.jar:5.6.4]
	at org.apache.hc.client5.http.impl.classic.RedirectExec.execute(RedirectExec.java:110) ~[httpclient5-5.6.4.jar:5.6.4]
	at org.apache.hc.client5.http.impl.classic.ExecChainElement.execute(ExecChainElement.java:51) ~[httpclient5-5.6.4.jar:5.6.4]
	at org.apache.hc.client5.http.impl.classic.InternalHttpClient.doExecute(InternalHttpClient.java:186) ~[httpclient5-5.6.4.jar:5.6.4]
	at org.apache.hc.client5.http.impl.classic.CloseableHttpClient.execute(CloseableHttpClient.java:87) ~[httpclient5-5.6.4.jar:5.6.4]
	at org.apache.hc.client5.http.impl.classic.CloseableHttpClient.execute(CloseableHttpClient.java:55) ~[httpclient5-5.6.4.jar:5.6.4]
	at org.apache.hc.client5.http.classic.HttpClient.executeOpen(HttpClient.java:183) ~[httpclient5-5.6.4.jar:5.6.4]
	at org.springframework.http.client.HttpComponentsClientHttpRequest.executeInternal(HttpComponentsClientHttpRequest.java:99) ~[spring-web-7.0.9.jar:7.0.9]
	at org.springframework.http.client.AbstractStreamingClientHttpRequest.executeInternal(AbstractStreamingClientHttpRequest.java:87) ~[spring-web-7.0.9.jar:7.0.9]
	at org.springframework.http.client.AbstractClientHttpRequest.execute(AbstractClientHttpRequest.java:80) ~[spring-web-7.0.9.jar:7.0.9]
	at org.springframework.http.client.AbstractBufferingClientHttpRequest.executeWithRequestAndBody(AbstractBufferingClientHttpRequest.java:89) ~[spring-web-7.0.9.jar:7.0.9]
	at org.springframework.http.client.InterceptingClientHttpRequest$EndOfChainRequestExecution.execute(InterceptingClientHttpRequest.java:102) ~[spring-web-7.0.9.jar:7.0.9]
	at org.springframework.vault.core.VaultTemplate.lambda$getSessionInterceptor$0(VaultTemplate.java:381) ~[spring-vault-core-4.0.3.jar:4.0.3]
	at org.springframework.http.client.ClientHttpRequestInterceptor.lambda$andThen$1(ClientHttpRequestInterceptor.java:75) ~[spring-web-7.0.9.jar:7.0.9]
	at org.springframework.vault.client.RestTemplateBuilder.lambda$createTemplate$0(RestTemplateBuilder.java:241) ~[spring-vault-core-4.0.3.jar:4.0.3]
	at org.springframework.http.client.ClientHttpRequestInterceptor.lambda$andThen$1(ClientHttpRequestInterceptor.java:75) ~[spring-web-7.0.9.jar:7.0.9]
	at org.springframework.vault.client.VaultClients.lambda$createRestTemplate$0(VaultClients.java:145) ~[spring-vault-core-4.0.3.jar:4.0.3]
	at org.springframework.http.client.ClientHttpRequestInterceptor.lambda$andThen$0(ClientHttpRequestInterceptor.java:76) ~[spring-web-7.0.9.jar:7.0.9]
	at org.springframework.http.client.ClientHttpRequestInterceptor.lambda$andThen$0(ClientHttpRequestInterceptor.java:76) ~[spring-web-7.0.9.jar:7.0.9]
	at org.springframework.http.client.ClientHttpRequestInterceptor.lambda$apply$0(ClientHttpRequestInterceptor.java:89) ~[spring-web-7.0.9.jar:7.0.9]
	at org.springframework.http.client.InterceptingClientHttpRequest.executeInternal(InterceptingClientHttpRequest.java:73) ~[spring-web-7.0.9.jar:7.0.9]
	at org.springframework.http.client.AbstractBufferingClientHttpRequest.executeInternal(AbstractBufferingClientHttpRequest.java:50) ~[spring-web-7.0.9.jar:7.0.9]
	at org.springframework.http.client.AbstractClientHttpRequest.execute(AbstractClientHttpRequest.java:80) ~[spring-web-7.0.9.jar:7.0.9]
	at org.springframework.web.client.DefaultRestClient$DefaultRequestBodyUriSpec.exchangeInternal(DefaultRestClient.java:614) ~[spring-web-7.0.9.jar:7.0.9]
	... 51 common frames omitted

2026-08-23T16:09:08.255-04:00  INFO 24408 --- [analysis-service] [main] o.s.v.c.e.LeaseAwareVaultPropertySource  : Vault location [secret/analysis-service] not resolvable: Cannot determine MountInfo for path 'secret/analysis-service' using 'sys/internal/ui/mounts'
2026-08-23T16:09:08.255-04:00  WARN 24408 --- [analysis-service] [main] LeaseEventPublisher$LoggingErrorListener : [RequestedSecret [path='secret/application', mode=ROTATE]] Lease [leaseId='null', leaseDuration=PT0S, renewable=false] Cannot determine MountInfo for path 'secret/application' using 'sys/internal/ui/mounts'

org.springframework.vault.VaultException: Cannot determine MountInfo for path 'secret/application' using 'sys/internal/ui/mounts'
	at org.springframework.vault.core.util.KeyValueDelegate.getMountInfo(KeyValueDelegate.java:136) ~[spring-vault-core-4.0.3.jar:4.0.3]
	at org.springframework.vault.core.util.KeyValueDelegate.isVersioned(KeyValueDelegate.java:74) ~[spring-vault-core-4.0.3.jar:4.0.3]
	at org.springframework.vault.core.lease.SecretLeaseContainer.doGetSecrets(SecretLeaseContainer.java:664) ~[spring-vault-core-4.0.3.jar:4.0.3]
	at org.springframework.vault.core.lease.SecretLeaseContainer.doStart(SecretLeaseContainer.java:404) ~[spring-vault-core-4.0.3.jar:4.0.3]
	at org.springframework.vault.core.lease.SecretLeaseContainer.start(SecretLeaseContainer.java:394) ~[spring-vault-core-4.0.3.jar:4.0.3]
	at org.springframework.vault.core.lease.SecretLeaseContainer.addRequestedSecret(SecretLeaseContainer.java:362) ~[spring-vault-core-4.0.3.jar:4.0.3]
	at org.springframework.vault.core.env.LeaseAwareVaultPropertySource.loadProperties(LeaseAwareVaultPropertySource.java:179) ~[spring-vault-core-4.0.3.jar:4.0.3]
	at org.springframework.vault.core.env.LeaseAwareVaultPropertySource.<init>(LeaseAwareVaultPropertySource.java:164) ~[spring-vault-core-4.0.3.jar:4.0.3]
	at org.springframework.vault.core.env.LeaseAwareVaultPropertySource.<init>(LeaseAwareVaultPropertySource.java:120) ~[spring-vault-core-4.0.3.jar:4.0.3]
	at org.springframework.cloud.vault.config.VaultConfigDataLoader.createLeasingPropertySource(VaultConfigDataLoader.java:293) ~[spring-cloud-vault-config-5.0.2.jar:5.0.2]
	at org.springframework.cloud.vault.config.VaultConfigDataLoader.lambda$loadConfigData$1(VaultConfigDataLoader.java:166) ~[spring-cloud-vault-config-5.0.2.jar:5.0.2]
	at org.springframework.cloud.vault.config.VaultConfigDataLoader.createConfigData(VaultConfigDataLoader.java:235) ~[spring-cloud-vault-config-5.0.2.jar:5.0.2]
	at org.springframework.cloud.vault.config.VaultConfigDataLoader.loadConfigData(VaultConfigDataLoader.java:166) ~[spring-cloud-vault-config-5.0.2.jar:5.0.2]
	at org.springframework.cloud.vault.config.VaultConfigDataLoader.load(VaultConfigDataLoader.java:143) ~[spring-cloud-vault-config-5.0.2.jar:5.0.2]
	at org.springframework.cloud.vault.config.VaultConfigDataLoader.load(VaultConfigDataLoader.java:96) ~[spring-cloud-vault-config-5.0.2.jar:5.0.2]
	at org.springframework.boot.context.config.ConfigDataLoaders.load(ConfigDataLoaders.java:100) ~[spring-boot-4.1.1.jar:4.1.1]
	at org.springframework.boot.context.config.ConfigDataImporter.load(ConfigDataImporter.java:133) ~[spring-boot-4.1.1.jar:4.1.1]
	at org.springframework.boot.context.config.ConfigDataImporter.resolveAndLoad(ConfigDataImporter.java:88) ~[spring-boot-4.1.1.jar:4.1.1]
	at org.springframework.boot.context.config.ConfigDataEnvironmentContributors.withProcessedImports(ConfigDataEnvironmentContributors.java:130) ~[spring-boot-4.1.1.jar:4.1.1]
	at org.springframework.boot.context.config.ConfigDataEnvironment.processWithProfiles(ConfigDataEnvironment.java:326) ~[spring-boot-4.1.1.jar:4.1.1]
	at org.springframework.boot.context.config.ConfigDataEnvironment.processAndApply(ConfigDataEnvironment.java:245) ~[spring-boot-4.1.1.jar:4.1.1]
	at org.springframework.boot.context.config.ConfigDataEnvironmentPostProcessor.postProcessEnvironment(ConfigDataEnvironmentPostProcessor.java:97) ~[spring-boot-4.1.1.jar:4.1.1]
	at org.springframework.boot.context.config.ConfigDataEnvironmentPostProcessor.postProcessEnvironment(ConfigDataEnvironmentPostProcessor.java:90) ~[spring-boot-4.1.1.jar:4.1.1]
	at org.springframework.boot.support.EnvironmentPostProcessorApplicationListener.onApplicationEnvironmentPreparedEvent(EnvironmentPostProcessorApplicationListener.java:137) ~[spring-boot-4.1.1.jar:4.1.1]
	at org.springframework.boot.support.EnvironmentPostProcessorApplicationListener.onApplicationEvent(EnvironmentPostProcessorApplicationListener.java:120) ~[spring-boot-4.1.1.jar:4.1.1]
	at org.springframework.context.event.SimpleApplicationEventMulticaster.doInvokeListener(SimpleApplicationEventMulticaster.java:180) ~[spring-context-7.0.9.jar:7.0.9]
	at org.springframework.context.event.SimpleApplicationEventMulticaster.invokeListener(SimpleApplicationEventMulticaster.java:173) ~[spring-context-7.0.9.jar:7.0.9]
	at org.springframework.context.event.SimpleApplicationEventMulticaster.multicastEvent(SimpleApplicationEventMulticaster.java:151) ~[spring-context-7.0.9.jar:7.0.9]
	at org.springframework.context.event.SimpleApplicationEventMulticaster.multicastEvent(SimpleApplicationEventMulticaster.java:133) ~[spring-context-7.0.9.jar:7.0.9]
	at org.springframework.boot.context.event.EventPublishingRunListener.multicastInitialEvent(EventPublishingRunListener.java:137) ~[spring-boot-4.1.1.jar:4.1.1]
	at org.springframework.boot.context.event.EventPublishingRunListener.environmentPrepared(EventPublishingRunListener.java:82) ~[spring-boot-4.1.1.jar:4.1.1]
	at org.springframework.boot.SpringApplicationRunListeners.lambda$environmentPrepared$0(SpringApplicationRunListeners.java:66) ~[spring-boot-4.1.1.jar:4.1.1]
	at java.base/java.lang.Iterable.forEach(Iterable.java:75) ~[na:na]
	at org.springframework.boot.SpringApplicationRunListeners.doWithListeners(SpringApplicationRunListeners.java:123) ~[spring-boot-4.1.1.jar:4.1.1]
	at org.springframework.boot.SpringApplicationRunListeners.doWithListeners(SpringApplicationRunListeners.java:117) ~[spring-boot-4.1.1.jar:4.1.1]
	at org.springframework.boot.SpringApplicationRunListeners.environmentPrepared(SpringApplicationRunListeners.java:65) ~[spring-boot-4.1.1.jar:4.1.1]
	at org.springframework.boot.SpringApplication.prepareEnvironment(SpringApplication.java:356) ~[spring-boot-4.1.1.jar:4.1.1]
	at org.springframework.boot.SpringApplication.run(SpringApplication.java:316) ~[spring-boot-4.1.1.jar:4.1.1]
	at org.springframework.boot.SpringApplication.run(SpringApplication.java:1365) ~[spring-boot-4.1.1.jar:4.1.1]
	at org.springframework.boot.SpringApplication.run(SpringApplication.java:1354) ~[spring-boot-4.1.1.jar:4.1.1]
	at com.trading.analysis_service.AnalysisServiceApplication.main(AnalysisServiceApplication.java:10) ~[classes/:na]
Caused by: org.springframework.web.client.ResourceAccessException: I/O error on GET request for "http://127.0.0.1:8200/v1/sys/internal/ui/mounts/secret/application": Connect to http://127.0.0.1:8200 failed: Connection refused: getsockopt
	at org.springframework.web.client.DefaultRestClient$DefaultRequestBodyUriSpec.createResourceAccessException(DefaultRestClient.java:779) ~[spring-web-7.0.9.jar:7.0.9]
	at org.springframework.web.client.DefaultRestClient$DefaultRequestBodyUriSpec.exchangeInternal(DefaultRestClient.java:624) ~[spring-web-7.0.9.jar:7.0.9]
	at org.springframework.web.client.DefaultRestClient$DefaultRequestBodyUriSpec.exchange(DefaultRestClient.java:572) ~[spring-web-7.0.9.jar:7.0.9]
	at org.springframework.web.client.RestClient$RequestHeadersSpec.exchange(RestClient.java:747) ~[spring-web-7.0.9.jar:7.0.9]
	at org.springframework.web.client.DefaultRestClient$DefaultResponseSpec.executeAndExtract(DefaultRestClient.java:924) ~[spring-web-7.0.9.jar:7.0.9]
	at org.springframework.web.client.DefaultRestClient$DefaultResponseSpec.toEntityInternal(DefaultRestClient.java:870) ~[spring-web-7.0.9.jar:7.0.9]
	at org.springframework.web.client.DefaultRestClient$DefaultResponseSpec.toEntity(DefaultRestClient.java:859) ~[spring-web-7.0.9.jar:7.0.9]
	at org.springframework.vault.core.VaultTemplate.lambda$doRead$0(VaultTemplate.java:577) ~[spring-vault-core-4.0.3.jar:4.0.3]
	at org.springframework.vault.core.VaultTemplate.doWithSessionClient(VaultTemplate.java:567) ~[spring-vault-core-4.0.3.jar:4.0.3]
	at org.springframework.vault.core.VaultTemplate.doRead(VaultTemplate.java:575) ~[spring-vault-core-4.0.3.jar:4.0.3]
	at org.springframework.vault.core.VaultTemplate.read(VaultTemplate.java:471) ~[spring-vault-core-4.0.3.jar:4.0.3]
	at org.springframework.vault.core.util.KeyValueDelegate.doGetMountInfo(KeyValueDelegate.java:112) ~[spring-vault-core-4.0.3.jar:4.0.3]
	at org.springframework.vault.core.util.KeyValueDelegate.getMountInfo(KeyValueDelegate.java:124) ~[spring-vault-core-4.0.3.jar:4.0.3]
	... 40 common frames omitted
Caused by: org.apache.hc.client5.http.HttpHostConnectException: Connect to http://127.0.0.1:8200 failed: Connection refused: getsockopt
	at java.base/sun.nio.ch.Net.pollConnect(Native Method) ~[na:na]
	at java.base/sun.nio.ch.Net.pollConnectNow(Net.java:672) ~[na:na]
	at java.base/sun.nio.ch.NioSocketImpl.timedFinishConnect(NioSocketImpl.java:547) ~[na:na]
	at java.base/sun.nio.ch.NioSocketImpl.connect(NioSocketImpl.java:602) ~[na:na]
	at java.base/java.net.SocksSocketImpl.connect(SocksSocketImpl.java:327) ~[na:na]
	at java.base/java.net.Socket.connect(Socket.java:633) ~[na:na]
	at org.apache.hc.client5.http.impl.io.DefaultHttpClientConnectionOperator.connect(DefaultHttpClientConnectionOperator.java:219) ~[httpclient5-5.6.4.jar:5.6.4]
	at org.apache.hc.client5.http.impl.io.PoolingHttpClientConnectionManager.connect(PoolingHttpClientConnectionManager.java:547) ~[httpclient5-5.6.4.jar:5.6.4]
	at org.apache.hc.client5.http.impl.classic.InternalExecRuntime.connectEndpoint(InternalExecRuntime.java:164) ~[httpclient5-5.6.4.jar:5.6.4]
	at org.apache.hc.client5.http.impl.classic.InternalExecRuntime.connectEndpoint(InternalExecRuntime.java:174) ~[httpclient5-5.6.4.jar:5.6.4]
	at org.apache.hc.client5.http.impl.classic.ConnectExec.execute(ConnectExec.java:144) ~[httpclient5-5.6.4.jar:5.6.4]
	at org.apache.hc.client5.http.impl.classic.ExecChainElement.execute(ExecChainElement.java:51) ~[httpclient5-5.6.4.jar:5.6.4]
	at org.apache.hc.client5.http.impl.classic.ProtocolExec.execute(ProtocolExec.java:192) ~[httpclient5-5.6.4.jar:5.6.4]
	at org.apache.hc.client5.http.impl.classic.ExecChainElement.execute(ExecChainElement.java:51) ~[httpclient5-5.6.4.jar:5.6.4]
	at org.apache.hc.client5.http.impl.classic.ContentCompressionExec.execute(ContentCompressionExec.java:138) ~[httpclient5-5.6.4.jar:5.6.4]
	at org.apache.hc.client5.http.impl.classic.ExecChainElement.execute(ExecChainElement.java:51) ~[httpclient5-5.6.4.jar:5.6.4]
	at org.apache.hc.client5.http.impl.classic.HttpRequestRetryExec.execute(HttpRequestRetryExec.java:112) ~[httpclient5-5.6.4.jar:5.6.4]
	at org.apache.hc.client5.http.impl.classic.ExecChainElement.execute(ExecChainElement.java:51) ~[httpclient5-5.6.4.jar:5.6.4]
	at org.apache.hc.client5.http.impl.classic.RedirectExec.execute(RedirectExec.java:110) ~[httpclient5-5.6.4.jar:5.6.4]
	at org.apache.hc.client5.http.impl.classic.ExecChainElement.execute(ExecChainElement.java:51) ~[httpclient5-5.6.4.jar:5.6.4]
	at org.apache.hc.client5.http.impl.classic.InternalHttpClient.doExecute(InternalHttpClient.java:186) ~[httpclient5-5.6.4.jar:5.6.4]
	at org.apache.hc.client5.http.impl.classic.CloseableHttpClient.execute(CloseableHttpClient.java:87) ~[httpclient5-5.6.4.jar:5.6.4]
	at org.apache.hc.client5.http.impl.classic.CloseableHttpClient.execute(CloseableHttpClient.java:55) ~[httpclient5-5.6.4.jar:5.6.4]
	at org.apache.hc.client5.http.classic.HttpClient.executeOpen(HttpClient.java:183) ~[httpclient5-5.6.4.jar:5.6.4]
	at org.springframework.http.client.HttpComponentsClientHttpRequest.executeInternal(HttpComponentsClientHttpRequest.java:99) ~[spring-web-7.0.9.jar:7.0.9]
	at org.springframework.http.client.AbstractStreamingClientHttpRequest.executeInternal(AbstractStreamingClientHttpRequest.java:87) ~[spring-web-7.0.9.jar:7.0.9]
	at org.springframework.http.client.AbstractClientHttpRequest.execute(AbstractClientHttpRequest.java:80) ~[spring-web-7.0.9.jar:7.0.9]
	at org.springframework.http.client.AbstractBufferingClientHttpRequest.executeWithRequestAndBody(AbstractBufferingClientHttpRequest.java:89) ~[spring-web-7.0.9.jar:7.0.9]
	at org.springframework.http.client.InterceptingClientHttpRequest$EndOfChainRequestExecution.execute(InterceptingClientHttpRequest.java:102) ~[spring-web-7.0.9.jar:7.0.9]
	at org.springframework.vault.core.VaultTemplate.lambda$getSessionInterceptor$0(VaultTemplate.java:381) ~[spring-vault-core-4.0.3.jar:4.0.3]
	at org.springframework.http.client.ClientHttpRequestInterceptor.lambda$andThen$1(ClientHttpRequestInterceptor.java:75) ~[spring-web-7.0.9.jar:7.0.9]
	at org.springframework.vault.client.RestTemplateBuilder.lambda$createTemplate$0(RestTemplateBuilder.java:241) ~[spring-vault-core-4.0.3.jar:4.0.3]
	at org.springframework.http.client.ClientHttpRequestInterceptor.lambda$andThen$1(ClientHttpRequestInterceptor.java:75) ~[spring-web-7.0.9.jar:7.0.9]
	at org.springframework.vault.client.VaultClients.lambda$createRestTemplate$0(VaultClients.java:145) ~[spring-vault-core-4.0.3.jar:4.0.3]
	at org.springframework.http.client.ClientHttpRequestInterceptor.lambda$andThen$0(ClientHttpRequestInterceptor.java:76) ~[spring-web-7.0.9.jar:7.0.9]
	at org.springframework.http.client.ClientHttpRequestInterceptor.lambda$andThen$0(ClientHttpRequestInterceptor.java:76) ~[spring-web-7.0.9.jar:7.0.9]
	at org.springframework.http.client.ClientHttpRequestInterceptor.lambda$apply$0(ClientHttpRequestInterceptor.java:89) ~[spring-web-7.0.9.jar:7.0.9]
	at org.springframework.http.client.InterceptingClientHttpRequest.executeInternal(InterceptingClientHttpRequest.java:73) ~[spring-web-7.0.9.jar:7.0.9]
	at org.springframework.http.client.AbstractBufferingClientHttpRequest.executeInternal(AbstractBufferingClientHttpRequest.java:50) ~[spring-web-7.0.9.jar:7.0.9]
	at org.springframework.http.client.AbstractClientHttpRequest.execute(AbstractClientHttpRequest.java:80) ~[spring-web-7.0.9.jar:7.0.9]
	at org.springframework.web.client.DefaultRestClient$DefaultRequestBodyUriSpec.exchangeInternal(DefaultRestClient.java:614) ~[spring-web-7.0.9.jar:7.0.9]
	... 51 common frames omitted

2026-08-23T16:09:08.256-04:00  INFO 24408 --- [analysis-service] [main] o.s.v.c.e.LeaseAwareVaultPropertySource  : Vault location [secret/application] not resolvable: Cannot determine MountInfo for path 'secret/application' using 'sys/internal/ui/mounts'
2026-08-23T16:09:08.616-04:00  INFO 24408 --- [analysis-service] [main] o.s.cloud.context.scope.GenericScope     : BeanFactory id=960d5fa7-2a40-3bdb-b0b3-03ebfb9f6d95
2026-08-23T16:09:08.764-04:00  INFO 24408 --- [analysis-service] [main] o.s.boot.tomcat.TomcatWebServer          : Tomcat initialized with port 8082 (http)
2026-08-23T16:09:08.772-04:00  INFO 24408 --- [analysis-service] [main] o.apache.catalina.core.StandardService   : Starting service [Tomcat]
2026-08-23T16:09:08.773-04:00  INFO 24408 --- [analysis-service] [main] o.apache.catalina.core.StandardEngine    : Starting Servlet engine: [Apache Tomcat/11.0.24]
2026-08-23T16:09:08.810-04:00  INFO 24408 --- [analysis-service] [main] b.w.c.s.WebApplicationContextInitializer : Root WebApplicationContext: initialization completed in 553 ms
2026-08-23T16:09:08.847-04:00  WARN 24408 --- [analysis-service] [main] o.s.core.annotation.MergedAnnotation     : Failed to introspect meta-annotation @AutoConfiguration on class org.springframework.ai.autoconfigure.ollama.OllamaAutoConfiguration: java.lang.TypeNotPresentException: Type org.springframework.boot.autoconfigure.web.client.RestClientAutoConfiguration not present
2026-08-23T16:09:09.291-04:00  INFO 24408 --- [analysis-service] [main] o.s.boot.tomcat.TomcatWebServer          : Tomcat started on port 8082 (http) with context path '/'
2026-08-23T16:09:09.530-04:00  INFO 24408 --- [analysis-service] [main] c.t.a.AnalysisServiceApplication         : Started AnalysisServiceApplication in 2.326 seconds (process running for 2.656)
2026-08-23T16:09:38.470-04:00  INFO 24408 --- [analysis-service] [http-nio-8082-exec-1] o.a.c.c.C.[Tomcat].[localhost].[/]       : Initializing Spring DispatcherServlet 'dispatcherServlet'
2026-08-23T16:09:38.471-04:00  INFO 24408 --- [analysis-service] [http-nio-8082-exec-1] o.s.web.servlet.DispatcherServlet        : Initializing Servlet 'dispatcherServlet'
2026-08-23T16:09:38.471-04:00  INFO 24408 --- [analysis-service] [http-nio-8082-exec-1] o.s.web.servlet.DispatcherServlet        : Completed initialization in 0 ms
2026-08-23T16:09:38.568-04:00 ERROR 24408 --- [analysis-service] [http-nio-8082-exec-1] o.a.c.c.C.[.[.[/].[dispatcherServlet]    : Servlet.service() for servlet [dispatcherServlet] in context with path [] threw exception [Request processing failed: java.lang.IllegalArgumentException: The template string is not valid.] with root cause

java.lang.NullPointerException: Cannot invoke "org.antlr.runtime.CharStream.getSourceName()" because the return value of "org.antlr.runtime.Token.getInputStream()" is null
	at org.stringtemplate.v4.misc.ErrorManager.compileTimeError(ErrorManager.java:90) ~[stringtemplate-4.0.2.jar:na]
	at org.stringtemplate.v4.compiler.Compiler.reportMessageAndThrowSTException(Compiler.java:199) ~[stringtemplate-4.0.2.jar:na]
	at org.stringtemplate.v4.compiler.Compiler.compile(Compiler.java:143) ~[stringtemplate-4.0.2.jar:na]
	at org.stringtemplate.v4.STGroup.compile(STGroup.java:427) ~[stringtemplate-4.0.2.jar:na]
	at org.stringtemplate.v4.ST.<init>(ST.java:142) ~[stringtemplate-4.0.2.jar:na]
	at org.stringtemplate.v4.ST.<init>(ST.java:136) ~[stringtemplate-4.0.2.jar:na]
	at org.springframework.ai.chat.prompt.PromptTemplate.<init>(PromptTemplate.java:79) ~[spring-ai-core-1.0.0-M1.jar:1.0.0-M1]
	at org.springframework.ai.chat.client.ChatClient$ChatClientRequest$CallResponseSpec.doGetChatResponse(ChatClient.java:592) ~[spring-ai-core-1.0.0-M1.jar:1.0.0-M1]
	at org.springframework.ai.chat.client.ChatClient$ChatClientRequest$CallResponseSpec.doGetChatResponse(ChatClient.java:569) ~[spring-ai-core-1.0.0-M1.jar:1.0.0-M1]
	at org.springframework.ai.chat.client.ChatClient$ChatClientRequest$CallResponseSpec.content(ChatClient.java:635) ~[spring-ai-core-1.0.0-M1.jar:1.0.0-M1]
	at com.trading.analysis_service.controller.StrategyController.generateStrategy(StrategyController.java:70) ~[classes/:na]
	at java.base/jdk.internal.reflect.NativeMethodAccessorImpl.invoke0(Native Method) ~[na:na]
	at java.base/jdk.internal.reflect.NativeMethodAccessorImpl.invoke(NativeMethodAccessorImpl.java:77) ~[na:na]
	at java.base/jdk.internal.reflect.DelegatingMethodAccessorImpl.invoke(DelegatingMethodAccessorImpl.java:43) ~[na:na]
	at java.base/java.lang.reflect.Method.invoke(Method.java:569) ~[na:na]
	at org.springframework.web.method.support.InvocableHandlerMethod.doInvoke(InvocableHandlerMethod.java:252) ~[spring-web-7.0.9.jar:7.0.9]
	at org.springframework.web.method.support.InvocableHandlerMethod.invokeForRequest(InvocableHandlerMethod.java:184) ~[spring-web-7.0.9.jar:7.0.9]
	at org.springframework.web.servlet.mvc.method.annotation.ServletInvocableHandlerMethod.invokeAndHandle(ServletInvocableHandlerMethod.java:117) ~[spring-webmvc-7.0.9.jar:7.0.9]
	at org.springframework.web.servlet.mvc.method.annotation.RequestMappingHandlerAdapter.invokeHandlerMethod(RequestMappingHandlerAdapter.java:934) ~[spring-webmvc-7.0.9.jar:7.0.9]
	at org.springframework.web.servlet.mvc.method.annotation.RequestMappingHandlerAdapter.handleInternal(RequestMappingHandlerAdapter.java:853) ~[spring-webmvc-7.0.9.jar:7.0.9]
	at org.springframework.web.servlet.mvc.method.AbstractHandlerMethodAdapter.handle(AbstractHandlerMethodAdapter.java:86) ~[spring-webmvc-7.0.9.jar:7.0.9]
	at org.springframework.web.servlet.DispatcherServlet.doDispatch(DispatcherServlet.java:963) ~[spring-webmvc-7.0.9.jar:7.0.9]
	at org.springframework.web.servlet.DispatcherServlet.doService(DispatcherServlet.java:866) ~[spring-webmvc-7.0.9.jar:7.0.9]
	at org.springframework.web.servlet.FrameworkServlet.processRequest(FrameworkServlet.java:1000) ~[spring-webmvc-7.0.9.jar:7.0.9]
	at org.springframework.web.servlet.FrameworkServlet.doPost(FrameworkServlet.java:903) ~[spring-webmvc-7.0.9.jar:7.0.9]
	at jakarta.servlet.http.HttpServlet.service(HttpServlet.java:649) ~[tomcat-embed-core-11.0.24.jar:6.1]
	at org.springframework.web.servlet.FrameworkServlet.service(FrameworkServlet.java:874) ~[spring-webmvc-7.0.9.jar:7.0.9]
	at jakarta.servlet.http.HttpServlet.service(HttpServlet.java:710) ~[tomcat-embed-core-11.0.24.jar:6.1]
	at org.apache.catalina.core.ApplicationFilterChain.doFilter(ApplicationFilterChain.java:132) ~[tomcat-embed-core-11.0.24.jar:11.0.24]
	at org.apache.tomcat.websocket.server.WsFilter.doFilter(WsFilter.java:59) ~[tomcat-embed-websocket-11.0.24.jar:11.0.24]
	at org.apache.catalina.core.ApplicationFilterChain.doFilter(ApplicationFilterChain.java:111) ~[tomcat-embed-core-11.0.24.jar:11.0.24]
	at org.springframework.web.filter.RequestContextFilter.doFilterInternal(RequestContextFilter.java:100) ~[spring-web-7.0.9.jar:7.0.9]
	at org.springframework.web.filter.OncePerRequestFilter.doFilter(OncePerRequestFilter.java:116) ~[spring-web-7.0.9.jar:7.0.9]
	at org.apache.catalina.core.ApplicationFilterChain.doFilter(ApplicationFilterChain.java:111) ~[tomcat-embed-core-11.0.24.jar:11.0.24]
	at org.springframework.web.filter.FormContentFilter.doFilterInternal(FormContentFilter.java:93) ~[spring-web-7.0.9.jar:7.0.9]
	at org.springframework.web.filter.OncePerRequestFilter.doFilter(OncePerRequestFilter.java:116) ~[spring-web-7.0.9.jar:7.0.9]
	at org.apache.catalina.core.ApplicationFilterChain.doFilter(ApplicationFilterChain.java:111) ~[tomcat-embed-core-11.0.24.jar:11.0.24]
	at org.springframework.web.filter.CharacterEncodingFilter.doFilterInternal(CharacterEncodingFilter.java:199) ~[spring-web-7.0.9.jar:7.0.9]
	at org.springframework.web.filter.OncePerRequestFilter.doFilter(OncePerRequestFilter.java:116) ~[spring-web-7.0.9.jar:7.0.9]
	at org.apache.catalina.core.ApplicationFilterChain.doFilter(ApplicationFilterChain.java:111) ~[tomcat-embed-core-11.0.24.jar:11.0.24]
	at org.apache.catalina.core.StandardWrapperValve.invoke(StandardWrapperValve.java:165) ~[tomcat-embed-core-11.0.24.jar:11.0.24]
	at org.apache.catalina.core.StandardContextValve.invoke(StandardContextValve.java:77) ~[tomcat-embed-core-11.0.24.jar:11.0.24]
	at org.apache.catalina.authenticator.AuthenticatorBase.invoke(AuthenticatorBase.java:535) ~[tomcat-embed-core-11.0.24.jar:11.0.24]
	at org.apache.catalina.core.StandardHostValve.invoke(StandardHostValve.java:115) ~[tomcat-embed-core-11.0.24.jar:11.0.24]
	at org.apache.catalina.valves.ErrorReportValve.invoke(ErrorReportValve.java:86) ~[tomcat-embed-core-11.0.24.jar:11.0.24]
	at org.apache.catalina.core.StandardEngineValve.invoke(StandardEngineValve.java:71) ~[tomcat-embed-core-11.0.24.jar:11.0.24]
	at org.apache.catalina.connector.CoyoteAdapter.service(CoyoteAdapter.java:347) ~[tomcat-embed-core-11.0.24.jar:11.0.24]
	at org.apache.coyote.http11.Http11Processor.service(Http11Processor.java:406) ~[tomcat-embed-core-11.0.24.jar:11.0.24]
	at org.apache.coyote.AbstractProcessorLight.process(AbstractProcessorLight.java:71) ~[tomcat-embed-core-11.0.24.jar:11.0.24]
	at org.apache.coyote.AbstractProtocol$ConnectionHandler.process(AbstractProtocol.java:1307) ~[tomcat-embed-core-11.0.24.jar:11.0.24]
	at org.apache.tomcat.util.net.NioEndpoint$SocketProcessor.doRun(NioEndpoint.java:2036) ~[tomcat-embed-core-11.0.24.jar:11.0.24]
	at org.apache.tomcat.util.net.SocketProcessorBase.run(SocketProcessorBase.java:74) ~[tomcat-embed-core-11.0.24.jar:11.0.24]
	at org.apache.tomcat.util.threads.ThreadPoolExecutor.runWorker(ThreadPoolExecutor.java:949) ~[tomcat-embed-core-11.0.24.jar:11.0.24]
	at org.apache.tomcat.util.threads.ThreadPoolExecutor$Worker.run(ThreadPoolExecutor.java:483) ~[tomcat-embed-core-11.0.24.jar:11.0.24]
	at org.apache.tomcat.util.threads.TaskThread$WrappingRunnable.run(TaskThread.java:74) ~[tomcat-embed-core-11.0.24.jar:11.0.24]
	at java.base/java.lang.Thread.run(Thread.java:840) ~[na:na]

2026-08-23T16:10:15.647-04:00  INFO 12688 --- [analysis-service] [main] c.t.a.AnalysisServiceApplication         : Starting AnalysisServiceApplication using Java 17.0.12 with PID 12688 (C:\Development\TradingApp\analysis-service\target\classes started by mrcsh in C:\Development\TradingApp\analysis-service)
2026-08-23T16:10:15.649-04:00  INFO 12688 --- [analysis-service] [main] c.t.a.AnalysisServiceApplication         : No active profile set, falling back to 1 default profile: "default"
2026-08-23T16:10:15.674-04:00  WARN 12688 --- [analysis-service] [main] LeaseEventPublisher$LoggingErrorListener : [RequestedSecret [path='secret/analysis-service', mode=ROTATE]] Lease [leaseId='null', leaseDuration=PT0S, renewable=false] Cannot determine MountInfo for path 'secret/analysis-service' using 'sys/internal/ui/mounts'

org.springframework.vault.VaultException: Cannot determine MountInfo for path 'secret/analysis-service' using 'sys/internal/ui/mounts'
	at org.springframework.vault.core.util.KeyValueDelegate.getMountInfo(KeyValueDelegate.java:136) ~[spring-vault-core-4.0.3.jar:4.0.3]
	at org.springframework.vault.core.util.KeyValueDelegate.isVersioned(KeyValueDelegate.java:74) ~[spring-vault-core-4.0.3.jar:4.0.3]
	at org.springframework.vault.core.lease.SecretLeaseContainer.doGetSecrets(SecretLeaseContainer.java:664) ~[spring-vault-core-4.0.3.jar:4.0.3]
	at org.springframework.vault.core.lease.SecretLeaseContainer.doStart(SecretLeaseContainer.java:404) ~[spring-vault-core-4.0.3.jar:4.0.3]
	at org.springframework.vault.core.lease.SecretLeaseContainer.start(SecretLeaseContainer.java:394) ~[spring-vault-core-4.0.3.jar:4.0.3]
	at org.springframework.vault.core.lease.SecretLeaseContainer.addRequestedSecret(SecretLeaseContainer.java:362) ~[spring-vault-core-4.0.3.jar:4.0.3]
	at org.springframework.vault.core.env.LeaseAwareVaultPropertySource.loadProperties(LeaseAwareVaultPropertySource.java:179) ~[spring-vault-core-4.0.3.jar:4.0.3]
	at org.springframework.vault.core.env.LeaseAwareVaultPropertySource.<init>(LeaseAwareVaultPropertySource.java:164) ~[spring-vault-core-4.0.3.jar:4.0.3]
	at org.springframework.vault.core.env.LeaseAwareVaultPropertySource.<init>(LeaseAwareVaultPropertySource.java:120) ~[spring-vault-core-4.0.3.jar:4.0.3]
	at org.springframework.cloud.vault.config.VaultConfigDataLoader.createLeasingPropertySource(VaultConfigDataLoader.java:293) ~[spring-cloud-vault-config-5.0.2.jar:5.0.2]
	at org.springframework.cloud.vault.config.VaultConfigDataLoader.lambda$loadConfigData$1(VaultConfigDataLoader.java:166) ~[spring-cloud-vault-config-5.0.2.jar:5.0.2]
	at org.springframework.cloud.vault.config.VaultConfigDataLoader.createConfigData(VaultConfigDataLoader.java:235) ~[spring-cloud-vault-config-5.0.2.jar:5.0.2]
	at org.springframework.cloud.vault.config.VaultConfigDataLoader.loadConfigData(VaultConfigDataLoader.java:166) ~[spring-cloud-vault-config-5.0.2.jar:5.0.2]
	at org.springframework.cloud.vault.config.VaultConfigDataLoader.load(VaultConfigDataLoader.java:143) ~[spring-cloud-vault-config-5.0.2.jar:5.0.2]
	at org.springframework.cloud.vault.config.VaultConfigDataLoader.load(VaultConfigDataLoader.java:96) ~[spring-cloud-vault-config-5.0.2.jar:5.0.2]
	at org.springframework.boot.context.config.ConfigDataLoaders.load(ConfigDataLoaders.java:100) ~[spring-boot-4.1.1.jar:4.1.1]
	at org.springframework.boot.context.config.ConfigDataImporter.load(ConfigDataImporter.java:133) ~[spring-boot-4.1.1.jar:4.1.1]
	at org.springframework.boot.context.config.ConfigDataImporter.resolveAndLoad(ConfigDataImporter.java:88) ~[spring-boot-4.1.1.jar:4.1.1]
	at org.springframework.boot.context.config.ConfigDataEnvironmentContributors.withProcessedImports(ConfigDataEnvironmentContributors.java:130) ~[spring-boot-4.1.1.jar:4.1.1]
	at org.springframework.boot.context.config.ConfigDataEnvironment.processWithProfiles(ConfigDataEnvironment.java:326) ~[spring-boot-4.1.1.jar:4.1.1]
	at org.springframework.boot.context.config.ConfigDataEnvironment.processAndApply(ConfigDataEnvironment.java:245) ~[spring-boot-4.1.1.jar:4.1.1]
	at org.springframework.boot.context.config.ConfigDataEnvironmentPostProcessor.postProcessEnvironment(ConfigDataEnvironmentPostProcessor.java:97) ~[spring-boot-4.1.1.jar:4.1.1]
	at org.springframework.boot.context.config.ConfigDataEnvironmentPostProcessor.postProcessEnvironment(ConfigDataEnvironmentPostProcessor.java:90) ~[spring-boot-4.1.1.jar:4.1.1]
	at org.springframework.boot.support.EnvironmentPostProcessorApplicationListener.onApplicationEnvironmentPreparedEvent(EnvironmentPostProcessorApplicationListener.java:137) ~[spring-boot-4.1.1.jar:4.1.1]
	at org.springframework.boot.support.EnvironmentPostProcessorApplicationListener.onApplicationEvent(EnvironmentPostProcessorApplicationListener.java:120) ~[spring-boot-4.1.1.jar:4.1.1]
	at org.springframework.context.event.SimpleApplicationEventMulticaster.doInvokeListener(SimpleApplicationEventMulticaster.java:180) ~[spring-context-7.0.9.jar:7.0.9]
	at org.springframework.context.event.SimpleApplicationEventMulticaster.invokeListener(SimpleApplicationEventMulticaster.java:173) ~[spring-context-7.0.9.jar:7.0.9]
	at org.springframework.context.event.SimpleApplicationEventMulticaster.multicastEvent(SimpleApplicationEventMulticaster.java:151) ~[spring-context-7.0.9.jar:7.0.9]
	at org.springframework.context.event.SimpleApplicationEventMulticaster.multicastEvent(SimpleApplicationEventMulticaster.java:133) ~[spring-context-7.0.9.jar:7.0.9]
	at org.springframework.boot.context.event.EventPublishingRunListener.multicastInitialEvent(EventPublishingRunListener.java:137) ~[spring-boot-4.1.1.jar:4.1.1]
	at org.springframework.boot.context.event.EventPublishingRunListener.environmentPrepared(EventPublishingRunListener.java:82) ~[spring-boot-4.1.1.jar:4.1.1]
	at org.springframework.boot.SpringApplicationRunListeners.lambda$environmentPrepared$0(SpringApplicationRunListeners.java:66) ~[spring-boot-4.1.1.jar:4.1.1]
	at java.base/java.lang.Iterable.forEach(Iterable.java:75) ~[na:na]
	at org.springframework.boot.SpringApplicationRunListeners.doWithListeners(SpringApplicationRunListeners.java:123) ~[spring-boot-4.1.1.jar:4.1.1]
	at org.springframework.boot.SpringApplicationRunListeners.doWithListeners(SpringApplicationRunListeners.java:117) ~[spring-boot-4.1.1.jar:4.1.1]
	at org.springframework.boot.SpringApplicationRunListeners.environmentPrepared(SpringApplicationRunListeners.java:65) ~[spring-boot-4.1.1.jar:4.1.1]
	at org.springframework.boot.SpringApplication.prepareEnvironment(SpringApplication.java:356) ~[spring-boot-4.1.1.jar:4.1.1]
	at org.springframework.boot.SpringApplication.run(SpringApplication.java:316) ~[spring-boot-4.1.1.jar:4.1.1]
	at org.springframework.boot.SpringApplication.run(SpringApplication.java:1365) ~[spring-boot-4.1.1.jar:4.1.1]
	at org.springframework.boot.SpringApplication.run(SpringApplication.java:1354) ~[spring-boot-4.1.1.jar:4.1.1]
	at com.trading.analysis_service.AnalysisServiceApplication.main(AnalysisServiceApplication.java:10) ~[classes/:na]
Caused by: org.springframework.web.client.ResourceAccessException: I/O error on GET request for "http://127.0.0.1:8200/v1/sys/internal/ui/mounts/secret/analysis-service": Connect to http://127.0.0.1:8200 failed: Connection refused: getsockopt
	at org.springframework.web.client.DefaultRestClient$DefaultRequestBodyUriSpec.createResourceAccessException(DefaultRestClient.java:779) ~[spring-web-7.0.9.jar:7.0.9]
	at org.springframework.web.client.DefaultRestClient$DefaultRequestBodyUriSpec.exchangeInternal(DefaultRestClient.java:624) ~[spring-web-7.0.9.jar:7.0.9]
	at org.springframework.web.client.DefaultRestClient$DefaultRequestBodyUriSpec.exchange(DefaultRestClient.java:572) ~[spring-web-7.0.9.jar:7.0.9]
	at org.springframework.web.client.RestClient$RequestHeadersSpec.exchange(RestClient.java:747) ~[spring-web-7.0.9.jar:7.0.9]
	at org.springframework.web.client.DefaultRestClient$DefaultResponseSpec.executeAndExtract(DefaultRestClient.java:924) ~[spring-web-7.0.9.jar:7.0.9]
	at org.springframework.web.client.DefaultRestClient$DefaultResponseSpec.toEntityInternal(DefaultRestClient.java:870) ~[spring-web-7.0.9.jar:7.0.9]
	at org.springframework.web.client.DefaultRestClient$DefaultResponseSpec.toEntity(DefaultRestClient.java:859) ~[spring-web-7.0.9.jar:7.0.9]
	at org.springframework.vault.core.VaultTemplate.lambda$doRead$0(VaultTemplate.java:577) ~[spring-vault-core-4.0.3.jar:4.0.3]
	at org.springframework.vault.core.VaultTemplate.doWithSessionClient(VaultTemplate.java:567) ~[spring-vault-core-4.0.3.jar:4.0.3]
	at org.springframework.vault.core.VaultTemplate.doRead(VaultTemplate.java:575) ~[spring-vault-core-4.0.3.jar:4.0.3]
	at org.springframework.vault.core.VaultTemplate.read(VaultTemplate.java:471) ~[spring-vault-core-4.0.3.jar:4.0.3]
	at org.springframework.vault.core.util.KeyValueDelegate.doGetMountInfo(KeyValueDelegate.java:112) ~[spring-vault-core-4.0.3.jar:4.0.3]
	at org.springframework.vault.core.util.KeyValueDelegate.getMountInfo(KeyValueDelegate.java:124) ~[spring-vault-core-4.0.3.jar:4.0.3]
	... 40 common frames omitted
Caused by: org.apache.hc.client5.http.HttpHostConnectException: Connect to http://127.0.0.1:8200 failed: Connection refused: getsockopt
	at java.base/sun.nio.ch.Net.pollConnect(Native Method) ~[na:na]
	at java.base/sun.nio.ch.Net.pollConnectNow(Net.java:672) ~[na:na]
	at java.base/sun.nio.ch.NioSocketImpl.timedFinishConnect(NioSocketImpl.java:547) ~[na:na]
	at java.base/sun.nio.ch.NioSocketImpl.connect(NioSocketImpl.java:602) ~[na:na]
	at java.base/java.net.SocksSocketImpl.connect(SocksSocketImpl.java:327) ~[na:na]
	at java.base/java.net.Socket.connect(Socket.java:633) ~[na:na]
	at org.apache.hc.client5.http.impl.io.DefaultHttpClientConnectionOperator.connect(DefaultHttpClientConnectionOperator.java:219) ~[httpclient5-5.6.4.jar:5.6.4]
	at org.apache.hc.client5.http.impl.io.PoolingHttpClientConnectionManager.connect(PoolingHttpClientConnectionManager.java:547) ~[httpclient5-5.6.4.jar:5.6.4]
	at org.apache.hc.client5.http.impl.classic.InternalExecRuntime.connectEndpoint(InternalExecRuntime.java:164) ~[httpclient5-5.6.4.jar:5.6.4]
	at org.apache.hc.client5.http.impl.classic.InternalExecRuntime.connectEndpoint(InternalExecRuntime.java:174) ~[httpclient5-5.6.4.jar:5.6.4]
	at org.apache.hc.client5.http.impl.classic.ConnectExec.execute(ConnectExec.java:144) ~[httpclient5-5.6.4.jar:5.6.4]
	at org.apache.hc.client5.http.impl.classic.ExecChainElement.execute(ExecChainElement.java:51) ~[httpclient5-5.6.4.jar:5.6.4]
	at org.apache.hc.client5.http.impl.classic.ProtocolExec.execute(ProtocolExec.java:192) ~[httpclient5-5.6.4.jar:5.6.4]
	at org.apache.hc.client5.http.impl.classic.ExecChainElement.execute(ExecChainElement.java:51) ~[httpclient5-5.6.4.jar:5.6.4]
	at org.apache.hc.client5.http.impl.classic.ContentCompressionExec.execute(ContentCompressionExec.java:138) ~[httpclient5-5.6.4.jar:5.6.4]
	at org.apache.hc.client5.http.impl.classic.ExecChainElement.execute(ExecChainElement.java:51) ~[httpclient5-5.6.4.jar:5.6.4]
	at org.apache.hc.client5.http.impl.classic.HttpRequestRetryExec.execute(HttpRequestRetryExec.java:112) ~[httpclient5-5.6.4.jar:5.6.4]
	at org.apache.hc.client5.http.impl.classic.ExecChainElement.execute(ExecChainElement.java:51) ~[httpclient5-5.6.4.jar:5.6.4]
	at org.apache.hc.client5.http.impl.classic.RedirectExec.execute(RedirectExec.java:110) ~[httpclient5-5.6.4.jar:5.6.4]
	at org.apache.hc.client5.http.impl.classic.ExecChainElement.execute(ExecChainElement.java:51) ~[httpclient5-5.6.4.jar:5.6.4]
	at org.apache.hc.client5.http.impl.classic.InternalHttpClient.doExecute(InternalHttpClient.java:186) ~[httpclient5-5.6.4.jar:5.6.4]
	at org.apache.hc.client5.http.impl.classic.CloseableHttpClient.execute(CloseableHttpClient.java:87) ~[httpclient5-5.6.4.jar:5.6.4]
	at org.apache.hc.client5.http.impl.classic.CloseableHttpClient.execute(CloseableHttpClient.java:55) ~[httpclient5-5.6.4.jar:5.6.4]
	at org.apache.hc.client5.http.classic.HttpClient.executeOpen(HttpClient.java:183) ~[httpclient5-5.6.4.jar:5.6.4]
	at org.springframework.http.client.HttpComponentsClientHttpRequest.executeInternal(HttpComponentsClientHttpRequest.java:99) ~[spring-web-7.0.9.jar:7.0.9]
	at org.springframework.http.client.AbstractStreamingClientHttpRequest.executeInternal(AbstractStreamingClientHttpRequest.java:87) ~[spring-web-7.0.9.jar:7.0.9]
	at org.springframework.http.client.AbstractClientHttpRequest.execute(AbstractClientHttpRequest.java:80) ~[spring-web-7.0.9.jar:7.0.9]
	at org.springframework.http.client.AbstractBufferingClientHttpRequest.executeWithRequestAndBody(AbstractBufferingClientHttpRequest.java:89) ~[spring-web-7.0.9.jar:7.0.9]
	at org.springframework.http.client.InterceptingClientHttpRequest$EndOfChainRequestExecution.execute(InterceptingClientHttpRequest.java:102) ~[spring-web-7.0.9.jar:7.0.9]
	at org.springframework.vault.core.VaultTemplate.lambda$getSessionInterceptor$0(VaultTemplate.java:381) ~[spring-vault-core-4.0.3.jar:4.0.3]
	at org.springframework.http.client.ClientHttpRequestInterceptor.lambda$andThen$1(ClientHttpRequestInterceptor.java:75) ~[spring-web-7.0.9.jar:7.0.9]
	at org.springframework.vault.client.RestTemplateBuilder.lambda$createTemplate$0(RestTemplateBuilder.java:241) ~[spring-vault-core-4.0.3.jar:4.0.3]
	at org.springframework.http.client.ClientHttpRequestInterceptor.lambda$andThen$1(ClientHttpRequestInterceptor.java:75) ~[spring-web-7.0.9.jar:7.0.9]
	at org.springframework.vault.client.VaultClients.lambda$createRestTemplate$0(VaultClients.java:145) ~[spring-vault-core-4.0.3.jar:4.0.3]
	at org.springframework.http.client.ClientHttpRequestInterceptor.lambda$andThen$0(ClientHttpRequestInterceptor.java:76) ~[spring-web-7.0.9.jar:7.0.9]
	at org.springframework.http.client.ClientHttpRequestInterceptor.lambda$andThen$0(ClientHttpRequestInterceptor.java:76) ~[spring-web-7.0.9.jar:7.0.9]
	at org.springframework.http.client.ClientHttpRequestInterceptor.lambda$apply$0(ClientHttpRequestInterceptor.java:89) ~[spring-web-7.0.9.jar:7.0.9]
	at org.springframework.http.client.InterceptingClientHttpRequest.executeInternal(InterceptingClientHttpRequest.java:73) ~[spring-web-7.0.9.jar:7.0.9]
	at org.springframework.http.client.AbstractBufferingClientHttpRequest.executeInternal(AbstractBufferingClientHttpRequest.java:50) ~[spring-web-7.0.9.jar:7.0.9]
	at org.springframework.http.client.AbstractClientHttpRequest.execute(AbstractClientHttpRequest.java:80) ~[spring-web-7.0.9.jar:7.0.9]
	at org.springframework.web.client.DefaultRestClient$DefaultRequestBodyUriSpec.exchangeInternal(DefaultRestClient.java:614) ~[spring-web-7.0.9.jar:7.0.9]
	... 51 common frames omitted

2026-08-23T16:10:15.677-04:00  INFO 12688 --- [analysis-service] [main] o.s.v.c.e.LeaseAwareVaultPropertySource  : Vault location [secret/analysis-service] not resolvable: Cannot determine MountInfo for path 'secret/analysis-service' using 'sys/internal/ui/mounts'
2026-08-23T16:10:15.677-04:00  WARN 12688 --- [analysis-service] [main] LeaseEventPublisher$LoggingErrorListener : [RequestedSecret [path='secret/application', mode=ROTATE]] Lease [leaseId='null', leaseDuration=PT0S, renewable=false] Cannot determine MountInfo for path 'secret/application' using 'sys/internal/ui/mounts'

org.springframework.vault.VaultException: Cannot determine MountInfo for path 'secret/application' using 'sys/internal/ui/mounts'
	at org.springframework.vault.core.util.KeyValueDelegate.getMountInfo(KeyValueDelegate.java:136) ~[spring-vault-core-4.0.3.jar:4.0.3]
	at org.springframework.vault.core.util.KeyValueDelegate.isVersioned(KeyValueDelegate.java:74) ~[spring-vault-core-4.0.3.jar:4.0.3]
	at org.springframework.vault.core.lease.SecretLeaseContainer.doGetSecrets(SecretLeaseContainer.java:664) ~[spring-vault-core-4.0.3.jar:4.0.3]
	at org.springframework.vault.core.lease.SecretLeaseContainer.doStart(SecretLeaseContainer.java:404) ~[spring-vault-core-4.0.3.jar:4.0.3]
	at org.springframework.vault.core.lease.SecretLeaseContainer.start(SecretLeaseContainer.java:394) ~[spring-vault-core-4.0.3.jar:4.0.3]
	at org.springframework.vault.core.lease.SecretLeaseContainer.addRequestedSecret(SecretLeaseContainer.java:362) ~[spring-vault-core-4.0.3.jar:4.0.3]
	at org.springframework.vault.core.env.LeaseAwareVaultPropertySource.loadProperties(LeaseAwareVaultPropertySource.java:179) ~[spring-vault-core-4.0.3.jar:4.0.3]
	at org.springframework.vault.core.env.LeaseAwareVaultPropertySource.<init>(LeaseAwareVaultPropertySource.java:164) ~[spring-vault-core-4.0.3.jar:4.0.3]
	at org.springframework.vault.core.env.LeaseAwareVaultPropertySource.<init>(LeaseAwareVaultPropertySource.java:120) ~[spring-vault-core-4.0.3.jar:4.0.3]
	at org.springframework.cloud.vault.config.VaultConfigDataLoader.createLeasingPropertySource(VaultConfigDataLoader.java:293) ~[spring-cloud-vault-config-5.0.2.jar:5.0.2]
	at org.springframework.cloud.vault.config.VaultConfigDataLoader.lambda$loadConfigData$1(VaultConfigDataLoader.java:166) ~[spring-cloud-vault-config-5.0.2.jar:5.0.2]
	at org.springframework.cloud.vault.config.VaultConfigDataLoader.createConfigData(VaultConfigDataLoader.java:235) ~[spring-cloud-vault-config-5.0.2.jar:5.0.2]
	at org.springframework.cloud.vault.config.VaultConfigDataLoader.loadConfigData(VaultConfigDataLoader.java:166) ~[spring-cloud-vault-config-5.0.2.jar:5.0.2]
	at org.springframework.cloud.vault.config.VaultConfigDataLoader.load(VaultConfigDataLoader.java:143) ~[spring-cloud-vault-config-5.0.2.jar:5.0.2]
	at org.springframework.cloud.vault.config.VaultConfigDataLoader.load(VaultConfigDataLoader.java:96) ~[spring-cloud-vault-config-5.0.2.jar:5.0.2]
	at org.springframework.boot.context.config.ConfigDataLoaders.load(ConfigDataLoaders.java:100) ~[spring-boot-4.1.1.jar:4.1.1]
	at org.springframework.boot.context.config.ConfigDataImporter.load(ConfigDataImporter.java:133) ~[spring-boot-4.1.1.jar:4.1.1]
	at org.springframework.boot.context.config.ConfigDataImporter.resolveAndLoad(ConfigDataImporter.java:88) ~[spring-boot-4.1.1.jar:4.1.1]
	at org.springframework.boot.context.config.ConfigDataEnvironmentContributors.withProcessedImports(ConfigDataEnvironmentContributors.java:130) ~[spring-boot-4.1.1.jar:4.1.1]
	at org.springframework.boot.context.config.ConfigDataEnvironment.processWithProfiles(ConfigDataEnvironment.java:326) ~[spring-boot-4.1.1.jar:4.1.1]
	at org.springframework.boot.context.config.ConfigDataEnvironment.processAndApply(ConfigDataEnvironment.java:245) ~[spring-boot-4.1.1.jar:4.1.1]
	at org.springframework.boot.context.config.ConfigDataEnvironmentPostProcessor.postProcessEnvironment(ConfigDataEnvironmentPostProcessor.java:97) ~[spring-boot-4.1.1.jar:4.1.1]
	at org.springframework.boot.context.config.ConfigDataEnvironmentPostProcessor.postProcessEnvironment(ConfigDataEnvironmentPostProcessor.java:90) ~[spring-boot-4.1.1.jar:4.1.1]
	at org.springframework.boot.support.EnvironmentPostProcessorApplicationListener.onApplicationEnvironmentPreparedEvent(EnvironmentPostProcessorApplicationListener.java:137) ~[spring-boot-4.1.1.jar:4.1.1]
	at org.springframework.boot.support.EnvironmentPostProcessorApplicationListener.onApplicationEvent(EnvironmentPostProcessorApplicationListener.java:120) ~[spring-boot-4.1.1.jar:4.1.1]
	at org.springframework.context.event.SimpleApplicationEventMulticaster.doInvokeListener(SimpleApplicationEventMulticaster.java:180) ~[spring-context-7.0.9.jar:7.0.9]
	at org.springframework.context.event.SimpleApplicationEventMulticaster.invokeListener(SimpleApplicationEventMulticaster.java:173) ~[spring-context-7.0.9.jar:7.0.9]
	at org.springframework.context.event.SimpleApplicationEventMulticaster.multicastEvent(SimpleApplicationEventMulticaster.java:151) ~[spring-context-7.0.9.jar:7.0.9]
	at org.springframework.context.event.SimpleApplicationEventMulticaster.multicastEvent(SimpleApplicationEventMulticaster.java:133) ~[spring-context-7.0.9.jar:7.0.9]
	at org.springframework.boot.context.event.EventPublishingRunListener.multicastInitialEvent(EventPublishingRunListener.java:137) ~[spring-boot-4.1.1.jar:4.1.1]
	at org.springframework.boot.context.event.EventPublishingRunListener.environmentPrepared(EventPublishingRunListener.java:82) ~[spring-boot-4.1.1.jar:4.1.1]
	at org.springframework.boot.SpringApplicationRunListeners.lambda$environmentPrepared$0(SpringApplicationRunListeners.java:66) ~[spring-boot-4.1.1.jar:4.1.1]
	at java.base/java.lang.Iterable.forEach(Iterable.java:75) ~[na:na]
	at org.springframework.boot.SpringApplicationRunListeners.doWithListeners(SpringApplicationRunListeners.java:123) ~[spring-boot-4.1.1.jar:4.1.1]
	at org.springframework.boot.SpringApplicationRunListeners.doWithListeners(SpringApplicationRunListeners.java:117) ~[spring-boot-4.1.1.jar:4.1.1]
	at org.springframework.boot.SpringApplicationRunListeners.environmentPrepared(SpringApplicationRunListeners.java:65) ~[spring-boot-4.1.1.jar:4.1.1]
	at org.springframework.boot.SpringApplication.prepareEnvironment(SpringApplication.java:356) ~[spring-boot-4.1.1.jar:4.1.1]
	at org.springframework.boot.SpringApplication.run(SpringApplication.java:316) ~[spring-boot-4.1.1.jar:4.1.1]
	at org.springframework.boot.SpringApplication.run(SpringApplication.java:1365) ~[spring-boot-4.1.1.jar:4.1.1]
	at org.springframework.boot.SpringApplication.run(SpringApplication.java:1354) ~[spring-boot-4.1.1.jar:4.1.1]
	at com.trading.analysis_service.AnalysisServiceApplication.main(AnalysisServiceApplication.java:10) ~[classes/:na]
Caused by: org.springframework.web.client.ResourceAccessException: I/O error on GET request for "http://127.0.0.1:8200/v1/sys/internal/ui/mounts/secret/application": Connect to http://127.0.0.1:8200 failed: Connection refused: getsockopt
	at org.springframework.web.client.DefaultRestClient$DefaultRequestBodyUriSpec.createResourceAccessException(DefaultRestClient.java:779) ~[spring-web-7.0.9.jar:7.0.9]
	at org.springframework.web.client.DefaultRestClient$DefaultRequestBodyUriSpec.exchangeInternal(DefaultRestClient.java:624) ~[spring-web-7.0.9.jar:7.0.9]
	at org.springframework.web.client.DefaultRestClient$DefaultRequestBodyUriSpec.exchange(DefaultRestClient.java:572) ~[spring-web-7.0.9.jar:7.0.9]
	at org.springframework.web.client.RestClient$RequestHeadersSpec.exchange(RestClient.java:747) ~[spring-web-7.0.9.jar:7.0.9]
	at org.springframework.web.client.DefaultRestClient$DefaultResponseSpec.executeAndExtract(DefaultRestClient.java:924) ~[spring-web-7.0.9.jar:7.0.9]
	at org.springframework.web.client.DefaultRestClient$DefaultResponseSpec.toEntityInternal(DefaultRestClient.java:870) ~[spring-web-7.0.9.jar:7.0.9]
	at org.springframework.web.client.DefaultRestClient$DefaultResponseSpec.toEntity(DefaultRestClient.java:859) ~[spring-web-7.0.9.jar:7.0.9]
	at org.springframework.vault.core.VaultTemplate.lambda$doRead$0(VaultTemplate.java:577) ~[spring-vault-core-4.0.3.jar:4.0.3]
	at org.springframework.vault.core.VaultTemplate.doWithSessionClient(VaultTemplate.java:567) ~[spring-vault-core-4.0.3.jar:4.0.3]
	at org.springframework.vault.core.VaultTemplate.doRead(VaultTemplate.java:575) ~[spring-vault-core-4.0.3.jar:4.0.3]
	at org.springframework.vault.core.VaultTemplate.read(VaultTemplate.java:471) ~[spring-vault-core-4.0.3.jar:4.0.3]
	at org.springframework.vault.core.util.KeyValueDelegate.doGetMountInfo(KeyValueDelegate.java:112) ~[spring-vault-core-4.0.3.jar:4.0.3]
	at org.springframework.vault.core.util.KeyValueDelegate.getMountInfo(KeyValueDelegate.java:124) ~[spring-vault-core-4.0.3.jar:4.0.3]
	... 40 common frames omitted
Caused by: org.apache.hc.client5.http.HttpHostConnectException: Connect to http://127.0.0.1:8200 failed: Connection refused: getsockopt
	at java.base/sun.nio.ch.Net.pollConnect(Native Method) ~[na:na]
	at java.base/sun.nio.ch.Net.pollConnectNow(Net.java:672) ~[na:na]
	at java.base/sun.nio.ch.NioSocketImpl.timedFinishConnect(NioSocketImpl.java:547) ~[na:na]
	at java.base/sun.nio.ch.NioSocketImpl.connect(NioSocketImpl.java:602) ~[na:na]
	at java.base/java.net.SocksSocketImpl.connect(SocksSocketImpl.java:327) ~[na:na]
	at java.base/java.net.Socket.connect(Socket.java:633) ~[na:na]
	at org.apache.hc.client5.http.impl.io.DefaultHttpClientConnectionOperator.connect(DefaultHttpClientConnectionOperator.java:219) ~[httpclient5-5.6.4.jar:5.6.4]
	at org.apache.hc.client5.http.impl.io.PoolingHttpClientConnectionManager.connect(PoolingHttpClientConnectionManager.java:547) ~[httpclient5-5.6.4.jar:5.6.4]
	at org.apache.hc.client5.http.impl.classic.InternalExecRuntime.connectEndpoint(InternalExecRuntime.java:164) ~[httpclient5-5.6.4.jar:5.6.4]
	at org.apache.hc.client5.http.impl.classic.InternalExecRuntime.connectEndpoint(InternalExecRuntime.java:174) ~[httpclient5-5.6.4.jar:5.6.4]
	at org.apache.hc.client5.http.impl.classic.ConnectExec.execute(ConnectExec.java:144) ~[httpclient5-5.6.4.jar:5.6.4]
	at org.apache.hc.client5.http.impl.classic.ExecChainElement.execute(ExecChainElement.java:51) ~[httpclient5-5.6.4.jar:5.6.4]
	at org.apache.hc.client5.http.impl.classic.ProtocolExec.execute(ProtocolExec.java:192) ~[httpclient5-5.6.4.jar:5.6.4]
	at org.apache.hc.client5.http.impl.classic.ExecChainElement.execute(ExecChainElement.java:51) ~[httpclient5-5.6.4.jar:5.6.4]
	at org.apache.hc.client5.http.impl.classic.ContentCompressionExec.execute(ContentCompressionExec.java:138) ~[httpclient5-5.6.4.jar:5.6.4]
	at org.apache.hc.client5.http.impl.classic.ExecChainElement.execute(ExecChainElement.java:51) ~[httpclient5-5.6.4.jar:5.6.4]
	at org.apache.hc.client5.http.impl.classic.HttpRequestRetryExec.execute(HttpRequestRetryExec.java:112) ~[httpclient5-5.6.4.jar:5.6.4]
	at org.apache.hc.client5.http.impl.classic.ExecChainElement.execute(ExecChainElement.java:51) ~[httpclient5-5.6.4.jar:5.6.4]
	at org.apache.hc.client5.http.impl.classic.RedirectExec.execute(RedirectExec.java:110) ~[httpclient5-5.6.4.jar:5.6.4]
	at org.apache.hc.client5.http.impl.classic.ExecChainElement.execute(ExecChainElement.java:51) ~[httpclient5-5.6.4.jar:5.6.4]
	at org.apache.hc.client5.http.impl.classic.InternalHttpClient.doExecute(InternalHttpClient.java:186) ~[httpclient5-5.6.4.jar:5.6.4]
	at org.apache.hc.client5.http.impl.classic.CloseableHttpClient.execute(CloseableHttpClient.java:87) ~[httpclient5-5.6.4.jar:5.6.4]
	at org.apache.hc.client5.http.impl.classic.CloseableHttpClient.execute(CloseableHttpClient.java:55) ~[httpclient5-5.6.4.jar:5.6.4]
	at org.apache.hc.client5.http.classic.HttpClient.executeOpen(HttpClient.java:183) ~[httpclient5-5.6.4.jar:5.6.4]
	at org.springframework.http.client.HttpComponentsClientHttpRequest.executeInternal(HttpComponentsClientHttpRequest.java:99) ~[spring-web-7.0.9.jar:7.0.9]
	at org.springframework.http.client.AbstractStreamingClientHttpRequest.executeInternal(AbstractStreamingClientHttpRequest.java:87) ~[spring-web-7.0.9.jar:7.0.9]
	at org.springframework.http.client.AbstractClientHttpRequest.execute(AbstractClientHttpRequest.java:80) ~[spring-web-7.0.9.jar:7.0.9]
	at org.springframework.http.client.AbstractBufferingClientHttpRequest.executeWithRequestAndBody(AbstractBufferingClientHttpRequest.java:89) ~[spring-web-7.0.9.jar:7.0.9]
	at org.springframework.http.client.InterceptingClientHttpRequest$EndOfChainRequestExecution.execute(InterceptingClientHttpRequest.java:102) ~[spring-web-7.0.9.jar:7.0.9]
	at org.springframework.vault.core.VaultTemplate.lambda$getSessionInterceptor$0(VaultTemplate.java:381) ~[spring-vault-core-4.0.3.jar:4.0.3]
	at org.springframework.http.client.ClientHttpRequestInterceptor.lambda$andThen$1(ClientHttpRequestInterceptor.java:75) ~[spring-web-7.0.9.jar:7.0.9]
	at org.springframework.vault.client.RestTemplateBuilder.lambda$createTemplate$0(RestTemplateBuilder.java:241) ~[spring-vault-core-4.0.3.jar:4.0.3]
	at org.springframework.http.client.ClientHttpRequestInterceptor.lambda$andThen$1(ClientHttpRequestInterceptor.java:75) ~[spring-web-7.0.9.jar:7.0.9]
	at org.springframework.vault.client.VaultClients.lambda$createRestTemplate$0(VaultClients.java:145) ~[spring-vault-core-4.0.3.jar:4.0.3]
	at org.springframework.http.client.ClientHttpRequestInterceptor.lambda$andThen$0(ClientHttpRequestInterceptor.java:76) ~[spring-web-7.0.9.jar:7.0.9]
	at org.springframework.http.client.ClientHttpRequestInterceptor.lambda$andThen$0(ClientHttpRequestInterceptor.java:76) ~[spring-web-7.0.9.jar:7.0.9]
	at org.springframework.http.client.ClientHttpRequestInterceptor.lambda$apply$0(ClientHttpRequestInterceptor.java:89) ~[spring-web-7.0.9.jar:7.0.9]
	at org.springframework.http.client.InterceptingClientHttpRequest.executeInternal(InterceptingClientHttpRequest.java:73) ~[spring-web-7.0.9.jar:7.0.9]
	at org.springframework.http.client.AbstractBufferingClientHttpRequest.executeInternal(AbstractBufferingClientHttpRequest.java:50) ~[spring-web-7.0.9.jar:7.0.9]
	at org.springframework.http.client.AbstractClientHttpRequest.execute(AbstractClientHttpRequest.java:80) ~[spring-web-7.0.9.jar:7.0.9]
	at org.springframework.web.client.DefaultRestClient$DefaultRequestBodyUriSpec.exchangeInternal(DefaultRestClient.java:614) ~[spring-web-7.0.9.jar:7.0.9]
	... 51 common frames omitted

2026-08-23T16:10:15.678-04:00  INFO 12688 --- [analysis-service] [main] o.s.v.c.e.LeaseAwareVaultPropertySource  : Vault location [secret/application] not resolvable: Cannot determine MountInfo for path 'secret/application' using 'sys/internal/ui/mounts'
2026-08-23T16:10:16.043-04:00  INFO 12688 --- [analysis-service] [main] o.s.cloud.context.scope.GenericScope     : BeanFactory id=960d5fa7-2a40-3bdb-b0b3-03ebfb9f6d95
2026-08-23T16:10:16.195-04:00  INFO 12688 --- [analysis-service] [main] o.s.boot.tomcat.TomcatWebServer          : Tomcat initialized with port 8082 (http)
2026-08-23T16:10:16.203-04:00  INFO 12688 --- [analysis-service] [main] o.apache.catalina.core.StandardService   : Starting service [Tomcat]
2026-08-23T16:10:16.203-04:00  INFO 12688 --- [analysis-service] [main] o.apache.catalina.core.StandardEngine    : Starting Servlet engine: [Apache Tomcat/11.0.24]
2026-08-23T16:10:16.241-04:00  INFO 12688 --- [analysis-service] [main] b.w.c.s.WebApplicationContextInitializer : Root WebApplicationContext: initialization completed in 561 ms
2026-08-23T16:10:16.282-04:00  WARN 12688 --- [analysis-service] [main] o.s.core.annotation.MergedAnnotation     : Failed to introspect meta-annotation @AutoConfiguration on class org.springframework.ai.autoconfigure.ollama.OllamaAutoConfiguration: java.lang.TypeNotPresentException: Type org.springframework.boot.autoconfigure.web.client.RestClientAutoConfiguration not present
2026-08-23T16:10:16.740-04:00  INFO 12688 --- [analysis-service] [main] o.s.boot.tomcat.TomcatWebServer          : Tomcat started on port 8082 (http) with context path '/'
2026-08-23T16:10:16.981-04:00  INFO 12688 --- [analysis-service] [main] c.t.a.AnalysisServiceApplication         : Started AnalysisServiceApplication in 2.362 seconds (process running for 2.696)
2026-08-23T16:10:51.647-04:00  INFO 12688 --- [analysis-service] [http-nio-8082-exec-1] o.a.c.c.C.[Tomcat].[localhost].[/]       : Initializing Spring DispatcherServlet 'dispatcherServlet'
2026-08-23T16:10:51.647-04:00  INFO 12688 --- [analysis-service] [http-nio-8082-exec-1] o.s.web.servlet.DispatcherServlet        : Initializing Servlet 'dispatcherServlet'
2026-08-23T16:10:51.648-04:00  INFO 12688 --- [analysis-service] [http-nio-8082-exec-1] o.s.web.servlet.DispatcherServlet        : Completed initialization in 0 ms
2026-08-23T16:11:52.871-04:00  INFO 23704 --- [analysis-service] [main] c.t.a.AnalysisServiceApplication         : Starting AnalysisServiceApplication using Java 17.0.12 with PID 23704 (C:\Development\TradingApp\analysis-service\target\classes started by mrcsh in C:\Development\TradingApp\analysis-service)
2026-08-23T16:11:52.873-04:00  INFO 23704 --- [analysis-service] [main] c.t.a.AnalysisServiceApplication         : No active profile set, falling back to 1 default profile: "default"
2026-08-23T16:11:52.899-04:00  WARN 23704 --- [analysis-service] [main] LeaseEventPublisher$LoggingErrorListener : [RequestedSecret [path='secret/analysis-service', mode=ROTATE]] Lease [leaseId='null', leaseDuration=PT0S, renewable=false] Cannot determine MountInfo for path 'secret/analysis-service' using 'sys/internal/ui/mounts'

org.springframework.vault.VaultException: Cannot determine MountInfo for path 'secret/analysis-service' using 'sys/internal/ui/mounts'
	at org.springframework.vault.core.util.KeyValueDelegate.getMountInfo(KeyValueDelegate.java:136) ~[spring-vault-core-4.0.3.jar:4.0.3]
	at org.springframework.vault.core.util.KeyValueDelegate.isVersioned(KeyValueDelegate.java:74) ~[spring-vault-core-4.0.3.jar:4.0.3]
	at org.springframework.vault.core.lease.SecretLeaseContainer.doGetSecrets(SecretLeaseContainer.java:664) ~[spring-vault-core-4.0.3.jar:4.0.3]
	at org.springframework.vault.core.lease.SecretLeaseContainer.doStart(SecretLeaseContainer.java:404) ~[spring-vault-core-4.0.3.jar:4.0.3]
	at org.springframework.vault.core.lease.SecretLeaseContainer.start(SecretLeaseContainer.java:394) ~[spring-vault-core-4.0.3.jar:4.0.3]
	at org.springframework.vault.core.lease.SecretLeaseContainer.addRequestedSecret(SecretLeaseContainer.java:362) ~[spring-vault-core-4.0.3.jar:4.0.3]
	at org.springframework.vault.core.env.LeaseAwareVaultPropertySource.loadProperties(LeaseAwareVaultPropertySource.java:179) ~[spring-vault-core-4.0.3.jar:4.0.3]
	at org.springframework.vault.core.env.LeaseAwareVaultPropertySource.<init>(LeaseAwareVaultPropertySource.java:164) ~[spring-vault-core-4.0.3.jar:4.0.3]
	at org.springframework.vault.core.env.LeaseAwareVaultPropertySource.<init>(LeaseAwareVaultPropertySource.java:120) ~[spring-vault-core-4.0.3.jar:4.0.3]
	at org.springframework.cloud.vault.config.VaultConfigDataLoader.createLeasingPropertySource(VaultConfigDataLoader.java:293) ~[spring-cloud-vault-config-5.0.2.jar:5.0.2]
	at org.springframework.cloud.vault.config.VaultConfigDataLoader.lambda$loadConfigData$1(VaultConfigDataLoader.java:166) ~[spring-cloud-vault-config-5.0.2.jar:5.0.2]
	at org.springframework.cloud.vault.config.VaultConfigDataLoader.createConfigData(VaultConfigDataLoader.java:235) ~[spring-cloud-vault-config-5.0.2.jar:5.0.2]
	at org.springframework.cloud.vault.config.VaultConfigDataLoader.loadConfigData(VaultConfigDataLoader.java:166) ~[spring-cloud-vault-config-5.0.2.jar:5.0.2]
	at org.springframework.cloud.vault.config.VaultConfigDataLoader.load(VaultConfigDataLoader.java:143) ~[spring-cloud-vault-config-5.0.2.jar:5.0.2]
	at org.springframework.cloud.vault.config.VaultConfigDataLoader.load(VaultConfigDataLoader.java:96) ~[spring-cloud-vault-config-5.0.2.jar:5.0.2]
	at org.springframework.boot.context.config.ConfigDataLoaders.load(ConfigDataLoaders.java:100) ~[spring-boot-4.1.1.jar:4.1.1]
	at org.springframework.boot.context.config.ConfigDataImporter.load(ConfigDataImporter.java:133) ~[spring-boot-4.1.1.jar:4.1.1]
	at org.springframework.boot.context.config.ConfigDataImporter.resolveAndLoad(ConfigDataImporter.java:88) ~[spring-boot-4.1.1.jar:4.1.1]
	at org.springframework.boot.context.config.ConfigDataEnvironmentContributors.withProcessedImports(ConfigDataEnvironmentContributors.java:130) ~[spring-boot-4.1.1.jar:4.1.1]
	at org.springframework.boot.context.config.ConfigDataEnvironment.processWithProfiles(ConfigDataEnvironment.java:326) ~[spring-boot-4.1.1.jar:4.1.1]
	at org.springframework.boot.context.config.ConfigDataEnvironment.processAndApply(ConfigDataEnvironment.java:245) ~[spring-boot-4.1.1.jar:4.1.1]
	at org.springframework.boot.context.config.ConfigDataEnvironmentPostProcessor.postProcessEnvironment(ConfigDataEnvironmentPostProcessor.java:97) ~[spring-boot-4.1.1.jar:4.1.1]
	at org.springframework.boot.context.config.ConfigDataEnvironmentPostProcessor.postProcessEnvironment(ConfigDataEnvironmentPostProcessor.java:90) ~[spring-boot-4.1.1.jar:4.1.1]
	at org.springframework.boot.support.EnvironmentPostProcessorApplicationListener.onApplicationEnvironmentPreparedEvent(EnvironmentPostProcessorApplicationListener.java:137) ~[spring-boot-4.1.1.jar:4.1.1]
	at org.springframework.boot.support.EnvironmentPostProcessorApplicationListener.onApplicationEvent(EnvironmentPostProcessorApplicationListener.java:120) ~[spring-boot-4.1.1.jar:4.1.1]
	at org.springframework.context.event.SimpleApplicationEventMulticaster.doInvokeListener(SimpleApplicationEventMulticaster.java:180) ~[spring-context-7.0.9.jar:7.0.9]
	at org.springframework.context.event.SimpleApplicationEventMulticaster.invokeListener(SimpleApplicationEventMulticaster.java:173) ~[spring-context-7.0.9.jar:7.0.9]
	at org.springframework.context.event.SimpleApplicationEventMulticaster.multicastEvent(SimpleApplicationEventMulticaster.java:151) ~[spring-context-7.0.9.jar:7.0.9]
	at org.springframework.context.event.SimpleApplicationEventMulticaster.multicastEvent(SimpleApplicationEventMulticaster.java:133) ~[spring-context-7.0.9.jar:7.0.9]
	at org.springframework.boot.context.event.EventPublishingRunListener.multicastInitialEvent(EventPublishingRunListener.java:137) ~[spring-boot-4.1.1.jar:4.1.1]
	at org.springframework.boot.context.event.EventPublishingRunListener.environmentPrepared(EventPublishingRunListener.java:82) ~[spring-boot-4.1.1.jar:4.1.1]
	at org.springframework.boot.SpringApplicationRunListeners.lambda$environmentPrepared$0(SpringApplicationRunListeners.java:66) ~[spring-boot-4.1.1.jar:4.1.1]
	at java.base/java.lang.Iterable.forEach(Iterable.java:75) ~[na:na]
	at org.springframework.boot.SpringApplicationRunListeners.doWithListeners(SpringApplicationRunListeners.java:123) ~[spring-boot-4.1.1.jar:4.1.1]
	at org.springframework.boot.SpringApplicationRunListeners.doWithListeners(SpringApplicationRunListeners.java:117) ~[spring-boot-4.1.1.jar:4.1.1]
	at org.springframework.boot.SpringApplicationRunListeners.environmentPrepared(SpringApplicationRunListeners.java:65) ~[spring-boot-4.1.1.jar:4.1.1]
	at org.springframework.boot.SpringApplication.prepareEnvironment(SpringApplication.java:356) ~[spring-boot-4.1.1.jar:4.1.1]
	at org.springframework.boot.SpringApplication.run(SpringApplication.java:316) ~[spring-boot-4.1.1.jar:4.1.1]
	at org.springframework.boot.SpringApplication.run(SpringApplication.java:1365) ~[spring-boot-4.1.1.jar:4.1.1]
	at org.springframework.boot.SpringApplication.run(SpringApplication.java:1354) ~[spring-boot-4.1.1.jar:4.1.1]
	at com.trading.analysis_service.AnalysisServiceApplication.main(AnalysisServiceApplication.java:10) ~[classes/:na]
Caused by: org.springframework.web.client.ResourceAccessException: I/O error on GET request for "http://127.0.0.1:8200/v1/sys/internal/ui/mounts/secret/analysis-service": Connect to http://127.0.0.1:8200 failed: Connection refused: getsockopt
	at org.springframework.web.client.DefaultRestClient$DefaultRequestBodyUriSpec.createResourceAccessException(DefaultRestClient.java:779) ~[spring-web-7.0.9.jar:7.0.9]
	at org.springframework.web.client.DefaultRestClient$DefaultRequestBodyUriSpec.exchangeInternal(DefaultRestClient.java:624) ~[spring-web-7.0.9.jar:7.0.9]
	at org.springframework.web.client.DefaultRestClient$DefaultRequestBodyUriSpec.exchange(DefaultRestClient.java:572) ~[spring-web-7.0.9.jar:7.0.9]
	at org.springframework.web.client.RestClient$RequestHeadersSpec.exchange(RestClient.java:747) ~[spring-web-7.0.9.jar:7.0.9]
	at org.springframework.web.client.DefaultRestClient$DefaultResponseSpec.executeAndExtract(DefaultRestClient.java:924) ~[spring-web-7.0.9.jar:7.0.9]
	at org.springframework.web.client.DefaultRestClient$DefaultResponseSpec.toEntityInternal(DefaultRestClient.java:870) ~[spring-web-7.0.9.jar:7.0.9]
	at org.springframework.web.client.DefaultRestClient$DefaultResponseSpec.toEntity(DefaultRestClient.java:859) ~[spring-web-7.0.9.jar:7.0.9]
	at org.springframework.vault.core.VaultTemplate.lambda$doRead$0(VaultTemplate.java:577) ~[spring-vault-core-4.0.3.jar:4.0.3]
	at org.springframework.vault.core.VaultTemplate.doWithSessionClient(VaultTemplate.java:567) ~[spring-vault-core-4.0.3.jar:4.0.3]
	at org.springframework.vault.core.VaultTemplate.doRead(VaultTemplate.java:575) ~[spring-vault-core-4.0.3.jar:4.0.3]
	at org.springframework.vault.core.VaultTemplate.read(VaultTemplate.java:471) ~[spring-vault-core-4.0.3.jar:4.0.3]
	at org.springframework.vault.core.util.KeyValueDelegate.doGetMountInfo(KeyValueDelegate.java:112) ~[spring-vault-core-4.0.3.jar:4.0.3]
	at org.springframework.vault.core.util.KeyValueDelegate.getMountInfo(KeyValueDelegate.java:124) ~[spring-vault-core-4.0.3.jar:4.0.3]
	... 40 common frames omitted
Caused by: org.apache.hc.client5.http.HttpHostConnectException: Connect to http://127.0.0.1:8200 failed: Connection refused: getsockopt
	at java.base/sun.nio.ch.Net.pollConnect(Native Method) ~[na:na]
	at java.base/sun.nio.ch.Net.pollConnectNow(Net.java:672) ~[na:na]
	at java.base/sun.nio.ch.NioSocketImpl.timedFinishConnect(NioSocketImpl.java:547) ~[na:na]
	at java.base/sun.nio.ch.NioSocketImpl.connect(NioSocketImpl.java:602) ~[na:na]
	at java.base/java.net.SocksSocketImpl.connect(SocksSocketImpl.java:327) ~[na:na]
	at java.base/java.net.Socket.connect(Socket.java:633) ~[na:na]
	at org.apache.hc.client5.http.impl.io.DefaultHttpClientConnectionOperator.connect(DefaultHttpClientConnectionOperator.java:219) ~[httpclient5-5.6.4.jar:5.6.4]
	at org.apache.hc.client5.http.impl.io.PoolingHttpClientConnectionManager.connect(PoolingHttpClientConnectionManager.java:547) ~[httpclient5-5.6.4.jar:5.6.4]
	at org.apache.hc.client5.http.impl.classic.InternalExecRuntime.connectEndpoint(InternalExecRuntime.java:164) ~[httpclient5-5.6.4.jar:5.6.4]
	at org.apache.hc.client5.http.impl.classic.InternalExecRuntime.connectEndpoint(InternalExecRuntime.java:174) ~[httpclient5-5.6.4.jar:5.6.4]
	at org.apache.hc.client5.http.impl.classic.ConnectExec.execute(ConnectExec.java:144) ~[httpclient5-5.6.4.jar:5.6.4]
	at org.apache.hc.client5.http.impl.classic.ExecChainElement.execute(ExecChainElement.java:51) ~[httpclient5-5.6.4.jar:5.6.4]
	at org.apache.hc.client5.http.impl.classic.ProtocolExec.execute(ProtocolExec.java:192) ~[httpclient5-5.6.4.jar:5.6.4]
	at org.apache.hc.client5.http.impl.classic.ExecChainElement.execute(ExecChainElement.java:51) ~[httpclient5-5.6.4.jar:5.6.4]
	at org.apache.hc.client5.http.impl.classic.ContentCompressionExec.execute(ContentCompressionExec.java:138) ~[httpclient5-5.6.4.jar:5.6.4]
	at org.apache.hc.client5.http.impl.classic.ExecChainElement.execute(ExecChainElement.java:51) ~[httpclient5-5.6.4.jar:5.6.4]
	at org.apache.hc.client5.http.impl.classic.HttpRequestRetryExec.execute(HttpRequestRetryExec.java:112) ~[httpclient5-5.6.4.jar:5.6.4]
	at org.apache.hc.client5.http.impl.classic.ExecChainElement.execute(ExecChainElement.java:51) ~[httpclient5-5.6.4.jar:5.6.4]
	at org.apache.hc.client5.http.impl.classic.RedirectExec.execute(RedirectExec.java:110) ~[httpclient5-5.6.4.jar:5.6.4]
	at org.apache.hc.client5.http.impl.classic.ExecChainElement.execute(ExecChainElement.java:51) ~[httpclient5-5.6.4.jar:5.6.4]
	at org.apache.hc.client5.http.impl.classic.InternalHttpClient.doExecute(InternalHttpClient.java:186) ~[httpclient5-5.6.4.jar:5.6.4]
	at org.apache.hc.client5.http.impl.classic.CloseableHttpClient.execute(CloseableHttpClient.java:87) ~[httpclient5-5.6.4.jar:5.6.4]
	at org.apache.hc.client5.http.impl.classic.CloseableHttpClient.execute(CloseableHttpClient.java:55) ~[httpclient5-5.6.4.jar:5.6.4]
	at org.apache.hc.client5.http.classic.HttpClient.executeOpen(HttpClient.java:183) ~[httpclient5-5.6.4.jar:5.6.4]
	at org.springframework.http.client.HttpComponentsClientHttpRequest.executeInternal(HttpComponentsClientHttpRequest.java:99) ~[spring-web-7.0.9.jar:7.0.9]
	at org.springframework.http.client.AbstractStreamingClientHttpRequest.executeInternal(AbstractStreamingClientHttpRequest.java:87) ~[spring-web-7.0.9.jar:7.0.9]
	at org.springframework.http.client.AbstractClientHttpRequest.execute(AbstractClientHttpRequest.java:80) ~[spring-web-7.0.9.jar:7.0.9]
	at org.springframework.http.client.AbstractBufferingClientHttpRequest.executeWithRequestAndBody(AbstractBufferingClientHttpRequest.java:89) ~[spring-web-7.0.9.jar:7.0.9]
	at org.springframework.http.client.InterceptingClientHttpRequest$EndOfChainRequestExecution.execute(InterceptingClientHttpRequest.java:102) ~[spring-web-7.0.9.jar:7.0.9]
	at org.springframework.vault.core.VaultTemplate.lambda$getSessionInterceptor$0(VaultTemplate.java:381) ~[spring-vault-core-4.0.3.jar:4.0.3]
	at org.springframework.http.client.ClientHttpRequestInterceptor.lambda$andThen$1(ClientHttpRequestInterceptor.java:75) ~[spring-web-7.0.9.jar:7.0.9]
	at org.springframework.vault.client.RestTemplateBuilder.lambda$createTemplate$0(RestTemplateBuilder.java:241) ~[spring-vault-core-4.0.3.jar:4.0.3]
	at org.springframework.http.client.ClientHttpRequestInterceptor.lambda$andThen$1(ClientHttpRequestInterceptor.java:75) ~[spring-web-7.0.9.jar:7.0.9]
	at org.springframework.vault.client.VaultClients.lambda$createRestTemplate$0(VaultClients.java:145) ~[spring-vault-core-4.0.3.jar:4.0.3]
	at org.springframework.http.client.ClientHttpRequestInterceptor.lambda$andThen$0(ClientHttpRequestInterceptor.java:76) ~[spring-web-7.0.9.jar:7.0.9]
	at org.springframework.http.client.ClientHttpRequestInterceptor.lambda$andThen$0(ClientHttpRequestInterceptor.java:76) ~[spring-web-7.0.9.jar:7.0.9]
	at org.springframework.http.client.ClientHttpRequestInterceptor.lambda$apply$0(ClientHttpRequestInterceptor.java:89) ~[spring-web-7.0.9.jar:7.0.9]
	at org.springframework.http.client.InterceptingClientHttpRequest.executeInternal(InterceptingClientHttpRequest.java:73) ~[spring-web-7.0.9.jar:7.0.9]
	at org.springframework.http.client.AbstractBufferingClientHttpRequest.executeInternal(AbstractBufferingClientHttpRequest.java:50) ~[spring-web-7.0.9.jar:7.0.9]
	at org.springframework.http.client.AbstractClientHttpRequest.execute(AbstractClientHttpRequest.java:80) ~[spring-web-7.0.9.jar:7.0.9]
	at org.springframework.web.client.DefaultRestClient$DefaultRequestBodyUriSpec.exchangeInternal(DefaultRestClient.java:614) ~[spring-web-7.0.9.jar:7.0.9]
	... 51 common frames omitted

2026-08-23T16:11:52.902-04:00  INFO 23704 --- [analysis-service] [main] o.s.v.c.e.LeaseAwareVaultPropertySource  : Vault location [secret/analysis-service] not resolvable: Cannot determine MountInfo for path 'secret/analysis-service' using 'sys/internal/ui/mounts'
2026-08-23T16:11:52.903-04:00  WARN 23704 --- [analysis-service] [main] LeaseEventPublisher$LoggingErrorListener : [RequestedSecret [path='secret/application', mode=ROTATE]] Lease [leaseId='null', leaseDuration=PT0S, renewable=false] Cannot determine MountInfo for path 'secret/application' using 'sys/internal/ui/mounts'

org.springframework.vault.VaultException: Cannot determine MountInfo for path 'secret/application' using 'sys/internal/ui/mounts'
	at org.springframework.vault.core.util.KeyValueDelegate.getMountInfo(KeyValueDelegate.java:136) ~[spring-vault-core-4.0.3.jar:4.0.3]
	at org.springframework.vault.core.util.KeyValueDelegate.isVersioned(KeyValueDelegate.java:74) ~[spring-vault-core-4.0.3.jar:4.0.3]
	at org.springframework.vault.core.lease.SecretLeaseContainer.doGetSecrets(SecretLeaseContainer.java:664) ~[spring-vault-core-4.0.3.jar:4.0.3]
	at org.springframework.vault.core.lease.SecretLeaseContainer.doStart(SecretLeaseContainer.java:404) ~[spring-vault-core-4.0.3.jar:4.0.3]
	at org.springframework.vault.core.lease.SecretLeaseContainer.start(SecretLeaseContainer.java:394) ~[spring-vault-core-4.0.3.jar:4.0.3]
	at org.springframework.vault.core.lease.SecretLeaseContainer.addRequestedSecret(SecretLeaseContainer.java:362) ~[spring-vault-core-4.0.3.jar:4.0.3]
	at org.springframework.vault.core.env.LeaseAwareVaultPropertySource.loadProperties(LeaseAwareVaultPropertySource.java:179) ~[spring-vault-core-4.0.3.jar:4.0.3]
	at org.springframework.vault.core.env.LeaseAwareVaultPropertySource.<init>(LeaseAwareVaultPropertySource.java:164) ~[spring-vault-core-4.0.3.jar:4.0.3]
	at org.springframework.vault.core.env.LeaseAwareVaultPropertySource.<init>(LeaseAwareVaultPropertySource.java:120) ~[spring-vault-core-4.0.3.jar:4.0.3]
	at org.springframework.cloud.vault.config.VaultConfigDataLoader.createLeasingPropertySource(VaultConfigDataLoader.java:293) ~[spring-cloud-vault-config-5.0.2.jar:5.0.2]
	at org.springframework.cloud.vault.config.VaultConfigDataLoader.lambda$loadConfigData$1(VaultConfigDataLoader.java:166) ~[spring-cloud-vault-config-5.0.2.jar:5.0.2]
	at org.springframework.cloud.vault.config.VaultConfigDataLoader.createConfigData(VaultConfigDataLoader.java:235) ~[spring-cloud-vault-config-5.0.2.jar:5.0.2]
	at org.springframework.cloud.vault.config.VaultConfigDataLoader.loadConfigData(VaultConfigDataLoader.java:166) ~[spring-cloud-vault-config-5.0.2.jar:5.0.2]
	at org.springframework.cloud.vault.config.VaultConfigDataLoader.load(VaultConfigDataLoader.java:143) ~[spring-cloud-vault-config-5.0.2.jar:5.0.2]
	at org.springframework.cloud.vault.config.VaultConfigDataLoader.load(VaultConfigDataLoader.java:96) ~[spring-cloud-vault-config-5.0.2.jar:5.0.2]
	at org.springframework.boot.context.config.ConfigDataLoaders.load(ConfigDataLoaders.java:100) ~[spring-boot-4.1.1.jar:4.1.1]
	at org.springframework.boot.context.config.ConfigDataImporter.load(ConfigDataImporter.java:133) ~[spring-boot-4.1.1.jar:4.1.1]
	at org.springframework.boot.context.config.ConfigDataImporter.resolveAndLoad(ConfigDataImporter.java:88) ~[spring-boot-4.1.1.jar:4.1.1]
	at org.springframework.boot.context.config.ConfigDataEnvironmentContributors.withProcessedImports(ConfigDataEnvironmentContributors.java:130) ~[spring-boot-4.1.1.jar:4.1.1]
	at org.springframework.boot.context.config.ConfigDataEnvironment.processWithProfiles(ConfigDataEnvironment.java:326) ~[spring-boot-4.1.1.jar:4.1.1]
	at org.springframework.boot.context.config.ConfigDataEnvironment.processAndApply(ConfigDataEnvironment.java:245) ~[spring-boot-4.1.1.jar:4.1.1]
	at org.springframework.boot.context.config.ConfigDataEnvironmentPostProcessor.postProcessEnvironment(ConfigDataEnvironmentPostProcessor.java:97) ~[spring-boot-4.1.1.jar:4.1.1]
	at org.springframework.boot.context.config.ConfigDataEnvironmentPostProcessor.postProcessEnvironment(ConfigDataEnvironmentPostProcessor.java:90) ~[spring-boot-4.1.1.jar:4.1.1]
	at org.springframework.boot.support.EnvironmentPostProcessorApplicationListener.onApplicationEnvironmentPreparedEvent(EnvironmentPostProcessorApplicationListener.java:137) ~[spring-boot-4.1.1.jar:4.1.1]
	at org.springframework.boot.support.EnvironmentPostProcessorApplicationListener.onApplicationEvent(EnvironmentPostProcessorApplicationListener.java:120) ~[spring-boot-4.1.1.jar:4.1.1]
	at org.springframework.context.event.SimpleApplicationEventMulticaster.doInvokeListener(SimpleApplicationEventMulticaster.java:180) ~[spring-context-7.0.9.jar:7.0.9]
	at org.springframework.context.event.SimpleApplicationEventMulticaster.invokeListener(SimpleApplicationEventMulticaster.java:173) ~[spring-context-7.0.9.jar:7.0.9]
	at org.springframework.context.event.SimpleApplicationEventMulticaster.multicastEvent(SimpleApplicationEventMulticaster.java:151) ~[spring-context-7.0.9.jar:7.0.9]
	at org.springframework.context.event.SimpleApplicationEventMulticaster.multicastEvent(SimpleApplicationEventMulticaster.java:133) ~[spring-context-7.0.9.jar:7.0.9]
	at org.springframework.boot.context.event.EventPublishingRunListener.multicastInitialEvent(EventPublishingRunListener.java:137) ~[spring-boot-4.1.1.jar:4.1.1]
	at org.springframework.boot.context.event.EventPublishingRunListener.environmentPrepared(EventPublishingRunListener.java:82) ~[spring-boot-4.1.1.jar:4.1.1]
	at org.springframework.boot.SpringApplicationRunListeners.lambda$environmentPrepared$0(SpringApplicationRunListeners.java:66) ~[spring-boot-4.1.1.jar:4.1.1]
	at java.base/java.lang.Iterable.forEach(Iterable.java:75) ~[na:na]
	at org.springframework.boot.SpringApplicationRunListeners.doWithListeners(SpringApplicationRunListeners.java:123) ~[spring-boot-4.1.1.jar:4.1.1]
	at org.springframework.boot.SpringApplicationRunListeners.doWithListeners(SpringApplicationRunListeners.java:117) ~[spring-boot-4.1.1.jar:4.1.1]
	at org.springframework.boot.SpringApplicationRunListeners.environmentPrepared(SpringApplicationRunListeners.java:65) ~[spring-boot-4.1.1.jar:4.1.1]
	at org.springframework.boot.SpringApplication.prepareEnvironment(SpringApplication.java:356) ~[spring-boot-4.1.1.jar:4.1.1]
	at org.springframework.boot.SpringApplication.run(SpringApplication.java:316) ~[spring-boot-4.1.1.jar:4.1.1]
	at org.springframework.boot.SpringApplication.run(SpringApplication.java:1365) ~[spring-boot-4.1.1.jar:4.1.1]
	at org.springframework.boot.SpringApplication.run(SpringApplication.java:1354) ~[spring-boot-4.1.1.jar:4.1.1]
	at com.trading.analysis_service.AnalysisServiceApplication.main(AnalysisServiceApplication.java:10) ~[classes/:na]
Caused by: org.springframework.web.client.ResourceAccessException: I/O error on GET request for "http://127.0.0.1:8200/v1/sys/internal/ui/mounts/secret/application": Connect to http://127.0.0.1:8200 failed: Connection refused: getsockopt
	at org.springframework.web.client.DefaultRestClient$DefaultRequestBodyUriSpec.createResourceAccessException(DefaultRestClient.java:779) ~[spring-web-7.0.9.jar:7.0.9]
	at org.springframework.web.client.DefaultRestClient$DefaultRequestBodyUriSpec.exchangeInternal(DefaultRestClient.java:624) ~[spring-web-7.0.9.jar:7.0.9]
	at org.springframework.web.client.DefaultRestClient$DefaultRequestBodyUriSpec.exchange(DefaultRestClient.java:572) ~[spring-web-7.0.9.jar:7.0.9]
	at org.springframework.web.client.RestClient$RequestHeadersSpec.exchange(RestClient.java:747) ~[spring-web-7.0.9.jar:7.0.9]
	at org.springframework.web.client.DefaultRestClient$DefaultResponseSpec.executeAndExtract(DefaultRestClient.java:924) ~[spring-web-7.0.9.jar:7.0.9]
	at org.springframework.web.client.DefaultRestClient$DefaultResponseSpec.toEntityInternal(DefaultRestClient.java:870) ~[spring-web-7.0.9.jar:7.0.9]
	at org.springframework.web.client.DefaultRestClient$DefaultResponseSpec.toEntity(DefaultRestClient.java:859) ~[spring-web-7.0.9.jar:7.0.9]
	at org.springframework.vault.core.VaultTemplate.lambda$doRead$0(VaultTemplate.java:577) ~[spring-vault-core-4.0.3.jar:4.0.3]
	at org.springframework.vault.core.VaultTemplate.doWithSessionClient(VaultTemplate.java:567) ~[spring-vault-core-4.0.3.jar:4.0.3]
	at org.springframework.vault.core.VaultTemplate.doRead(VaultTemplate.java:575) ~[spring-vault-core-4.0.3.jar:4.0.3]
	at org.springframework.vault.core.VaultTemplate.read(VaultTemplate.java:471) ~[spring-vault-core-4.0.3.jar:4.0.3]
	at org.springframework.vault.core.util.KeyValueDelegate.doGetMountInfo(KeyValueDelegate.java:112) ~[spring-vault-core-4.0.3.jar:4.0.3]
	at org.springframework.vault.core.util.KeyValueDelegate.getMountInfo(KeyValueDelegate.java:124) ~[spring-vault-core-4.0.3.jar:4.0.3]
	... 40 common frames omitted
Caused by: org.apache.hc.client5.http.HttpHostConnectException: Connect to http://127.0.0.1:8200 failed: Connection refused: getsockopt
	at java.base/sun.nio.ch.Net.pollConnect(Native Method) ~[na:na]
	at java.base/sun.nio.ch.Net.pollConnectNow(Net.java:672) ~[na:na]
	at java.base/sun.nio.ch.NioSocketImpl.timedFinishConnect(NioSocketImpl.java:547) ~[na:na]
	at java.base/sun.nio.ch.NioSocketImpl.connect(NioSocketImpl.java:602) ~[na:na]
	at java.base/java.net.SocksSocketImpl.connect(SocksSocketImpl.java:327) ~[na:na]
	at java.base/java.net.Socket.connect(Socket.java:633) ~[na:na]
	at org.apache.hc.client5.http.impl.io.DefaultHttpClientConnectionOperator.connect(DefaultHttpClientConnectionOperator.java:219) ~[httpclient5-5.6.4.jar:5.6.4]
	at org.apache.hc.client5.http.impl.io.PoolingHttpClientConnectionManager.connect(PoolingHttpClientConnectionManager.java:547) ~[httpclient5-5.6.4.jar:5.6.4]
	at org.apache.hc.client5.http.impl.classic.InternalExecRuntime.connectEndpoint(InternalExecRuntime.java:164) ~[httpclient5-5.6.4.jar:5.6.4]
	at org.apache.hc.client5.http.impl.classic.InternalExecRuntime.connectEndpoint(InternalExecRuntime.java:174) ~[httpclient5-5.6.4.jar:5.6.4]
	at org.apache.hc.client5.http.impl.classic.ConnectExec.execute(ConnectExec.java:144) ~[httpclient5-5.6.4.jar:5.6.4]
	at org.apache.hc.client5.http.impl.classic.ExecChainElement.execute(ExecChainElement.java:51) ~[httpclient5-5.6.4.jar:5.6.4]
	at org.apache.hc.client5.http.impl.classic.ProtocolExec.execute(ProtocolExec.java:192) ~[httpclient5-5.6.4.jar:5.6.4]
	at org.apache.hc.client5.http.impl.classic.ExecChainElement.execute(ExecChainElement.java:51) ~[httpclient5-5.6.4.jar:5.6.4]
	at org.apache.hc.client5.http.impl.classic.ContentCompressionExec.execute(ContentCompressionExec.java:138) ~[httpclient5-5.6.4.jar:5.6.4]
	at org.apache.hc.client5.http.impl.classic.ExecChainElement.execute(ExecChainElement.java:51) ~[httpclient5-5.6.4.jar:5.6.4]
	at org.apache.hc.client5.http.impl.classic.HttpRequestRetryExec.execute(HttpRequestRetryExec.java:112) ~[httpclient5-5.6.4.jar:5.6.4]
	at org.apache.hc.client5.http.impl.classic.ExecChainElement.execute(ExecChainElement.java:51) ~[httpclient5-5.6.4.jar:5.6.4]
	at org.apache.hc.client5.http.impl.classic.RedirectExec.execute(RedirectExec.java:110) ~[httpclient5-5.6.4.jar:5.6.4]
	at org.apache.hc.client5.http.impl.classic.ExecChainElement.execute(ExecChainElement.java:51) ~[httpclient5-5.6.4.jar:5.6.4]
	at org.apache.hc.client5.http.impl.classic.InternalHttpClient.doExecute(InternalHttpClient.java:186) ~[httpclient5-5.6.4.jar:5.6.4]
	at org.apache.hc.client5.http.impl.classic.CloseableHttpClient.execute(CloseableHttpClient.java:87) ~[httpclient5-5.6.4.jar:5.6.4]
	at org.apache.hc.client5.http.impl.classic.CloseableHttpClient.execute(CloseableHttpClient.java:55) ~[httpclient5-5.6.4.jar:5.6.4]
	at org.apache.hc.client5.http.classic.HttpClient.executeOpen(HttpClient.java:183) ~[httpclient5-5.6.4.jar:5.6.4]
	at org.springframework.http.client.HttpComponentsClientHttpRequest.executeInternal(HttpComponentsClientHttpRequest.java:99) ~[spring-web-7.0.9.jar:7.0.9]
	at org.springframework.http.client.AbstractStreamingClientHttpRequest.executeInternal(AbstractStreamingClientHttpRequest.java:87) ~[spring-web-7.0.9.jar:7.0.9]
	at org.springframework.http.client.AbstractClientHttpRequest.execute(AbstractClientHttpRequest.java:80) ~[spring-web-7.0.9.jar:7.0.9]
	at org.springframework.http.client.AbstractBufferingClientHttpRequest.executeWithRequestAndBody(AbstractBufferingClientHttpRequest.java:89) ~[spring-web-7.0.9.jar:7.0.9]
	at org.springframework.http.client.InterceptingClientHttpRequest$EndOfChainRequestExecution.execute(InterceptingClientHttpRequest.java:102) ~[spring-web-7.0.9.jar:7.0.9]
	at org.springframework.vault.core.VaultTemplate.lambda$getSessionInterceptor$0(VaultTemplate.java:381) ~[spring-vault-core-4.0.3.jar:4.0.3]
	at org.springframework.http.client.ClientHttpRequestInterceptor.lambda$andThen$1(ClientHttpRequestInterceptor.java:75) ~[spring-web-7.0.9.jar:7.0.9]
	at org.springframework.vault.client.RestTemplateBuilder.lambda$createTemplate$0(RestTemplateBuilder.java:241) ~[spring-vault-core-4.0.3.jar:4.0.3]
	at org.springframework.http.client.ClientHttpRequestInterceptor.lambda$andThen$1(ClientHttpRequestInterceptor.java:75) ~[spring-web-7.0.9.jar:7.0.9]
	at org.springframework.vault.client.VaultClients.lambda$createRestTemplate$0(VaultClients.java:145) ~[spring-vault-core-4.0.3.jar:4.0.3]
	at org.springframework.http.client.ClientHttpRequestInterceptor.lambda$andThen$0(ClientHttpRequestInterceptor.java:76) ~[spring-web-7.0.9.jar:7.0.9]
	at org.springframework.http.client.ClientHttpRequestInterceptor.lambda$andThen$0(ClientHttpRequestInterceptor.java:76) ~[spring-web-7.0.9.jar:7.0.9]
	at org.springframework.http.client.ClientHttpRequestInterceptor.lambda$apply$0(ClientHttpRequestInterceptor.java:89) ~[spring-web-7.0.9.jar:7.0.9]
	at org.springframework.http.client.InterceptingClientHttpRequest.executeInternal(InterceptingClientHttpRequest.java:73) ~[spring-web-7.0.9.jar:7.0.9]
	at org.springframework.http.client.AbstractBufferingClientHttpRequest.executeInternal(AbstractBufferingClientHttpRequest.java:50) ~[spring-web-7.0.9.jar:7.0.9]
	at org.springframework.http.client.AbstractClientHttpRequest.execute(AbstractClientHttpRequest.java:80) ~[spring-web-7.0.9.jar:7.0.9]
	at org.springframework.web.client.DefaultRestClient$DefaultRequestBodyUriSpec.exchangeInternal(DefaultRestClient.java:614) ~[spring-web-7.0.9.jar:7.0.9]
	... 51 common frames omitted

2026-08-23T16:11:52.904-04:00  INFO 23704 --- [analysis-service] [main] o.s.v.c.e.LeaseAwareVaultPropertySource  : Vault location [secret/application] not resolvable: Cannot determine MountInfo for path 'secret/application' using 'sys/internal/ui/mounts'
2026-08-23T16:11:53.267-04:00  INFO 23704 --- [analysis-service] [main] o.s.cloud.context.scope.GenericScope     : BeanFactory id=960d5fa7-2a40-3bdb-b0b3-03ebfb9f6d95
2026-08-23T16:11:53.419-04:00  INFO 23704 --- [analysis-service] [main] o.s.boot.tomcat.TomcatWebServer          : Tomcat initialized with port 8082 (http)
2026-08-23T16:11:53.427-04:00  INFO 23704 --- [analysis-service] [main] o.apache.catalina.core.StandardService   : Starting service [Tomcat]
2026-08-23T16:11:53.427-04:00  INFO 23704 --- [analysis-service] [main] o.apache.catalina.core.StandardEngine    : Starting Servlet engine: [Apache Tomcat/11.0.24]
2026-08-23T16:11:53.464-04:00  INFO 23704 --- [analysis-service] [main] b.w.c.s.WebApplicationContextInitializer : Root WebApplicationContext: initialization completed in 559 ms
2026-08-23T16:11:53.501-04:00  WARN 23704 --- [analysis-service] [main] o.s.core.annotation.MergedAnnotation     : Failed to introspect meta-annotation @AutoConfiguration on class org.springframework.ai.autoconfigure.ollama.OllamaAutoConfiguration: java.lang.TypeNotPresentException: Type org.springframework.boot.autoconfigure.web.client.RestClientAutoConfiguration not present
2026-08-23T16:11:53.955-04:00  INFO 23704 --- [analysis-service] [main] o.s.boot.tomcat.TomcatWebServer          : Tomcat started on port 8082 (http) with context path '/'
2026-08-23T16:11:54.213-04:00  INFO 23704 --- [analysis-service] [main] c.t.a.AnalysisServiceApplication         : Started AnalysisServiceApplication in 2.363 seconds (process running for 2.69)
2026-08-23T16:12:23.919-04:00  INFO 23704 --- [analysis-service] [http-nio-8082-exec-1] o.a.c.c.C.[Tomcat].[localhost].[/]       : Initializing Spring DispatcherServlet 'dispatcherServlet'
2026-08-23T16:12:23.919-04:00  INFO 23704 --- [analysis-service] [http-nio-8082-exec-1] o.s.web.servlet.DispatcherServlet        : Initializing Servlet 'dispatcherServlet'
2026-08-23T16:12:23.920-04:00  INFO 23704 --- [analysis-service] [http-nio-8082-exec-1] o.s.web.servlet.DispatcherServlet        : Completed initialization in 1 ms
